solid exported
	facet normal -1 0 0
		outer loop
			vertex -0.038100000470876694 0.04762500151991844 0.003000000026077032
			vertex -0.038100000470876694 0.04762500151991844 0
			vertex -0.038100000470876694 -0.04762500151991844 0
		endloop
	endfacet
	facet normal -1 0 0
		outer loop
			vertex -0.038100000470876694 0.04762500151991844 0.003000000026077032
			vertex -0.038100000470876694 -0.04762500151991844 0
			vertex -0.038100000470876694 -0.04762500151991844 0.003000000026077032
		endloop
	endfacet
	facet normal 0 -1 0
		outer loop
			vertex 0.038100000470876694 -0.04762500151991844 0.003000000026077032
			vertex -0.038100000470876694 -0.04762500151991844 0.003000000026077032
			vertex -0.038100000470876694 -0.04762500151991844 0
		endloop
	endfacet
	facet normal 0 -1 0
		outer loop
			vertex 0.038100000470876694 -0.04762500151991844 0.003000000026077032
			vertex -0.038100000470876694 -0.04762500151991844 0
			vertex 0.038100000470876694 -0.04762500151991844 0
		endloop
	endfacet
	facet normal 1 0 0
		outer loop
			vertex 0.038100000470876694 0.04762500151991844 0.003000000026077032
			vertex 0.038100000470876694 -0.04762500151991844 0.003000000026077032
			vertex 0.038100000470876694 -0.04762500151991844 0
		endloop
	endfacet
	facet normal 1 0 0
		outer loop
			vertex 0.038100000470876694 0.04762500151991844 0.003000000026077032
			vertex 0.038100000470876694 -0.04762500151991844 0
			vertex 0.038100000470876694 0.04762500151991844 0
		endloop
	endfacet
	facet normal 0.9937120804115199 -0.11196562527940855 0
		outer loop
			vertex 0.0025375359691679478 -0.03148873895406723 0
			vertex 0.002524999901652336 -0.031599998474121094 0.003000000026077032
			vertex 0.002524999901652336 -0.031599998474121094 0
		endloop
	endfacet
	facet normal 0.9937120804115199 -0.11196562527940855 0
		outer loop
			vertex 0.0025375359691679478 -0.03148873895406723 0
			vertex 0.0025375359691679478 -0.03148873895406723 0.003000000026077032
			vertex 0.002524999901652336 -0.031599998474121094 0.003000000026077032
		endloop
	endfacet
	facet normal 0.9438809188579648 -0.3302859534037805 0
		outer loop
			vertex 0.0025745155289769173 -0.03138305991888046 0
			vertex 0.0025745155289769173 -0.03138305991888046 0.003000000026077032
			vertex 0.0025375359691679478 -0.03148873895406723 0.003000000026077032
		endloop
	endfacet
	facet normal 0.9438809188579648 -0.3302859534037805 0
		outer loop
			vertex 0.0025745155289769173 -0.03138305991888046 0
			vertex 0.0025375359691679478 -0.03148873895406723 0.003000000026077032
			vertex 0.0025375359691679478 -0.03148873895406723 0
		endloop
	endfacet
	facet normal 0.8467285687921327 -0.5320251223309166 0
		outer loop
			vertex 0.002634084317833185 -0.031288255006074905 0
			vertex 0.002634084317833185 -0.031288255006074905 0.003000000026077032
			vertex 0.0025745155289769173 -0.03138305991888046 0.003000000026077032
		endloop
	endfacet
	facet normal 0.8467285687921327 -0.5320251223309166 0
		outer loop
			vertex 0.002634084317833185 -0.031288255006074905 0
			vertex 0.0025745155289769173 -0.03138305991888046 0.003000000026077032
			vertex 0.0025745155289769173 -0.03138305991888046 0
		endloop
	endfacet
	facet normal 0.707102622138566 -0.7071109402100667 0
		outer loop
			vertex 0.0027132551185786724 -0.031209085136651993 0
			vertex 0.0027132551185786724 -0.031209085136651993 0.003000000026077032
			vertex 0.002634084317833185 -0.031288255006074905 0.003000000026077032
		endloop
	endfacet
	facet normal 0.707102622138566 -0.7071109402100667 0
		outer loop
			vertex 0.0027132551185786724 -0.031209085136651993 0
			vertex 0.002634084317833185 -0.031288255006074905 0.003000000026077032
			vertex 0.002634084317833185 -0.031288255006074905 0
		endloop
	endfacet
	facet normal 0.5320355982757113 -0.84672198634936 0
		outer loop
			vertex 0.0028080581687390804 -0.031149515882134438 0
			vertex 0.0028080581687390804 -0.031149515882134438 0.003000000026077032
			vertex 0.0027132551185786724 -0.031209085136651993 0.003000000026077032
		endloop
	endfacet
	facet normal 0.5320355982757113 -0.84672198634936 0
		outer loop
			vertex 0.0028080581687390804 -0.031149515882134438 0
			vertex 0.0027132551185786724 -0.031209085136651993 0.003000000026077032
			vertex 0.0027132551185786724 -0.031209085136651993 0
		endloop
	endfacet
	facet normal 0.33027576519220553 -0.9438844838891585 0
		outer loop
			vertex 0.0029137395322322845 -0.031112536787986755 0
			vertex 0.0029137395322322845 -0.031112536787986755 0.003000000026077032
			vertex 0.0028080581687390804 -0.031149515882134438 0.003000000026077032
		endloop
	endfacet
	facet normal 0.33027576519220553 -0.9438844838891585 0
		outer loop
			vertex 0.0029137395322322845 -0.031112536787986755 0
			vertex 0.0028080581687390804 -0.031149515882134438 0.003000000026077032
			vertex 0.0028080581687390804 -0.031149515882134438 0
		endloop
	endfacet
	facet normal 0.11197702039329727 -0.9937107964110279 0
		outer loop
			vertex 0.0030249999836087227 -0.031099999323487282 0
			vertex 0.0030249999836087227 -0.031099999323487282 0.003000000026077032
			vertex 0.0029137395322322845 -0.031112536787986755 0.003000000026077032
		endloop
	endfacet
	facet normal 0.11197702039329727 -0.9937107964110279 0
		outer loop
			vertex 0.0030249999836087227 -0.031099999323487282 0
			vertex 0.0029137395322322845 -0.031112536787986755 0.003000000026077032
			vertex 0.0029137395322322845 -0.031112536787986755 0
		endloop
	endfacet
	facet normal 0 -1 0
		outer loop
			vertex 0.01602499932050705 -0.031099999323487282 0.003000000026077032
			vertex 0.0030249999836087227 -0.031099999323487282 0.003000000026077032
			vertex 0.0030249999836087227 -0.031099999323487282 0
		endloop
	endfacet
	facet normal 0 -1 0
		outer loop
			vertex 0.01602499932050705 -0.031099999323487282 0.003000000026077032
			vertex 0.0030249999836087227 -0.031099999323487282 0
			vertex 0.01602499932050705 -0.031099999323487282 0
		endloop
	endfacet
	facet normal -0.1119760948331011 -0.9937109007080119 0
		outer loop
			vertex 0.016136260703206062 -0.031112536787986755 0
			vertex 0.01602499932050705 -0.031099999323487282 0.003000000026077032
			vertex 0.01602499932050705 -0.031099999323487282 0
		endloop
	endfacet
	facet normal -0.1119760948331011 -0.9937109007080119 0
		outer loop
			vertex 0.016136260703206062 -0.031112536787986755 0
			vertex 0.016136260703206062 -0.031112536787986755 0.003000000026077032
			vertex 0.01602499932050705 -0.031099999323487282 0.003000000026077032
		endloop
	endfacet
	facet normal -0.33027706173760474 -0.943884030212385 0
		outer loop
			vertex 0.01624194160103798 -0.031149515882134438 0
			vertex 0.01624194160103798 -0.031149515882134438 0.003000000026077032
			vertex 0.016136260703206062 -0.031112536787986755 0.003000000026077032
		endloop
	endfacet
	facet normal -0.33027706173760474 -0.943884030212385 0
		outer loop
			vertex 0.01624194160103798 -0.031149515882134438 0
			vertex 0.016136260703206062 -0.031112536787986755 0.003000000026077032
			vertex 0.016136260703206062 -0.031112536787986755 0
		endloop
	endfacet
	facet normal -0.5320355982757113 -0.84672198634936 0
		outer loop
			vertex 0.016336744651198387 -0.031209085136651993 0
			vertex 0.016336744651198387 -0.031209085136651993 0.003000000026077032
			vertex 0.01624194160103798 -0.031149515882134438 0.003000000026077032
		endloop
	endfacet
	facet normal -0.5320355982757113 -0.84672198634936 0
		outer loop
			vertex 0.016336744651198387 -0.031209085136651993 0
			vertex 0.01624194160103798 -0.031149515882134438 0.003000000026077032
			vertex 0.01624194160103798 -0.031149515882134438 0
		endloop
	endfacet
	facet normal -0.7070984631150475 -0.707115099160199 0
		outer loop
			vertex 0.01641591638326645 -0.031288255006074905 0
			vertex 0.01641591638326645 -0.031288255006074905 0.003000000026077032
			vertex 0.016336744651198387 -0.031209085136651993 0.003000000026077032
		endloop
	endfacet
	facet normal -0.7070984631150475 -0.707115099160199 0
		outer loop
			vertex 0.01641591638326645 -0.031288255006074905 0
			vertex 0.016336744651198387 -0.031209085136651993 0.003000000026077032
			vertex 0.016336744651198387 -0.031209085136651993 0
		endloop
	endfacet
	facet normal -0.846734189361918 -0.5320161769773692 0
		outer loop
			vertex 0.016475483775138855 -0.03138305991888046 0
			vertex 0.016475483775138855 -0.03138305991888046 0.003000000026077032
			vertex 0.01641591638326645 -0.031288255006074905 0.003000000026077032
		endloop
	endfacet
	facet normal -0.846734189361918 -0.5320161769773692 0
		outer loop
			vertex 0.016475483775138855 -0.03138305991888046 0
			vertex 0.01641591638326645 -0.031288255006074905 0.003000000026077032
			vertex 0.01641591638326645 -0.031288255006074905 0
		endloop
	endfacet
	facet normal -0.9438770290103746 -0.3302970694792015 0
		outer loop
			vertex 0.016512464731931686 -0.03148873895406723 0
			vertex 0.016512464731931686 -0.03148873895406723 0.003000000026077032
			vertex 0.016475483775138855 -0.03138305991888046 0.003000000026077032
		endloop
	endfacet
	facet normal -0.9438770290103746 -0.3302970694792015 0
		outer loop
			vertex 0.016512464731931686 -0.03148873895406723 0
			vertex 0.016475483775138855 -0.03138305991888046 0.003000000026077032
			vertex 0.016475483775138855 -0.03138305991888046 0
		endloop
	endfacet
	facet normal -0.9937125431451229 -0.111961518371504 0
		outer loop
			vertex 0.01652500033378601 -0.031599998474121094 0
			vertex 0.01652500033378601 -0.031599998474121094 0.003000000026077032
			vertex 0.016512464731931686 -0.03148873895406723 0.003000000026077032
		endloop
	endfacet
	facet normal -0.9937125431451229 -0.111961518371504 0
		outer loop
			vertex 0.01652500033378601 -0.031599998474121094 0
			vertex 0.016512464731931686 -0.03148873895406723 0.003000000026077032
			vertex 0.016512464731931686 -0.03148873895406723 0
		endloop
	endfacet
	facet normal -1 0 0
		outer loop
			vertex 0.01652500033378601 -0.031599998474121094 0
			vertex 0.01652500033378601 -0.044599998742341995 0.003000000026077032
			vertex 0.01652500033378601 -0.031599998474121094 0.003000000026077032
		endloop
	endfacet
	facet normal -1 0 0
		outer loop
			vertex 0.01652500033378601 -0.031599998474121094 0
			vertex 0.01652500033378601 -0.044599998742341995 0
			vertex 0.01652500033378601 -0.044599998742341995 0.003000000026077032
		endloop
	endfacet
	facet normal -0.9937129602062683 0.11195781669046416 0
		outer loop
			vertex 0.016512464731931686 -0.04471126198768616 0
			vertex 0.01652500033378601 -0.044599998742341995 0.003000000026077032
			vertex 0.01652500033378601 -0.044599998742341995 0
		endloop
	endfacet
	facet normal -0.9937129602062683 0.11195781669046416 0
		outer loop
			vertex 0.016512464731931686 -0.04471126198768616 0
			vertex 0.016512464731931686 -0.04471126198768616 0.003000000026077032
			vertex 0.01652500033378601 -0.044599998742341995 0.003000000026077032
		endloop
	endfacet
	facet normal -0.9438770290103746 0.3302970694792015 0
		outer loop
			vertex 0.016475483775138855 -0.044816941022872925 0
			vertex 0.016475483775138855 -0.044816941022872925 0.003000000026077032
			vertex 0.016512464731931686 -0.04471126198768616 0.003000000026077032
		endloop
	endfacet
	facet normal -0.9438770290103746 0.3302970694792015 0
		outer loop
			vertex 0.016475483775138855 -0.044816941022872925 0
			vertex 0.016512464731931686 -0.04471126198768616 0.003000000026077032
			vertex 0.016512464731931686 -0.04471126198768616 0
		endloop
	endfacet
	facet normal -0.846734189361918 0.5320161769773692 0
		outer loop
			vertex 0.01641591638326645 -0.04491174593567848 0
			vertex 0.01641591638326645 -0.04491174593567848 0.003000000026077032
			vertex 0.016475483775138855 -0.044816941022872925 0.003000000026077032
		endloop
	endfacet
	facet normal -0.846734189361918 0.5320161769773692 0
		outer loop
			vertex 0.01641591638326645 -0.04491174593567848 0
			vertex 0.016475483775138855 -0.044816941022872925 0.003000000026077032
			vertex 0.016475483775138855 -0.044816941022872925 0
		endloop
	endfacet
	facet normal -0.7070984631150475 0.707115099160199 0
		outer loop
			vertex 0.016336744651198387 -0.044990915805101395 0
			vertex 0.016336744651198387 -0.044990915805101395 0.003000000026077032
			vertex 0.01641591638326645 -0.04491174593567848 0.003000000026077032
		endloop
	endfacet
	facet normal -0.7070984631150475 0.707115099160199 0
		outer loop
			vertex 0.016336744651198387 -0.044990915805101395 0
			vertex 0.01641591638326645 -0.04491174593567848 0.003000000026077032
			vertex 0.01641591638326645 -0.04491174593567848 0
		endloop
	endfacet
	facet normal -0.5320236711418856 0.8467294806162775 0
		outer loop
			vertex 0.01624194160103798 -0.0450504831969738 0
			vertex 0.01624194160103798 -0.0450504831969738 0.003000000026077032
			vertex 0.016336744651198387 -0.044990915805101395 0.003000000026077032
		endloop
	endfacet
	facet normal -0.5320236711418856 0.8467294806162775 0
		outer loop
			vertex 0.01624194160103798 -0.0450504831969738 0
			vertex 0.016336744651198387 -0.044990915805101395 0.003000000026077032
			vertex 0.016336744651198387 -0.044990915805101395 0
		endloop
	endfacet
	facet normal -0.330291883026301 0.9438788439238059 0
		outer loop
			vertex 0.016136260703206062 -0.04508746415376663 0
			vertex 0.016136260703206062 -0.04508746415376663 0.003000000026077032
			vertex 0.01624194160103798 -0.0450504831969738 0.003000000026077032
		endloop
	endfacet
	facet normal -0.330291883026301 0.9438788439238059 0
		outer loop
			vertex 0.016136260703206062 -0.04508746415376663 0
			vertex 0.01624194160103798 -0.0450504831969738 0.003000000026077032
			vertex 0.01624194160103798 -0.0450504831969738 0
		endloop
	endfacet
	facet normal -0.11195966750058142 0.9937127516808664 0
		outer loop
			vertex 0.01602499932050705 -0.045099999755620956 0
			vertex 0.01602499932050705 -0.045099999755620956 0.003000000026077032
			vertex 0.016136260703206062 -0.04508746415376663 0.003000000026077032
		endloop
	endfacet
	facet normal -0.11195966750058142 0.9937127516808664 0
		outer loop
			vertex 0.01602499932050705 -0.045099999755620956 0
			vertex 0.016136260703206062 -0.04508746415376663 0.003000000026077032
			vertex 0.016136260703206062 -0.04508746415376663 0
		endloop
	endfacet
	facet normal 0 1 0
		outer loop
			vertex 0.01602499932050705 -0.045099999755620956 0.003000000026077032
			vertex 0.01602499932050705 -0.045099999755620956 0
			vertex 0.0030249999836087227 -0.045099999755620956 0
		endloop
	endfacet
	facet normal 0 1 0
		outer loop
			vertex 0.01602499932050705 -0.045099999755620956 0.003000000026077032
			vertex 0.0030249999836087227 -0.045099999755620956 0
			vertex 0.0030249999836087227 -0.045099999755620956 0.003000000026077032
		endloop
	endfacet
	facet normal 0.11196059292844188 0.9937126474142874 0
		outer loop
			vertex 0.0029137395322322845 -0.04508746415376663 0
			vertex 0.0030249999836087227 -0.045099999755620956 0.003000000026077032
			vertex 0.0030249999836087227 -0.045099999755620956 0
		endloop
	endfacet
	facet normal 0.11196059292844188 0.9937126474142874 0
		outer loop
			vertex 0.0029137395322322845 -0.04508746415376663 0
			vertex 0.0029137395322322845 -0.04508746415376663 0.003000000026077032
			vertex 0.0030249999836087227 -0.045099999755620956 0.003000000026077032
		endloop
	endfacet
	facet normal 0.3302905864369675 0.9438792976388051 0
		outer loop
			vertex 0.0028080581687390804 -0.0450504831969738 0
			vertex 0.0028080581687390804 -0.0450504831969738 0.003000000026077032
			vertex 0.0029137395322322845 -0.04508746415376663 0.003000000026077032
		endloop
	endfacet
	facet normal 0.3302905864369675 0.9438792976388051 0
		outer loop
			vertex 0.0028080581687390804 -0.0450504831969738 0
			vertex 0.0029137395322322845 -0.04508746415376663 0.003000000026077032
			vertex 0.0029137395322322845 -0.04508746415376663 0
		endloop
	endfacet
	facet normal 0.5320236711418856 0.8467294806162775 0
		outer loop
			vertex 0.0027132551185786724 -0.044990915805101395 0
			vertex 0.0027132551185786724 -0.044990915805101395 0.003000000026077032
			vertex 0.0028080581687390804 -0.0450504831969738 0.003000000026077032
		endloop
	endfacet
	facet normal 0.5320236711418856 0.8467294806162775 0
		outer loop
			vertex 0.0027132551185786724 -0.044990915805101395 0
			vertex 0.0028080581687390804 -0.0450504831969738 0.003000000026077032
			vertex 0.0028080581687390804 -0.0450504831969738 0
		endloop
	endfacet
	facet normal 0.707102622138566 0.7071109402100667 0
		outer loop
			vertex 0.002634084317833185 -0.04491174593567848 0
			vertex 0.002634084317833185 -0.04491174593567848 0.003000000026077032
			vertex 0.0027132551185786724 -0.044990915805101395 0.003000000026077032
		endloop
	endfacet
	facet normal 0.707102622138566 0.7071109402100667 0
		outer loop
			vertex 0.002634084317833185 -0.04491174593567848 0
			vertex 0.0027132551185786724 -0.044990915805101395 0.003000000026077032
			vertex 0.0027132551185786724 -0.044990915805101395 0
		endloop
	endfacet
	facet normal 0.8467285687921327 0.5320251223309166 0
		outer loop
			vertex 0.0025745155289769173 -0.044816941022872925 0
			vertex 0.0025745155289769173 -0.044816941022872925 0.003000000026077032
			vertex 0.002634084317833185 -0.04491174593567848 0.003000000026077032
		endloop
	endfacet
	facet normal 0.8467285687921327 0.5320251223309166 0
		outer loop
			vertex 0.0025745155289769173 -0.044816941022872925 0
			vertex 0.002634084317833185 -0.04491174593567848 0.003000000026077032
			vertex 0.002634084317833185 -0.04491174593567848 0
		endloop
	endfacet
	facet normal 0.9438809188579648 0.3302859534037805 0
		outer loop
			vertex 0.0025375359691679478 -0.04471126198768616 0
			vertex 0.0025375359691679478 -0.04471126198768616 0.003000000026077032
			vertex 0.0025745155289769173 -0.044816941022872925 0.003000000026077032
		endloop
	endfacet
	facet normal 0.9438809188579648 0.3302859534037805 0
		outer loop
			vertex 0.0025375359691679478 -0.04471126198768616 0
			vertex 0.0025745155289769173 -0.044816941022872925 0.003000000026077032
			vertex 0.0025745155289769173 -0.044816941022872925 0
		endloop
	endfacet
	facet normal 0.9937124975030688 0.11196192346603323 0
		outer loop
			vertex 0.002524999901652336 -0.044599998742341995 0
			vertex 0.002524999901652336 -0.044599998742341995 0.003000000026077032
			vertex 0.0025375359691679478 -0.04471126198768616 0.003000000026077032
		endloop
	endfacet
	facet normal 0.9937124975030688 0.11196192346603323 0
		outer loop
			vertex 0.002524999901652336 -0.044599998742341995 0
			vertex 0.0025375359691679478 -0.04471126198768616 0.003000000026077032
			vertex 0.0025375359691679478 -0.04471126198768616 0
		endloop
	endfacet
	facet normal 0.9937125431451229 -0.111961518371504 0
		outer loop
			vertex -0.010599464178085327 -0.03248874098062515 0
			vertex -0.010611999779939651 -0.032600000500679016 0.003000000026077032
			vertex -0.010611999779939651 -0.032600000500679016 0
		endloop
	endfacet
	facet normal 0.9937125431451229 -0.111961518371504 0
		outer loop
			vertex -0.010599464178085327 -0.03248874098062515 0
			vertex -0.010599464178085327 -0.03248874098062515 0.003000000026077032
			vertex -0.010611999779939651 -0.032600000500679016 0.003000000026077032
		endloop
	endfacet
	facet normal 0.94388325184155 -0.3302792862003633 0
		outer loop
			vertex -0.01056248415261507 -0.03238305822014809 0
			vertex -0.01056248415261507 -0.03238305822014809 0.003000000026077032
			vertex -0.010599464178085327 -0.03248874098062515 0.003000000026077032
		endloop
	endfacet
	facet normal 0.94388325184155 -0.3302792862003633 0
		outer loop
			vertex -0.01056248415261507 -0.03238305822014809 0
			vertex -0.010599464178085327 -0.03248874098062515 0.003000000026077032
			vertex -0.010599464178085327 -0.03248874098062515 0
		endloop
	endfacet
	facet normal 0.846730442317604 -0.5320221405661938 0
		outer loop
			vertex -0.01050291582942009 -0.03228825330734253 0
			vertex -0.01050291582942009 -0.03228825330734253 0.003000000026077032
			vertex -0.01056248415261507 -0.03238305822014809 0.003000000026077032
		endloop
	endfacet
	facet normal 0.846730442317604 -0.5320221405661938 0
		outer loop
			vertex -0.01050291582942009 -0.03228825330734253 0
			vertex -0.01056248415261507 -0.03238305822014809 0.003000000026077032
			vertex -0.01056248415261507 -0.03238305822014809 0
		endloop
	endfacet
	facet normal 0.707102622138566 -0.7071109402100667 0
		outer loop
			vertex -0.010423745028674603 -0.03220908343791962 0
			vertex -0.010423745028674603 -0.03220908343791962 0.003000000026077032
			vertex -0.01050291582942009 -0.03228825330734253 0.003000000026077032
		endloop
	endfacet
	facet normal 0.707102622138566 -0.7071109402100667 0
		outer loop
			vertex -0.010423745028674603 -0.03220908343791962 0
			vertex -0.01050291582942009 -0.03228825330734253 0.003000000026077032
			vertex -0.01050291582942009 -0.03228825330734253 0
		endloop
	endfacet
	facet normal 0.5320236711418856 -0.8467294806162775 0
		outer loop
			vertex -0.010328941978514194 -0.03214951604604721 0
			vertex -0.010328941978514194 -0.03214951604604721 0.003000000026077032
			vertex -0.010423745028674603 -0.03220908343791962 0.003000000026077032
		endloop
	endfacet
	facet normal 0.5320236711418856 -0.8467294806162775 0
		outer loop
			vertex -0.010328941978514194 -0.03214951604604721 0
			vertex -0.010423745028674603 -0.03220908343791962 0.003000000026077032
			vertex -0.010423745028674603 -0.03220908343791962 0
		endloop
	endfacet
	facet normal 0.3302892898571905 -0.9438797513484611 0
		outer loop
			vertex -0.010223260149359703 -0.03211253508925438 0
			vertex -0.010223260149359703 -0.03211253508925438 0.003000000026077032
			vertex -0.010328941978514194 -0.03214951604604721 0.003000000026077032
		endloop
	endfacet
	facet normal 0.3302892898571905 -0.9438797513484611 0
		outer loop
			vertex -0.010223260149359703 -0.03211253508925438 0
			vertex -0.010328941978514194 -0.03214951604604721 0.003000000026077032
			vertex -0.010328941978514194 -0.03214951604604721 0
		endloop
	endfacet
	facet normal 0.11196059292844188 -0.9937126474142874 0
		outer loop
			vertex -0.010111999697983265 -0.032099999487400055 0
			vertex -0.010111999697983265 -0.032099999487400055 0.003000000026077032
			vertex -0.010223260149359703 -0.03211253508925438 0.003000000026077032
		endloop
	endfacet
	facet normal 0.11196059292844188 -0.9937126474142874 0
		outer loop
			vertex -0.010111999697983265 -0.032099999487400055 0
			vertex -0.010223260149359703 -0.03211253508925438 0.003000000026077032
			vertex -0.010223260149359703 -0.03211253508925438 0
		endloop
	endfacet
	facet normal 0 -1 0
		outer loop
			vertex -0.004112000111490488 -0.032099999487400055 0.003000000026077032
			vertex -0.010111999697983265 -0.032099999487400055 0.003000000026077032
			vertex -0.010111999697983265 -0.032099999487400055 0
		endloop
	endfacet
	facet normal 0 -1 0
		outer loop
			vertex -0.004112000111490488 -0.032099999487400055 0.003000000026077032
			vertex -0.010111999697983265 -0.032099999487400055 0
			vertex -0.004112000111490488 -0.032099999487400055 0
		endloop
	endfacet
	facet normal -0.11196059292844188 -0.9937126474142874 0
		outer loop
			vertex -0.00400073966011405 -0.03211253508925438 0
			vertex -0.004112000111490488 -0.032099999487400055 0.003000000026077032
			vertex -0.004112000111490488 -0.032099999487400055 0
		endloop
	endfacet
	facet normal -0.11196059292844188 -0.9937126474142874 0
		outer loop
			vertex -0.00400073966011405 -0.03211253508925438 0
			vertex -0.00400073966011405 -0.03211253508925438 0.003000000026077032
			vertex -0.004112000111490488 -0.032099999487400055 0.003000000026077032
		endloop
	endfacet
	facet normal -0.3302899381458845 -0.943879524494301 0
		outer loop
			vertex -0.003895058063790202 -0.03214951604604721 0
			vertex -0.003895058063790202 -0.03214951604604721 0.003000000026077032
			vertex -0.00400073966011405 -0.03211253508925438 0.003000000026077032
		endloop
	endfacet
	facet normal -0.3302899381458845 -0.943879524494301 0
		outer loop
			vertex -0.003895058063790202 -0.03214951604604721 0
			vertex -0.00400073966011405 -0.03211253508925438 0.003000000026077032
			vertex -0.00400073966011405 -0.03211253508925438 0
		endloop
	endfacet
	facet normal -0.5320236711418856 -0.8467294806162775 0
		outer loop
			vertex -0.003800255013629794 -0.03220908343791962 0
			vertex -0.003800255013629794 -0.03220908343791962 0.003000000026077032
			vertex -0.003895058063790202 -0.03214951604604721 0.003000000026077032
		endloop
	endfacet
	facet normal -0.5320236711418856 -0.8467294806162775 0
		outer loop
			vertex -0.003800255013629794 -0.03220908343791962 0
			vertex -0.003895058063790202 -0.03214951604604721 0.003000000026077032
			vertex -0.003895058063790202 -0.03214951604604721 0
		endloop
	endfacet
	facet normal -0.707102622138566 -0.7071109402100667 0
		outer loop
			vertex -0.003721084212884307 -0.03228825330734253 0
			vertex -0.003721084212884307 -0.03228825330734253 0.003000000026077032
			vertex -0.003800255013629794 -0.03220908343791962 0.003000000026077032
		endloop
	endfacet
	facet normal -0.707102622138566 -0.7071109402100667 0
		outer loop
			vertex -0.003721084212884307 -0.03228825330734253 0
			vertex -0.003800255013629794 -0.03220908343791962 0.003000000026077032
			vertex -0.003800255013629794 -0.03220908343791962 0
		endloop
	endfacet
	facet normal -0.8467295055551446 -0.5320236314510294 0
		outer loop
			vertex -0.0036615156568586826 -0.03238305822014809 0
			vertex -0.0036615156568586826 -0.03238305822014809 0.003000000026077032
			vertex -0.003721084212884307 -0.03228825330734253 0.003000000026077032
		endloop
	endfacet
	facet normal -0.8467295055551446 -0.5320236314510294 0
		outer loop
			vertex -0.0036615156568586826 -0.03238305822014809 0
			vertex -0.003721084212884307 -0.03228825330734253 0.003000000026077032
			vertex -0.003721084212884307 -0.03228825330734253 0
		endloop
	endfacet
	facet normal -0.9438845483699778 -0.3302755809144887 0
		outer loop
			vertex -0.003624536097049713 -0.03248874098062515 0
			vertex -0.003624536097049713 -0.03248874098062515 0.003000000026077032
			vertex -0.0036615156568586826 -0.03238305822014809 0.003000000026077032
		endloop
	endfacet
	facet normal -0.9438845483699778 -0.3302755809144887 0
		outer loop
			vertex -0.003624536097049713 -0.03248874098062515 0
			vertex -0.0036615156568586826 -0.03238305822014809 0.003000000026077032
			vertex -0.0036615156568586826 -0.03238305822014809 0
		endloop
	endfacet
	facet normal -0.9937120804115199 -0.11196562527940855 0
		outer loop
			vertex -0.0036120000295341015 -0.032600000500679016 0
			vertex -0.0036120000295341015 -0.032600000500679016 0.003000000026077032
			vertex -0.003624536097049713 -0.03248874098062515 0.003000000026077032
		endloop
	endfacet
	facet normal -0.9937120804115199 -0.11196562527940855 0
		outer loop
			vertex -0.0036120000295341015 -0.032600000500679016 0
			vertex -0.003624536097049713 -0.03248874098062515 0.003000000026077032
			vertex -0.003624536097049713 -0.03248874098062515 0
		endloop
	endfacet
	facet normal -1 0 0
		outer loop
			vertex -0.0036120000295341015 -0.032600000500679016 0
			vertex -0.0036120000295341015 -0.04659999907016754 0.003000000026077032
			vertex -0.0036120000295341015 -0.032600000500679016 0.003000000026077032
		endloop
	endfacet
	facet normal -1 0 0
		outer loop
			vertex -0.0036120000295341015 -0.032600000500679016 0
			vertex -0.0036120000295341015 -0.04659999907016754 0
			vertex -0.0036120000295341015 -0.04659999907016754 0.003000000026077032
		endloop
	endfacet
	facet normal -0.9937124975030688 0.11196192346603323 0
		outer loop
			vertex -0.003624536097049713 -0.046711262315511703 0
			vertex -0.0036120000295341015 -0.04659999907016754 0.003000000026077032
			vertex -0.0036120000295341015 -0.04659999907016754 0
		endloop
	endfacet
	facet normal -0.9937124975030688 0.11196192346603323 0
		outer loop
			vertex -0.003624536097049713 -0.046711262315511703 0
			vertex -0.003624536097049713 -0.046711262315511703 0.003000000026077032
			vertex -0.0036120000295341015 -0.04659999907016754 0.003000000026077032
		endloop
	endfacet
	facet normal -0.9438809188579648 0.3302859534037805 0
		outer loop
			vertex -0.0036615156568586826 -0.04681694135069847 0
			vertex -0.0036615156568586826 -0.04681694135069847 0.003000000026077032
			vertex -0.003624536097049713 -0.046711262315511703 0.003000000026077032
		endloop
	endfacet
	facet normal -0.9438809188579648 0.3302859534037805 0
		outer loop
			vertex -0.0036615156568586826 -0.04681694135069847 0
			vertex -0.003624536097049713 -0.046711262315511703 0.003000000026077032
			vertex -0.003624536097049713 -0.046711262315511703 0
		endloop
	endfacet
	facet normal -0.8467295055551446 0.5320236314510294 0
		outer loop
			vertex -0.003721084212884307 -0.04691174626350403 0
			vertex -0.003721084212884307 -0.04691174626350403 0.003000000026077032
			vertex -0.0036615156568586826 -0.04681694135069847 0.003000000026077032
		endloop
	endfacet
	facet normal -0.8467295055551446 0.5320236314510294 0
		outer loop
			vertex -0.003721084212884307 -0.04691174626350403 0
			vertex -0.0036615156568586826 -0.04681694135069847 0.003000000026077032
			vertex -0.0036615156568586826 -0.04681694135069847 0
		endloop
	endfacet
	facet normal -0.707102622138566 0.7071109402100667 0
		outer loop
			vertex -0.003800255013629794 -0.04699091613292694 0
			vertex -0.003800255013629794 -0.04699091613292694 0.003000000026077032
			vertex -0.003721084212884307 -0.04691174626350403 0.003000000026077032
		endloop
	endfacet
	facet normal -0.707102622138566 0.7071109402100667 0
		outer loop
			vertex -0.003800255013629794 -0.04699091613292694 0
			vertex -0.003721084212884307 -0.04691174626350403 0.003000000026077032
			vertex -0.003721084212884307 -0.04691174626350403 0
		endloop
	endfacet
	facet normal -0.5320236711418856 0.8467294806162775 0
		outer loop
			vertex -0.003895058063790202 -0.04705048352479935 0
			vertex -0.003895058063790202 -0.04705048352479935 0.003000000026077032
			vertex -0.003800255013629794 -0.04699091613292694 0.003000000026077032
		endloop
	endfacet
	facet normal -0.5320236711418856 0.8467294806162775 0
		outer loop
			vertex -0.003895058063790202 -0.04705048352479935 0
			vertex -0.003800255013629794 -0.04699091613292694 0.003000000026077032
			vertex -0.003800255013629794 -0.04699091613292694 0
		endloop
	endfacet
	facet normal -0.3302899381458845 0.943879524494301 0
		outer loop
			vertex -0.00400073966011405 -0.04708746448159218 0
			vertex -0.00400073966011405 -0.04708746448159218 0.003000000026077032
			vertex -0.003895058063790202 -0.04705048352479935 0.003000000026077032
		endloop
	endfacet
	facet normal -0.3302899381458845 0.943879524494301 0
		outer loop
			vertex -0.00400073966011405 -0.04708746448159218 0
			vertex -0.003895058063790202 -0.04705048352479935 0.003000000026077032
			vertex -0.003895058063790202 -0.04705048352479935 0
		endloop
	endfacet
	facet normal -0.11196059292844188 0.9937126474142874 0
		outer loop
			vertex -0.004112000111490488 -0.0471000000834465 0
			vertex -0.004112000111490488 -0.0471000000834465 0.003000000026077032
			vertex -0.00400073966011405 -0.04708746448159218 0.003000000026077032
		endloop
	endfacet
	facet normal -0.11196059292844188 0.9937126474142874 0
		outer loop
			vertex -0.004112000111490488 -0.0471000000834465 0
			vertex -0.00400073966011405 -0.04708746448159218 0.003000000026077032
			vertex -0.00400073966011405 -0.04708746448159218 0
		endloop
	endfacet
	facet normal 0 1 0
		outer loop
			vertex -0.004112000111490488 -0.0471000000834465 0.003000000026077032
			vertex -0.004112000111490488 -0.0471000000834465 0
			vertex -0.010111999697983265 -0.0471000000834465 0
		endloop
	endfacet
	facet normal 0 1 0
		outer loop
			vertex -0.004112000111490488 -0.0471000000834465 0.003000000026077032
			vertex -0.010111999697983265 -0.0471000000834465 0
			vertex -0.010111999697983265 -0.0471000000834465 0.003000000026077032
		endloop
	endfacet
	facet normal 0.11196059292844188 0.9937126474142874 0
		outer loop
			vertex -0.010223260149359703 -0.04708746448159218 0
			vertex -0.010111999697983265 -0.0471000000834465 0.003000000026077032
			vertex -0.010111999697983265 -0.0471000000834465 0
		endloop
	endfacet
	facet normal 0.11196059292844188 0.9937126474142874 0
		outer loop
			vertex -0.010223260149359703 -0.04708746448159218 0
			vertex -0.010223260149359703 -0.04708746448159218 0.003000000026077032
			vertex -0.010111999697983265 -0.0471000000834465 0.003000000026077032
		endloop
	endfacet
	facet normal 0.3302892898571905 0.9438797513484611 0
		outer loop
			vertex -0.010328941978514194 -0.04705048352479935 0
			vertex -0.010328941978514194 -0.04705048352479935 0.003000000026077032
			vertex -0.010223260149359703 -0.04708746448159218 0.003000000026077032
		endloop
	endfacet
	facet normal 0.3302892898571905 0.9438797513484611 0
		outer loop
			vertex -0.010328941978514194 -0.04705048352479935 0
			vertex -0.010223260149359703 -0.04708746448159218 0.003000000026077032
			vertex -0.010223260149359703 -0.04708746448159218 0
		endloop
	endfacet
	facet normal 0.5320236711418856 0.8467294806162775 0
		outer loop
			vertex -0.010423745028674603 -0.04699091613292694 0
			vertex -0.010423745028674603 -0.04699091613292694 0.003000000026077032
			vertex -0.010328941978514194 -0.04705048352479935 0.003000000026077032
		endloop
	endfacet
	facet normal 0.5320236711418856 0.8467294806162775 0
		outer loop
			vertex -0.010423745028674603 -0.04699091613292694 0
			vertex -0.010328941978514194 -0.04705048352479935 0.003000000026077032
			vertex -0.010328941978514194 -0.04705048352479935 0
		endloop
	endfacet
	facet normal 0.707102622138566 0.7071109402100667 0
		outer loop
			vertex -0.01050291582942009 -0.04691174626350403 0
			vertex -0.01050291582942009 -0.04691174626350403 0.003000000026077032
			vertex -0.010423745028674603 -0.04699091613292694 0.003000000026077032
		endloop
	endfacet
	facet normal 0.707102622138566 0.7071109402100667 0
		outer loop
			vertex -0.01050291582942009 -0.04691174626350403 0
			vertex -0.010423745028674603 -0.04699091613292694 0.003000000026077032
			vertex -0.010423745028674603 -0.04699091613292694 0
		endloop
	endfacet
	facet normal 0.846730442317604 0.5320221405661938 0
		outer loop
			vertex -0.01056248415261507 -0.04681694135069847 0
			vertex -0.01056248415261507 -0.04681694135069847 0.003000000026077032
			vertex -0.01050291582942009 -0.04691174626350403 0.003000000026077032
		endloop
	endfacet
	facet normal 0.846730442317604 0.5320221405661938 0
		outer loop
			vertex -0.01056248415261507 -0.04681694135069847 0
			vertex -0.01050291582942009 -0.04691174626350403 0.003000000026077032
			vertex -0.01050291582942009 -0.04691174626350403 0
		endloop
	endfacet
	facet normal 0.9438796222530852 0.3302896587775244 0
		outer loop
			vertex -0.010599464178085327 -0.046711262315511703 0
			vertex -0.010599464178085327 -0.046711262315511703 0.003000000026077032
			vertex -0.01056248415261507 -0.04681694135069847 0.003000000026077032
		endloop
	endfacet
	facet normal 0.9438796222530852 0.3302896587775244 0
		outer loop
			vertex -0.010599464178085327 -0.046711262315511703 0
			vertex -0.01056248415261507 -0.04681694135069847 0.003000000026077032
			vertex -0.01056248415261507 -0.04681694135069847 0
		endloop
	endfacet
	facet normal 0.9937129602062683 0.11195781669046416 0
		outer loop
			vertex -0.010611999779939651 -0.04659999907016754 0
			vertex -0.010611999779939651 -0.04659999907016754 0.003000000026077032
			vertex -0.010599464178085327 -0.046711262315511703 0.003000000026077032
		endloop
	endfacet
	facet normal 0.9937129602062683 0.11195781669046416 0
		outer loop
			vertex -0.010611999779939651 -0.04659999907016754 0
			vertex -0.010599464178085327 -0.046711262315511703 0.003000000026077032
			vertex -0.010599464178085327 -0.046711262315511703 0
		endloop
	endfacet
	facet normal 0.9937125431451229 -0.111961518371504 0
		outer loop
			vertex -0.03447546437382698 -0.03248874098062515 0
			vertex -0.034487999975681305 -0.032600000500679016 0.003000000026077032
			vertex -0.034487999975681305 -0.032600000500679016 0
		endloop
	endfacet
	facet normal 0.9937125431451229 -0.111961518371504 0
		outer loop
			vertex -0.03447546437382698 -0.03248874098062515 0
			vertex -0.03447546437382698 -0.03248874098062515 0.003000000026077032
			vertex -0.034487999975681305 -0.032600000500679016 0.003000000026077032
		endloop
	endfacet
	facet normal 0.9438806587517437 -0.33028669672630545 0
		outer loop
			vertex -0.03443848341703415 -0.03238305822014809 0
			vertex -0.03443848341703415 -0.03238305822014809 0.003000000026077032
			vertex -0.03447546437382698 -0.03248874098062515 0.003000000026077032
		endloop
	endfacet
	facet normal 0.9438806587517437 -0.33028669672630545 0
		outer loop
			vertex -0.03443848341703415 -0.03238305822014809 0
			vertex -0.03447546437382698 -0.03248874098062515 0.003000000026077032
			vertex -0.03447546437382698 -0.03248874098062515 0
		endloop
	endfacet
	facet normal 0.846734189361918 -0.5320161769773692 0
		outer loop
			vertex -0.03437891602516174 -0.03228825330734253 0
			vertex -0.03437891602516174 -0.03228825330734253 0.003000000026077032
			vertex -0.03443848341703415 -0.03238305822014809 0.003000000026077032
		endloop
	endfacet
	facet normal 0.846734189361918 -0.5320161769773692 0
		outer loop
			vertex -0.03437891602516174 -0.03228825330734253 0
			vertex -0.03443848341703415 -0.03238305822014809 0.003000000026077032
			vertex -0.03443848341703415 -0.03238305822014809 0
		endloop
	endfacet
	facet normal 0.7071067811865476 -0.7071067811865476 0
		outer loop
			vertex -0.03429974615573883 -0.03220908343791962 0
			vertex -0.03429974615573883 -0.03220908343791962 0.003000000026077032
			vertex -0.03437891602516174 -0.03228825330734253 0.003000000026077032
		endloop
	endfacet
	facet normal 0.7071067811865476 -0.7071067811865476 0
		outer loop
			vertex -0.03429974615573883 -0.03220908343791962 0
			vertex -0.03437891602516174 -0.03228825330734253 0.003000000026077032
			vertex -0.03437891602516174 -0.03228825330734253 0
		endloop
	endfacet
	facet normal 0.5320161769773692 -0.846734189361918 0
		outer loop
			vertex -0.03420494124293327 -0.03214951604604721 0
			vertex -0.03420494124293327 -0.03214951604604721 0.003000000026077032
			vertex -0.03429974615573883 -0.03220908343791962 0.003000000026077032
		endloop
	endfacet
	facet normal 0.5320161769773692 -0.846734189361918 0
		outer loop
			vertex -0.03420494124293327 -0.03214951604604721 0
			vertex -0.03429974615573883 -0.03220908343791962 0.003000000026077032
			vertex -0.03429974615573883 -0.03220908343791962 0
		endloop
	endfacet
	facet normal 0.3302970694792015 -0.9438770290103746 0
		outer loop
			vertex -0.034099262207746506 -0.03211253508925438 0
			vertex -0.034099262207746506 -0.03211253508925438 0.003000000026077032
			vertex -0.03420494124293327 -0.03214951604604721 0.003000000026077032
		endloop
	endfacet
	facet normal 0.3302970694792015 -0.9438770290103746 0
		outer loop
			vertex -0.034099262207746506 -0.03211253508925438 0
			vertex -0.03420494124293327 -0.03214951604604721 0.003000000026077032
			vertex -0.03420494124293327 -0.03214951604604721 0
		endloop
	endfacet
	facet normal 0.11195781669046416 -0.9937129602062683 0
		outer loop
			vertex -0.033987998962402344 -0.032099999487400055 0
			vertex -0.033987998962402344 -0.032099999487400055 0.003000000026077032
			vertex -0.034099262207746506 -0.03211253508925438 0.003000000026077032
		endloop
	endfacet
	facet normal 0.11195781669046416 -0.9937129602062683 0
		outer loop
			vertex -0.033987998962402344 -0.032099999487400055 0
			vertex -0.034099262207746506 -0.03211253508925438 0.003000000026077032
			vertex -0.034099262207746506 -0.03211253508925438 0
		endloop
	endfacet
	facet normal 0 -1 0
		outer loop
			vertex -0.027987999841570854 -0.032099999487400055 0.003000000026077032
			vertex -0.033987998962402344 -0.032099999487400055 0.003000000026077032
			vertex -0.033987998962402344 -0.032099999487400055 0
		endloop
	endfacet
	facet normal 0 -1 0
		outer loop
			vertex -0.027987999841570854 -0.032099999487400055 0.003000000026077032
			vertex -0.033987998962402344 -0.032099999487400055 0
			vertex -0.027987999841570854 -0.032099999487400055 0
		endloop
	endfacet
	facet normal -0.111961518371504 -0.9937125431451229 0
		outer loop
			vertex -0.02787674032151699 -0.03211253508925438 0
			vertex -0.027987999841570854 -0.032099999487400055 0.003000000026077032
			vertex -0.027987999841570854 -0.032099999487400055 0
		endloop
	endfacet
	facet normal -0.111961518371504 -0.9937125431451229 0
		outer loop
			vertex -0.02787674032151699 -0.03211253508925438 0
			vertex -0.02787674032151699 -0.03211253508925438 0.003000000026077032
			vertex -0.027987999841570854 -0.032099999487400055 0.003000000026077032
		endloop
	endfacet
	facet normal -0.33028669672630545 -0.9438806587517437 0
		outer loop
			vertex -0.027771057561039925 -0.03214951604604721 0
			vertex -0.027771057561039925 -0.03214951604604721 0.003000000026077032
			vertex -0.02787674032151699 -0.03211253508925438 0.003000000026077032
		endloop
	endfacet
	facet normal -0.33028669672630545 -0.9438806587517437 0
		outer loop
			vertex -0.027771057561039925 -0.03214951604604721 0
			vertex -0.02787674032151699 -0.03211253508925438 0.003000000026077032
			vertex -0.02787674032151699 -0.03211253508925438 0
		endloop
	endfacet
	facet normal -0.5320236711418856 -0.8467294806162775 0
		outer loop
			vertex -0.027676254510879517 -0.03220908343791962 0
			vertex -0.027676254510879517 -0.03220908343791962 0.003000000026077032
			vertex -0.027771057561039925 -0.03214951604604721 0.003000000026077032
		endloop
	endfacet
	facet normal -0.5320236711418856 -0.8467294806162775 0
		outer loop
			vertex -0.027676254510879517 -0.03220908343791962 0
			vertex -0.027771057561039925 -0.03214951604604721 0.003000000026077032
			vertex -0.027771057561039925 -0.03214951604604721 0
		endloop
	endfacet
	facet normal -0.7071067811865476 -0.7071067811865476 0
		outer loop
			vertex -0.027597084641456604 -0.03228825330734253 0
			vertex -0.027597084641456604 -0.03228825330734253 0.003000000026077032
			vertex -0.027676254510879517 -0.03220908343791962 0.003000000026077032
		endloop
	endfacet
	facet normal -0.7071067811865476 -0.7071067811865476 0
		outer loop
			vertex -0.027597084641456604 -0.03228825330734253 0
			vertex -0.027676254510879517 -0.03220908343791962 0.003000000026077032
			vertex -0.027676254510879517 -0.03220908343791962 0
		endloop
	endfacet
	facet normal -0.846726695264452 -0.5320281040758466 0
		outer loop
			vertex -0.02753751538693905 -0.03238305822014809 0
			vertex -0.02753751538693905 -0.03238305822014809 0.003000000026077032
			vertex -0.027597084641456604 -0.03228825330734253 0.003000000026077032
		endloop
	endfacet
	facet normal -0.846726695264452 -0.5320281040758466 0
		outer loop
			vertex -0.02753751538693905 -0.03238305822014809 0
			vertex -0.027597084641456604 -0.03228825330734253 0.003000000026077032
			vertex -0.027597084641456604 -0.03228825330734253 0
		endloop
	endfacet
	facet normal -0.9438858448874222 -0.3302718756133454 0
		outer loop
			vertex -0.027500536292791367 -0.03248874098062515 0
			vertex -0.027500536292791367 -0.03248874098062515 0.003000000026077032
			vertex -0.02753751538693905 -0.03238305822014809 0.003000000026077032
		endloop
	endfacet
	facet normal -0.9438858448874222 -0.3302718756133454 0
		outer loop
			vertex -0.027500536292791367 -0.03248874098062515 0
			vertex -0.02753751538693905 -0.03238305822014809 0.003000000026077032
			vertex -0.02753751538693905 -0.03238305822014809 0
		endloop
	endfacet
	facet normal -0.9937125431451229 -0.111961518371504 0
		outer loop
			vertex -0.027488000690937042 -0.032600000500679016 0
			vertex -0.027488000690937042 -0.032600000500679016 0.003000000026077032
			vertex -0.027500536292791367 -0.03248874098062515 0.003000000026077032
		endloop
	endfacet
	facet normal -0.9937125431451229 -0.111961518371504 0
		outer loop
			vertex -0.027488000690937042 -0.032600000500679016 0
			vertex -0.027500536292791367 -0.03248874098062515 0.003000000026077032
			vertex -0.027500536292791367 -0.03248874098062515 0
		endloop
	endfacet
	facet normal -1 0 0
		outer loop
			vertex -0.027488000690937042 -0.032600000500679016 0
			vertex -0.027488000690937042 -0.04659999907016754 0.003000000026077032
			vertex -0.027488000690937042 -0.032600000500679016 0.003000000026077032
		endloop
	endfacet
	facet normal -1 0 0
		outer loop
			vertex -0.027488000690937042 -0.032600000500679016 0
			vertex -0.027488000690937042 -0.04659999907016754 0
			vertex -0.027488000690937042 -0.04659999907016754 0.003000000026077032
		endloop
	endfacet
	facet normal -0.9937129602062683 0.11195781669046416 0
		outer loop
			vertex -0.027500536292791367 -0.046711262315511703 0
			vertex -0.027488000690937042 -0.04659999907016754 0.003000000026077032
			vertex -0.027488000690937042 -0.04659999907016754 0
		endloop
	endfacet
	facet normal -0.9937129602062683 0.11195781669046416 0
		outer loop
			vertex -0.027500536292791367 -0.046711262315511703 0
			vertex -0.027500536292791367 -0.046711262315511703 0.003000000026077032
			vertex -0.027488000690937042 -0.04659999907016754 0.003000000026077032
		endloop
	endfacet
	facet normal -0.9438822154518606 0.3302822480147664 0
		outer loop
			vertex -0.02753751538693905 -0.04681694135069847 0
			vertex -0.02753751538693905 -0.04681694135069847 0.003000000026077032
			vertex -0.027500536292791367 -0.046711262315511703 0.003000000026077032
		endloop
	endfacet
	facet normal -0.9438822154518606 0.3302822480147664 0
		outer loop
			vertex -0.02753751538693905 -0.04681694135069847 0
			vertex -0.027500536292791367 -0.046711262315511703 0.003000000026077032
			vertex -0.027500536292791367 -0.046711262315511703 0
		endloop
	endfacet
	facet normal -0.846726695264452 0.5320281040758466 0
		outer loop
			vertex -0.027597084641456604 -0.04691174626350403 0
			vertex -0.027597084641456604 -0.04691174626350403 0.003000000026077032
			vertex -0.02753751538693905 -0.04681694135069847 0.003000000026077032
		endloop
	endfacet
	facet normal -0.846726695264452 0.5320281040758466 0
		outer loop
			vertex -0.027597084641456604 -0.04691174626350403 0
			vertex -0.02753751538693905 -0.04681694135069847 0.003000000026077032
			vertex -0.02753751538693905 -0.04681694135069847 0
		endloop
	endfacet
	facet normal -0.7071067811865476 0.7071067811865476 0
		outer loop
			vertex -0.027676254510879517 -0.04699091613292694 0
			vertex -0.027676254510879517 -0.04699091613292694 0.003000000026077032
			vertex -0.027597084641456604 -0.04691174626350403 0.003000000026077032
		endloop
	endfacet
	facet normal -0.7071067811865476 0.7071067811865476 0
		outer loop
			vertex -0.027676254510879517 -0.04699091613292694 0
			vertex -0.027597084641456604 -0.04691174626350403 0.003000000026077032
			vertex -0.027597084641456604 -0.04691174626350403 0
		endloop
	endfacet
	facet normal -0.5320236711418856 0.8467294806162775 0
		outer loop
			vertex -0.027771057561039925 -0.04705048352479935 0
			vertex -0.027771057561039925 -0.04705048352479935 0.003000000026077032
			vertex -0.027676254510879517 -0.04699091613292694 0.003000000026077032
		endloop
	endfacet
	facet normal -0.5320236711418856 0.8467294806162775 0
		outer loop
			vertex -0.027771057561039925 -0.04705048352479935 0
			vertex -0.027676254510879517 -0.04699091613292694 0.003000000026077032
			vertex -0.027676254510879517 -0.04699091613292694 0
		endloop
	endfacet
	facet normal -0.33028669672630545 0.9438806587517437 0
		outer loop
			vertex -0.02787674032151699 -0.04708746448159218 0
			vertex -0.02787674032151699 -0.04708746448159218 0.003000000026077032
			vertex -0.027771057561039925 -0.04705048352479935 0.003000000026077032
		endloop
	endfacet
	facet normal -0.33028669672630545 0.9438806587517437 0
		outer loop
			vertex -0.02787674032151699 -0.04708746448159218 0
			vertex -0.027771057561039925 -0.04705048352479935 0.003000000026077032
			vertex -0.027771057561039925 -0.04705048352479935 0
		endloop
	endfacet
	facet normal -0.111961518371504 0.9937125431451229 0
		outer loop
			vertex -0.027987999841570854 -0.0471000000834465 0
			vertex -0.027987999841570854 -0.0471000000834465 0.003000000026077032
			vertex -0.02787674032151699 -0.04708746448159218 0.003000000026077032
		endloop
	endfacet
	facet normal -0.111961518371504 0.9937125431451229 0
		outer loop
			vertex -0.027987999841570854 -0.0471000000834465 0
			vertex -0.02787674032151699 -0.04708746448159218 0.003000000026077032
			vertex -0.02787674032151699 -0.04708746448159218 0
		endloop
	endfacet
	facet normal 0 1 0
		outer loop
			vertex -0.027987999841570854 -0.0471000000834465 0.003000000026077032
			vertex -0.027987999841570854 -0.0471000000834465 0
			vertex -0.033987998962402344 -0.0471000000834465 0
		endloop
	endfacet
	facet normal 0 1 0
		outer loop
			vertex -0.027987999841570854 -0.0471000000834465 0.003000000026077032
			vertex -0.033987998962402344 -0.0471000000834465 0
			vertex -0.033987998962402344 -0.0471000000834465 0.003000000026077032
		endloop
	endfacet
	facet normal 0.11195781669046416 0.9937129602062683 0
		outer loop
			vertex -0.034099262207746506 -0.04708746448159218 0
			vertex -0.033987998962402344 -0.0471000000834465 0.003000000026077032
			vertex -0.033987998962402344 -0.0471000000834465 0
		endloop
	endfacet
	facet normal 0.11195781669046416 0.9937129602062683 0
		outer loop
			vertex -0.034099262207746506 -0.04708746448159218 0
			vertex -0.034099262207746506 -0.04708746448159218 0.003000000026077032
			vertex -0.033987998962402344 -0.0471000000834465 0.003000000026077032
		endloop
	endfacet
	facet normal 0.3302970694792015 0.9438770290103746 0
		outer loop
			vertex -0.03420494124293327 -0.04705048352479935 0
			vertex -0.03420494124293327 -0.04705048352479935 0.003000000026077032
			vertex -0.034099262207746506 -0.04708746448159218 0.003000000026077032
		endloop
	endfacet
	facet normal 0.3302970694792015 0.9438770290103746 0
		outer loop
			vertex -0.03420494124293327 -0.04705048352479935 0
			vertex -0.034099262207746506 -0.04708746448159218 0.003000000026077032
			vertex -0.034099262207746506 -0.04708746448159218 0
		endloop
	endfacet
	facet normal 0.5320161769773692 0.846734189361918 0
		outer loop
			vertex -0.03429974615573883 -0.04699091613292694 0
			vertex -0.03429974615573883 -0.04699091613292694 0.003000000026077032
			vertex -0.03420494124293327 -0.04705048352479935 0.003000000026077032
		endloop
	endfacet
	facet normal 0.5320161769773692 0.846734189361918 0
		outer loop
			vertex -0.03429974615573883 -0.04699091613292694 0
			vertex -0.03420494124293327 -0.04705048352479935 0.003000000026077032
			vertex -0.03420494124293327 -0.04705048352479935 0
		endloop
	endfacet
	facet normal 0.7071067811865476 0.7071067811865476 0
		outer loop
			vertex -0.03437891602516174 -0.04691174626350403 0
			vertex -0.03437891602516174 -0.04691174626350403 0.003000000026077032
			vertex -0.03429974615573883 -0.04699091613292694 0.003000000026077032
		endloop
	endfacet
	facet normal 0.7071067811865476 0.7071067811865476 0
		outer loop
			vertex -0.03437891602516174 -0.04691174626350403 0
			vertex -0.03429974615573883 -0.04699091613292694 0.003000000026077032
			vertex -0.03429974615573883 -0.04699091613292694 0
		endloop
	endfacet
	facet normal 0.846734189361918 0.5320161769773692 0
		outer loop
			vertex -0.03443848341703415 -0.04681694135069847 0
			vertex -0.03443848341703415 -0.04681694135069847 0.003000000026077032
			vertex -0.03437891602516174 -0.04691174626350403 0.003000000026077032
		endloop
	endfacet
	facet normal 0.846734189361918 0.5320161769773692 0
		outer loop
			vertex -0.03443848341703415 -0.04681694135069847 0
			vertex -0.03437891602516174 -0.04691174626350403 0.003000000026077032
			vertex -0.03437891602516174 -0.04691174626350403 0
		endloop
	endfacet
	facet normal 0.9438770290103746 0.3302970694792015 0
		outer loop
			vertex -0.03447546437382698 -0.046711262315511703 0
			vertex -0.03447546437382698 -0.046711262315511703 0.003000000026077032
			vertex -0.03443848341703415 -0.04681694135069847 0.003000000026077032
		endloop
	endfacet
	facet normal 0.9438770290103746 0.3302970694792015 0
		outer loop
			vertex -0.03447546437382698 -0.046711262315511703 0
			vertex -0.03443848341703415 -0.04681694135069847 0.003000000026077032
			vertex -0.03443848341703415 -0.04681694135069847 0
		endloop
	endfacet
	facet normal 0.9937129602062683 0.11195781669046416 0
		outer loop
			vertex -0.034487999975681305 -0.04659999907016754 0
			vertex -0.034487999975681305 -0.04659999907016754 0.003000000026077032
			vertex -0.03447546437382698 -0.046711262315511703 0.003000000026077032
		endloop
	endfacet
	facet normal 0.9937129602062683 0.11195781669046416 0
		outer loop
			vertex -0.034487999975681305 -0.04659999907016754 0
			vertex -0.03447546437382698 -0.046711262315511703 0.003000000026077032
			vertex -0.03447546437382698 -0.046711262315511703 0
		endloop
	endfacet
	facet normal 0.9937125431451229 -0.111961518371504 0
		outer loop
			vertex -0.026037463918328285 -0.03148873895406723 0
			vertex -0.02604999952018261 -0.031599998474121094 0.003000000026077032
			vertex -0.02604999952018261 -0.031599998474121094 0
		endloop
	endfacet
	facet normal 0.9937125431451229 -0.111961518371504 0
		outer loop
			vertex -0.026037463918328285 -0.03148873895406723 0
			vertex -0.026037463918328285 -0.03148873895406723 0.003000000026077032
			vertex -0.02604999952018261 -0.031599998474121094 0.003000000026077032
		endloop
	endfacet
	facet normal 0.9438822154518606 -0.3302822480147664 0
		outer loop
			vertex -0.026000484824180603 -0.03138305991888046 0
			vertex -0.026000484824180603 -0.03138305991888046 0.003000000026077032
			vertex -0.026037463918328285 -0.03148873895406723 0.003000000026077032
		endloop
	endfacet
	facet normal 0.9438822154518606 -0.3302822480147664 0
		outer loop
			vertex -0.026000484824180603 -0.03138305991888046 0
			vertex -0.026037463918328285 -0.03148873895406723 0.003000000026077032
			vertex -0.026037463918328285 -0.03148873895406723 0
		endloop
	endfacet
	facet normal 0.846726695264452 -0.5320281040758466 0
		outer loop
			vertex -0.025940915569663048 -0.031288255006074905 0
			vertex -0.025940915569663048 -0.031288255006074905 0.003000000026077032
			vertex -0.026000484824180603 -0.03138305991888046 0.003000000026077032
		endloop
	endfacet
	facet normal 0.846726695264452 -0.5320281040758466 0
		outer loop
			vertex -0.025940915569663048 -0.031288255006074905 0
			vertex -0.026000484824180603 -0.03138305991888046 0.003000000026077032
			vertex -0.026000484824180603 -0.03138305991888046 0
		endloop
	endfacet
	facet normal 0.7071067811865476 -0.7071067811865476 0
		outer loop
			vertex -0.025861745700240135 -0.031209085136651993 0
			vertex -0.025861745700240135 -0.031209085136651993 0.003000000026077032
			vertex -0.025940915569663048 -0.031288255006074905 0.003000000026077032
		endloop
	endfacet
	facet normal 0.7071067811865476 -0.7071067811865476 0
		outer loop
			vertex -0.025861745700240135 -0.031209085136651993 0
			vertex -0.025940915569663048 -0.031288255006074905 0.003000000026077032
			vertex -0.025940915569663048 -0.031288255006074905 0
		endloop
	endfacet
	facet normal 0.5320355982757113 -0.84672198634936 0
		outer loop
			vertex -0.025766942650079727 -0.031149515882134438 0
			vertex -0.025766942650079727 -0.031149515882134438 0.003000000026077032
			vertex -0.025861745700240135 -0.031209085136651993 0.003000000026077032
		endloop
	endfacet
	facet normal 0.5320355982757113 -0.84672198634936 0
		outer loop
			vertex -0.025766942650079727 -0.031149515882134438 0
			vertex -0.025861745700240135 -0.031209085136651993 0.003000000026077032
			vertex -0.025861745700240135 -0.031209085136651993 0
		endloop
	endfacet
	facet normal 0.3302718756133454 -0.9438858448874222 0
		outer loop
			vertex -0.02566125988960266 -0.031112536787986755 0
			vertex -0.02566125988960266 -0.031112536787986755 0.003000000026077032
			vertex -0.025766942650079727 -0.031149515882134438 0.003000000026077032
		endloop
	endfacet
	facet normal 0.3302718756133454 -0.9438858448874222 0
		outer loop
			vertex -0.02566125988960266 -0.031112536787986755 0
			vertex -0.025766942650079727 -0.031149515882134438 0.003000000026077032
			vertex -0.025766942650079727 -0.031149515882134438 0
		endloop
	endfacet
	facet normal 0.11197794596869719 -0.9937106921114575 0
		outer loop
			vertex -0.025550000369548798 -0.031099999323487282 0
			vertex -0.025550000369548798 -0.031099999323487282 0.003000000026077032
			vertex -0.02566125988960266 -0.031112536787986755 0.003000000026077032
		endloop
	endfacet
	facet normal 0.11197794596869719 -0.9937106921114575 0
		outer loop
			vertex -0.025550000369548798 -0.031099999323487282 0
			vertex -0.02566125988960266 -0.031112536787986755 0.003000000026077032
			vertex -0.02566125988960266 -0.031112536787986755 0
		endloop
	endfacet
	facet normal 0 -1 0
		outer loop
			vertex -0.012550000101327896 -0.031099999323487282 0.003000000026077032
			vertex -0.025550000369548798 -0.031099999323487282 0.003000000026077032
			vertex -0.025550000369548798 -0.031099999323487282 0
		endloop
	endfacet
	facet normal 0 -1 0
		outer loop
			vertex -0.012550000101327896 -0.031099999323487282 0.003000000026077032
			vertex -0.025550000369548798 -0.031099999323487282 0
			vertex -0.012550000101327896 -0.031099999323487282 0
		endloop
	endfacet
	facet normal -0.11197702039329727 -0.9937107964110279 0
		outer loop
			vertex -0.012438739649951458 -0.031112536787986755 0
			vertex -0.012550000101327896 -0.031099999323487282 0.003000000026077032
			vertex -0.012550000101327896 -0.031099999323487282 0
		endloop
	endfacet
	facet normal -0.11197702039329727 -0.9937107964110279 0
		outer loop
			vertex -0.012438739649951458 -0.031112536787986755 0
			vertex -0.012438739649951458 -0.031112536787986755 0.003000000026077032
			vertex -0.012550000101327896 -0.031099999323487282 0.003000000026077032
		endloop
	endfacet
	facet normal -0.3302744686563627 -0.9438849375605892 0
		outer loop
			vertex -0.012333057820796967 -0.031149515882134438 0
			vertex -0.012333057820796967 -0.031149515882134438 0.003000000026077032
			vertex -0.012438739649951458 -0.031112536787986755 0.003000000026077032
		endloop
	endfacet
	facet normal -0.3302744686563627 -0.9438849375605892 0
		outer loop
			vertex -0.012333057820796967 -0.031149515882134438 0
			vertex -0.012438739649951458 -0.031112536787986755 0.003000000026077032
			vertex -0.012438739649951458 -0.031112536787986755 0
		endloop
	endfacet
	facet normal -0.5320355982757113 -0.84672198634936 0
		outer loop
			vertex -0.012238254770636559 -0.031209085136651993 0
			vertex -0.012238254770636559 -0.031209085136651993 0.003000000026077032
			vertex -0.012333057820796967 -0.031149515882134438 0.003000000026077032
		endloop
	endfacet
	facet normal -0.5320355982757113 -0.84672198634936 0
		outer loop
			vertex -0.012238254770636559 -0.031209085136651993 0
			vertex -0.012333057820796967 -0.031149515882134438 0.003000000026077032
			vertex -0.012333057820796967 -0.031149515882134438 0
		endloop
	endfacet
	facet normal -0.707102622138566 -0.7071109402100667 0
		outer loop
			vertex -0.012159083969891071 -0.031288255006074905 0
			vertex -0.012159083969891071 -0.031288255006074905 0.003000000026077032
			vertex -0.012238254770636559 -0.031209085136651993 0.003000000026077032
		endloop
	endfacet
	facet normal -0.707102622138566 -0.7071109402100667 0
		outer loop
			vertex -0.012159083969891071 -0.031288255006074905 0
			vertex -0.012238254770636559 -0.031209085136651993 0.003000000026077032
			vertex -0.012238254770636559 -0.031209085136651993 0
		endloop
	endfacet
	facet normal -0.846730442317604 -0.5320221405661938 0
		outer loop
			vertex -0.01209951564669609 -0.03138305991888046 0
			vertex -0.01209951564669609 -0.03138305991888046 0.003000000026077032
			vertex -0.012159083969891071 -0.031288255006074905 0.003000000026077032
		endloop
	endfacet
	facet normal -0.846730442317604 -0.5320221405661938 0
		outer loop
			vertex -0.01209951564669609 -0.03138305991888046 0
			vertex -0.012159083969891071 -0.031288255006074905 0.003000000026077032
			vertex -0.012159083969891071 -0.031288255006074905 0
		endloop
	endfacet
	facet normal -0.9438796222530852 -0.3302896587775244 0
		outer loop
			vertex -0.012062535621225834 -0.03148873895406723 0
			vertex -0.012062535621225834 -0.03148873895406723 0.003000000026077032
			vertex -0.01209951564669609 -0.03138305991888046 0.003000000026077032
		endloop
	endfacet
	facet normal -0.9438796222530852 -0.3302896587775244 0
		outer loop
			vertex -0.012062535621225834 -0.03148873895406723 0
			vertex -0.01209951564669609 -0.03138305991888046 0.003000000026077032
			vertex -0.01209951564669609 -0.03138305991888046 0
		endloop
	endfacet
	facet normal -0.9937125431451229 -0.111961518371504 0
		outer loop
			vertex -0.01205000001937151 -0.031599998474121094 0
			vertex -0.01205000001937151 -0.031599998474121094 0.003000000026077032
			vertex -0.012062535621225834 -0.03148873895406723 0.003000000026077032
		endloop
	endfacet
	facet normal -0.9937125431451229 -0.111961518371504 0
		outer loop
			vertex -0.01205000001937151 -0.031599998474121094 0
			vertex -0.012062535621225834 -0.03148873895406723 0.003000000026077032
			vertex -0.012062535621225834 -0.03148873895406723 0
		endloop
	endfacet
	facet normal -1 0 0
		outer loop
			vertex -0.01205000001937151 -0.031599998474121094 0
			vertex -0.01205000001937151 -0.044599998742341995 0.003000000026077032
			vertex -0.01205000001937151 -0.031599998474121094 0.003000000026077032
		endloop
	endfacet
	facet normal -1 0 0
		outer loop
			vertex -0.01205000001937151 -0.031599998474121094 0
			vertex -0.01205000001937151 -0.044599998742341995 0
			vertex -0.01205000001937151 -0.044599998742341995 0.003000000026077032
		endloop
	endfacet
	facet normal -0.9937129602062683 0.11195781669046416 0
		outer loop
			vertex -0.012062535621225834 -0.04471126198768616 0
			vertex -0.01205000001937151 -0.044599998742341995 0.003000000026077032
			vertex -0.01205000001937151 -0.044599998742341995 0
		endloop
	endfacet
	facet normal -0.9937129602062683 0.11195781669046416 0
		outer loop
			vertex -0.012062535621225834 -0.04471126198768616 0
			vertex -0.012062535621225834 -0.04471126198768616 0.003000000026077032
			vertex -0.01205000001937151 -0.044599998742341995 0.003000000026077032
		endloop
	endfacet
	facet normal -0.9438796222530852 0.3302896587775244 0
		outer loop
			vertex -0.01209951564669609 -0.044816941022872925 0
			vertex -0.01209951564669609 -0.044816941022872925 0.003000000026077032
			vertex -0.012062535621225834 -0.04471126198768616 0.003000000026077032
		endloop
	endfacet
	facet normal -0.9438796222530852 0.3302896587775244 0
		outer loop
			vertex -0.01209951564669609 -0.044816941022872925 0
			vertex -0.012062535621225834 -0.04471126198768616 0.003000000026077032
			vertex -0.012062535621225834 -0.04471126198768616 0
		endloop
	endfacet
	facet normal -0.846730442317604 0.5320221405661938 0
		outer loop
			vertex -0.012159083969891071 -0.04491174593567848 0
			vertex -0.012159083969891071 -0.04491174593567848 0.003000000026077032
			vertex -0.01209951564669609 -0.044816941022872925 0.003000000026077032
		endloop
	endfacet
	facet normal -0.846730442317604 0.5320221405661938 0
		outer loop
			vertex -0.012159083969891071 -0.04491174593567848 0
			vertex -0.01209951564669609 -0.044816941022872925 0.003000000026077032
			vertex -0.01209951564669609 -0.044816941022872925 0
		endloop
	endfacet
	facet normal -0.707102622138566 0.7071109402100667 0
		outer loop
			vertex -0.012238254770636559 -0.044990915805101395 0
			vertex -0.012238254770636559 -0.044990915805101395 0.003000000026077032
			vertex -0.012159083969891071 -0.04491174593567848 0.003000000026077032
		endloop
	endfacet
	facet normal -0.707102622138566 0.7071109402100667 0
		outer loop
			vertex -0.012238254770636559 -0.044990915805101395 0
			vertex -0.012159083969891071 -0.04491174593567848 0.003000000026077032
			vertex -0.012159083969891071 -0.04491174593567848 0
		endloop
	endfacet
	facet normal -0.5320236711418856 0.8467294806162775 0
		outer loop
			vertex -0.012333057820796967 -0.0450504831969738 0
			vertex -0.012333057820796967 -0.0450504831969738 0.003000000026077032
			vertex -0.012238254770636559 -0.044990915805101395 0.003000000026077032
		endloop
	endfacet
	facet normal -0.5320236711418856 0.8467294806162775 0
		outer loop
			vertex -0.012333057820796967 -0.0450504831969738 0
			vertex -0.012238254770636559 -0.044990915805101395 0.003000000026077032
			vertex -0.012238254770636559 -0.044990915805101395 0
		endloop
	endfacet
	facet normal -0.3302892898571905 0.9438797513484611 0
		outer loop
			vertex -0.012438739649951458 -0.04508746415376663 0
			vertex -0.012438739649951458 -0.04508746415376663 0.003000000026077032
			vertex -0.012333057820796967 -0.0450504831969738 0.003000000026077032
		endloop
	endfacet
	facet normal -0.3302892898571905 0.9438797513484611 0
		outer loop
			vertex -0.012438739649951458 -0.04508746415376663 0
			vertex -0.012333057820796967 -0.0450504831969738 0.003000000026077032
			vertex -0.012333057820796967 -0.0450504831969738 0
		endloop
	endfacet
	facet normal -0.11196059292844188 0.9937126474142874 0
		outer loop
			vertex -0.012550000101327896 -0.045099999755620956 0
			vertex -0.012550000101327896 -0.045099999755620956 0.003000000026077032
			vertex -0.012438739649951458 -0.04508746415376663 0.003000000026077032
		endloop
	endfacet
	facet normal -0.11196059292844188 0.9937126474142874 0
		outer loop
			vertex -0.012550000101327896 -0.045099999755620956 0
			vertex -0.012438739649951458 -0.04508746415376663 0.003000000026077032
			vertex -0.012438739649951458 -0.04508746415376663 0
		endloop
	endfacet
	facet normal 0 1 0
		outer loop
			vertex -0.012550000101327896 -0.045099999755620956 0.003000000026077032
			vertex -0.012550000101327896 -0.045099999755620956 0
			vertex -0.025550000369548798 -0.045099999755620956 0
		endloop
	endfacet
	facet normal 0 1 0
		outer loop
			vertex -0.012550000101327896 -0.045099999755620956 0.003000000026077032
			vertex -0.025550000369548798 -0.045099999755620956 0
			vertex -0.025550000369548798 -0.045099999755620956 0.003000000026077032
		endloop
	endfacet
	facet normal 0.111961518371504 0.9937125431451229 0
		outer loop
			vertex -0.02566125988960266 -0.04508746415376663 0
			vertex -0.025550000369548798 -0.045099999755620956 0.003000000026077032
			vertex -0.025550000369548798 -0.045099999755620956 0
		endloop
	endfacet
	facet normal 0.111961518371504 0.9937125431451229 0
		outer loop
			vertex -0.02566125988960266 -0.04508746415376663 0
			vertex -0.02566125988960266 -0.04508746415376663 0.003000000026077032
			vertex -0.025550000369548798 -0.045099999755620956 0.003000000026077032
		endloop
	endfacet
	facet normal 0.33028669672630545 0.9438806587517437 0
		outer loop
			vertex -0.025766942650079727 -0.0450504831969738 0
			vertex -0.025766942650079727 -0.0450504831969738 0.003000000026077032
			vertex -0.02566125988960266 -0.04508746415376663 0.003000000026077032
		endloop
	endfacet
	facet normal 0.33028669672630545 0.9438806587517437 0
		outer loop
			vertex -0.025766942650079727 -0.0450504831969738 0
			vertex -0.02566125988960266 -0.04508746415376663 0.003000000026077032
			vertex -0.02566125988960266 -0.04508746415376663 0
		endloop
	endfacet
	facet normal 0.5320236711418856 0.8467294806162775 0
		outer loop
			vertex -0.025861745700240135 -0.044990915805101395 0
			vertex -0.025861745700240135 -0.044990915805101395 0.003000000026077032
			vertex -0.025766942650079727 -0.0450504831969738 0.003000000026077032
		endloop
	endfacet
	facet normal 0.5320236711418856 0.8467294806162775 0
		outer loop
			vertex -0.025861745700240135 -0.044990915805101395 0
			vertex -0.025766942650079727 -0.0450504831969738 0.003000000026077032
			vertex -0.025766942650079727 -0.0450504831969738 0
		endloop
	endfacet
	facet normal 0.7071067811865476 0.7071067811865476 0
		outer loop
			vertex -0.025940915569663048 -0.04491174593567848 0
			vertex -0.025940915569663048 -0.04491174593567848 0.003000000026077032
			vertex -0.025861745700240135 -0.044990915805101395 0.003000000026077032
		endloop
	endfacet
	facet normal 0.7071067811865476 0.7071067811865476 0
		outer loop
			vertex -0.025940915569663048 -0.04491174593567848 0
			vertex -0.025861745700240135 -0.044990915805101395 0.003000000026077032
			vertex -0.025861745700240135 -0.044990915805101395 0
		endloop
	endfacet
	facet normal 0.846726695264452 0.5320281040758466 0
		outer loop
			vertex -0.026000484824180603 -0.044816941022872925 0
			vertex -0.026000484824180603 -0.044816941022872925 0.003000000026077032
			vertex -0.025940915569663048 -0.04491174593567848 0.003000000026077032
		endloop
	endfacet
	facet normal 0.846726695264452 0.5320281040758466 0
		outer loop
			vertex -0.026000484824180603 -0.044816941022872925 0
			vertex -0.025940915569663048 -0.04491174593567848 0.003000000026077032
			vertex -0.025940915569663048 -0.04491174593567848 0
		endloop
	endfacet
	facet normal 0.9438822154518606 0.3302822480147664 0
		outer loop
			vertex -0.026037463918328285 -0.04471126198768616 0
			vertex -0.026037463918328285 -0.04471126198768616 0.003000000026077032
			vertex -0.026000484824180603 -0.044816941022872925 0.003000000026077032
		endloop
	endfacet
	facet normal 0.9438822154518606 0.3302822480147664 0
		outer loop
			vertex -0.026037463918328285 -0.04471126198768616 0
			vertex -0.026000484824180603 -0.044816941022872925 0.003000000026077032
			vertex -0.026000484824180603 -0.044816941022872925 0
		endloop
	endfacet
	facet normal 0.9937129602062683 0.11195781669046416 0
		outer loop
			vertex -0.02604999952018261 -0.044599998742341995 0
			vertex -0.02604999952018261 -0.044599998742341995 0.003000000026077032
			vertex -0.026037463918328285 -0.04471126198768616 0.003000000026077032
		endloop
	endfacet
	facet normal 0.9937129602062683 0.11195781669046416 0
		outer loop
			vertex -0.02604999952018261 -0.044599998742341995 0
			vertex -0.026037463918328285 -0.04471126198768616 0.003000000026077032
			vertex -0.026037463918328285 -0.04471126198768616 0
		endloop
	endfacet
	facet normal -0.111961518371504 -0.9937125431451229 0
		outer loop
			vertex 0.03418625891208649 -0.037025537341833115 0
			vertex 0.03407499939203262 -0.03701300173997879 0.003000000026077032
			vertex 0.03407499939203262 -0.03701300173997879 0
		endloop
	endfacet
	facet normal -0.111961518371504 -0.9937125431451229 0
		outer loop
			vertex 0.03418625891208649 -0.037025537341833115 0
			vertex 0.03418625891208649 -0.037025537341833115 0.003000000026077032
			vertex 0.03407499939203262 -0.03701300173997879 0.003000000026077032
		endloop
	endfacet
	facet normal -0.3302570542560859 -0.9438910308473606 0
		outer loop
			vertex 0.03429194167256355 -0.03706251457333565 0
			vertex 0.03429194167256355 -0.03706251457333565 0.003000000026077032
			vertex 0.03418625891208649 -0.037025537341833115 0.003000000026077032
		endloop
	endfacet
	facet normal -0.3302570542560859 -0.9438910308473606 0
		outer loop
			vertex 0.03429194167256355 -0.03706251457333565 0
			vertex 0.03418625891208649 -0.037025537341833115 0.003000000026077032
			vertex 0.03418625891208649 -0.037025537341833115 0
		endloop
	endfacet
	facet normal -0.532040030857639 -0.8467192011316399 0
		outer loop
			vertex 0.03438674658536911 -0.03712208569049835 0
			vertex 0.03438674658536911 -0.03712208569049835 0.003000000026077032
			vertex 0.03429194167256355 -0.03706251457333565 0.003000000026077032
		endloop
	endfacet
	facet normal -0.532040030857639 -0.8467192011316399 0
		outer loop
			vertex 0.03438674658536911 -0.03712208569049835 0
			vertex 0.03429194167256355 -0.03706251457333565 0.003000000026077032
			vertex 0.03429194167256355 -0.03706251457333565 0
		endloop
	endfacet
	facet normal -0.7071067811865476 -0.7071067811865476 0
		outer loop
			vertex 0.03446591645479202 -0.037201255559921265 0
			vertex 0.03446591645479202 -0.037201255559921265 0.003000000026077032
			vertex 0.03438674658536911 -0.03712208569049835 0.003000000026077032
		endloop
	endfacet
	facet normal -0.7071067811865476 -0.7071067811865476 0
		outer loop
			vertex 0.03446591645479202 -0.037201255559921265 0
			vertex 0.03438674658536911 -0.03712208569049835 0.003000000026077032
			vertex 0.03438674658536911 -0.03712208569049835 0
		endloop
	endfacet
	facet normal -0.8467247716716461 -0.5320311654758574 0
		outer loop
			vertex 0.03452548384666443 -0.03729605674743652 0
			vertex 0.03452548384666443 -0.03729605674743652 0.003000000026077032
			vertex 0.03446591645479202 -0.037201255559921265 0.003000000026077032
		endloop
	endfacet
	facet normal -0.8467247716716461 -0.5320311654758574 0
		outer loop
			vertex 0.03452548384666443 -0.03729605674743652 0
			vertex 0.03446591645479202 -0.037201255559921265 0.003000000026077032
			vertex 0.03446591645479202 -0.037201255559921265 0
		endloop
	endfacet
	facet normal -0.9438806587517437 -0.33028669672630545 0
		outer loop
			vertex 0.03456246480345726 -0.03740173950791359 0
			vertex 0.03456246480345726 -0.03740173950791359 0.003000000026077032
			vertex 0.03452548384666443 -0.03729605674743652 0.003000000026077032
		endloop
	endfacet
	facet normal -0.9438806587517437 -0.33028669672630545 0
		outer loop
			vertex 0.03456246480345726 -0.03740173950791359 0
			vertex 0.03452548384666443 -0.03729605674743652 0.003000000026077032
			vertex 0.03452548384666443 -0.03729605674743652 0
		endloop
	endfacet
	facet normal -0.9937125431451229 -0.111961518371504 0
		outer loop
			vertex 0.034575000405311584 -0.03751299902796745 0
			vertex 0.034575000405311584 -0.03751299902796745 0.003000000026077032
			vertex 0.03456246480345726 -0.03740173950791359 0.003000000026077032
		endloop
	endfacet
	facet normal -0.9937125431451229 -0.111961518371504 0
		outer loop
			vertex 0.034575000405311584 -0.03751299902796745 0
			vertex 0.03456246480345726 -0.03740173950791359 0.003000000026077032
			vertex 0.03456246480345726 -0.03740173950791359 0
		endloop
	endfacet
	facet normal -1 0 0
		outer loop
			vertex 0.034575000405311584 -0.03751299902796745 0
			vertex 0.034575000405311584 -0.04351300001144409 0.003000000026077032
			vertex 0.034575000405311584 -0.03751299902796745 0.003000000026077032
		endloop
	endfacet
	facet normal -1 0 0
		outer loop
			vertex 0.034575000405311584 -0.03751299902796745 0
			vertex 0.034575000405311584 -0.04351300001144409 0
			vertex 0.034575000405311584 -0.04351300001144409 0.003000000026077032
		endloop
	endfacet
	facet normal -0.9937125431451229 0.111961518371504 0
		outer loop
			vertex 0.03456246480345726 -0.043624259531497955 0
			vertex 0.034575000405311584 -0.04351300001144409 0.003000000026077032
			vertex 0.034575000405311584 -0.04351300001144409 0
		endloop
	endfacet
	facet normal -0.9937125431451229 0.111961518371504 0
		outer loop
			vertex 0.03456246480345726 -0.043624259531497955 0
			vertex 0.03456246480345726 -0.043624259531497955 0.003000000026077032
			vertex 0.034575000405311584 -0.04351300001144409 0.003000000026077032
		endloop
	endfacet
	facet normal -0.9438806587517437 0.33028669672630545 0
		outer loop
			vertex 0.03452548384666443 -0.04372994229197502 0
			vertex 0.03452548384666443 -0.04372994229197502 0.003000000026077032
			vertex 0.03456246480345726 -0.043624259531497955 0.003000000026077032
		endloop
	endfacet
	facet normal -0.9438806587517437 0.33028669672630545 0
		outer loop
			vertex 0.03452548384666443 -0.04372994229197502 0
			vertex 0.03456246480345726 -0.043624259531497955 0.003000000026077032
			vertex 0.03456246480345726 -0.043624259531497955 0
		endloop
	endfacet
	facet normal -0.8467247716716461 0.5320311654758574 0
		outer loop
			vertex 0.03446591645479202 -0.04382474347949028 0
			vertex 0.03446591645479202 -0.04382474347949028 0.003000000026077032
			vertex 0.03452548384666443 -0.04372994229197502 0.003000000026077032
		endloop
	endfacet
	facet normal -0.8467247716716461 0.5320311654758574 0
		outer loop
			vertex 0.03446591645479202 -0.04382474347949028 0
			vertex 0.03452548384666443 -0.04372994229197502 0.003000000026077032
			vertex 0.03452548384666443 -0.04372994229197502 0
		endloop
	endfacet
	facet normal -0.7071234168403074 0.7070901451414019 0
		outer loop
			vertex 0.03438674658536911 -0.04390391707420349 0
			vertex 0.03438674658536911 -0.04390391707420349 0.003000000026077032
			vertex 0.03446591645479202 -0.04382474347949028 0.003000000026077032
		endloop
	endfacet
	facet normal -0.7071234168403074 0.7070901451414019 0
		outer loop
			vertex 0.03438674658536911 -0.04390391707420349 0
			vertex 0.03446591645479202 -0.04382474347949028 0.003000000026077032
			vertex 0.03446591645479202 -0.04382474347949028 0
		endloop
	endfacet
	facet normal -0.5320161769773692 0.846734189361918 0
		outer loop
			vertex 0.03429194167256355 -0.0439634844660759 0
			vertex 0.03429194167256355 -0.0439634844660759 0.003000000026077032
			vertex 0.03438674658536911 -0.04390391707420349 0.003000000026077032
		endloop
	endfacet
	facet normal -0.5320161769773692 0.846734189361918 0
		outer loop
			vertex 0.03429194167256355 -0.0439634844660759 0
			vertex 0.03438674658536911 -0.04390391707420349 0.003000000026077032
			vertex 0.03438674658536911 -0.04390391707420349 0
		endloop
	endfacet
	facet normal -0.33028669672630545 0.9438806587517437 0
		outer loop
			vertex 0.03418625891208649 -0.04400046542286873 0
			vertex 0.03418625891208649 -0.04400046542286873 0.003000000026077032
			vertex 0.03429194167256355 -0.0439634844660759 0.003000000026077032
		endloop
	endfacet
	facet normal -0.33028669672630545 0.9438806587517437 0
		outer loop
			vertex 0.03418625891208649 -0.04400046542286873 0
			vertex 0.03429194167256355 -0.0439634844660759 0.003000000026077032
			vertex 0.03429194167256355 -0.0439634844660759 0
		endloop
	endfacet
	facet normal -0.111961518371504 0.9937125431451229 0
		outer loop
			vertex 0.03407499939203262 -0.04401300102472305 0
			vertex 0.03407499939203262 -0.04401300102472305 0.003000000026077032
			vertex 0.03418625891208649 -0.04400046542286873 0.003000000026077032
		endloop
	endfacet
	facet normal -0.111961518371504 0.9937125431451229 0
		outer loop
			vertex 0.03407499939203262 -0.04401300102472305 0
			vertex 0.03418625891208649 -0.04400046542286873 0.003000000026077032
			vertex 0.03418625891208649 -0.04400046542286873 0
		endloop
	endfacet
	facet normal 0 1 0
		outer loop
			vertex 0.03407499939203262 -0.04401300102472305 0
			vertex 0.020075000822544098 -0.04401300102472305 0.003000000026077032
			vertex 0.03407499939203262 -0.04401300102472305 0.003000000026077032
		endloop
	endfacet
	facet normal 0 1 0
		outer loop
			vertex 0.03407499939203262 -0.04401300102472305 0
			vertex 0.020075000822544098 -0.04401300102472305 0
			vertex 0.020075000822544098 -0.04401300102472305 0.003000000026077032
		endloop
	endfacet
	facet normal 0.11195966750058142 0.9937127516808664 0
		outer loop
			vertex 0.019963739439845085 -0.04400046542286873 0
			vertex 0.020075000822544098 -0.04401300102472305 0.003000000026077032
			vertex 0.020075000822544098 -0.04401300102472305 0
		endloop
	endfacet
	facet normal 0.11195966750058142 0.9937127516808664 0
		outer loop
			vertex 0.019963739439845085 -0.04400046542286873 0
			vertex 0.019963739439845085 -0.04400046542286873 0.003000000026077032
			vertex 0.020075000822544098 -0.04401300102472305 0.003000000026077032
		endloop
	endfacet
	facet normal 0.330291883026301 0.9438788439238059 0
		outer loop
			vertex 0.01985805854201317 -0.0439634844660759 0
			vertex 0.01985805854201317 -0.0439634844660759 0.003000000026077032
			vertex 0.019963739439845085 -0.04400046542286873 0.003000000026077032
		endloop
	endfacet
	facet normal 0.330291883026301 0.9438788439238059 0
		outer loop
			vertex 0.01985805854201317 -0.0439634844660759 0
			vertex 0.019963739439845085 -0.04400046542286873 0.003000000026077032
			vertex 0.019963739439845085 -0.04400046542286873 0
		endloop
	endfacet
	facet normal 0.5320236711418856 0.8467294806162775 0
		outer loop
			vertex 0.01976325549185276 -0.04390391707420349 0
			vertex 0.01976325549185276 -0.04390391707420349 0.003000000026077032
			vertex 0.01985805854201317 -0.0439634844660759 0.003000000026077032
		endloop
	endfacet
	facet normal 0.5320236711418856 0.8467294806162775 0
		outer loop
			vertex 0.01976325549185276 -0.04390391707420349 0
			vertex 0.01985805854201317 -0.0439634844660759 0.003000000026077032
			vertex 0.01985805854201317 -0.0439634844660759 0
		endloop
	endfacet
	facet normal 0.7071150989645084 0.7070984633107427 0
		outer loop
			vertex 0.0196840837597847 -0.04382474347949028 0
			vertex 0.0196840837597847 -0.04382474347949028 0.003000000026077032
			vertex 0.01976325549185276 -0.04390391707420349 0.003000000026077032
		endloop
	endfacet
	facet normal 0.7071150989645084 0.7070984633107427 0
		outer loop
			vertex 0.0196840837597847 -0.04382474347949028 0
			vertex 0.01976325549185276 -0.04390391707420349 0.003000000026077032
			vertex 0.01976325549185276 -0.04390391707420349 0
		endloop
	endfacet
	facet normal 0.8467247716716461 0.5320311654758574 0
		outer loop
			vertex 0.019624516367912292 -0.04372994229197502 0
			vertex 0.019624516367912292 -0.04372994229197502 0.003000000026077032
			vertex 0.0196840837597847 -0.04382474347949028 0.003000000026077032
		endloop
	endfacet
	facet normal 0.8467247716716461 0.5320311654758574 0
		outer loop
			vertex 0.019624516367912292 -0.04372994229197502 0
			vertex 0.0196840837597847 -0.04382474347949028 0.003000000026077032
			vertex 0.0196840837597847 -0.04382474347949028 0
		endloop
	endfacet
	facet normal 0.9438806587517437 0.33028669672630545 0
		outer loop
			vertex 0.01958753541111946 -0.043624259531497955 0
			vertex 0.01958753541111946 -0.043624259531497955 0.003000000026077032
			vertex 0.019624516367912292 -0.04372994229197502 0.003000000026077032
		endloop
	endfacet
	facet normal 0.9438806587517437 0.33028669672630545 0
		outer loop
			vertex 0.01958753541111946 -0.043624259531497955 0
			vertex 0.019624516367912292 -0.04372994229197502 0.003000000026077032
			vertex 0.019624516367912292 -0.04372994229197502 0
		endloop
	endfacet
	facet normal 0.9937125431451229 0.111961518371504 0
		outer loop
			vertex 0.019574999809265137 -0.04351300001144409 0
			vertex 0.019574999809265137 -0.04351300001144409 0.003000000026077032
			vertex 0.01958753541111946 -0.043624259531497955 0.003000000026077032
		endloop
	endfacet
	facet normal 0.9937125431451229 0.111961518371504 0
		outer loop
			vertex 0.019574999809265137 -0.04351300001144409 0
			vertex 0.01958753541111946 -0.043624259531497955 0.003000000026077032
			vertex 0.01958753541111946 -0.043624259531497955 0
		endloop
	endfacet
	facet normal 1 0 0
		outer loop
			vertex 0.019574999809265137 -0.03751299902796745 0
			vertex 0.019574999809265137 -0.03751299902796745 0.003000000026077032
			vertex 0.019574999809265137 -0.04351300001144409 0.003000000026077032
		endloop
	endfacet
	facet normal 1 0 0
		outer loop
			vertex 0.019574999809265137 -0.03751299902796745 0
			vertex 0.019574999809265137 -0.04351300001144409 0.003000000026077032
			vertex 0.019574999809265137 -0.04351300001144409 0
		endloop
	endfacet
	facet normal 0.9937125431451229 -0.111961518371504 0
		outer loop
			vertex 0.01958753541111946 -0.03740173950791359 0
			vertex 0.019574999809265137 -0.03751299902796745 0.003000000026077032
			vertex 0.019574999809265137 -0.03751299902796745 0
		endloop
	endfacet
	facet normal 0.9937125431451229 -0.111961518371504 0
		outer loop
			vertex 0.01958753541111946 -0.03740173950791359 0
			vertex 0.01958753541111946 -0.03740173950791359 0.003000000026077032
			vertex 0.019574999809265137 -0.03751299902796745 0.003000000026077032
		endloop
	endfacet
	facet normal 0.9438806587517437 -0.33028669672630545 0
		outer loop
			vertex 0.019624516367912292 -0.03729605674743652 0
			vertex 0.019624516367912292 -0.03729605674743652 0.003000000026077032
			vertex 0.01958753541111946 -0.03740173950791359 0.003000000026077032
		endloop
	endfacet
	facet normal 0.9438806587517437 -0.33028669672630545 0
		outer loop
			vertex 0.019624516367912292 -0.03729605674743652 0
			vertex 0.01958753541111946 -0.03740173950791359 0.003000000026077032
			vertex 0.01958753541111946 -0.03740173950791359 0
		endloop
	endfacet
	facet normal 0.8467247716716461 -0.5320311654758574 0
		outer loop
			vertex 0.0196840837597847 -0.037201255559921265 0
			vertex 0.0196840837597847 -0.037201255559921265 0.003000000026077032
			vertex 0.019624516367912292 -0.03729605674743652 0.003000000026077032
		endloop
	endfacet
	facet normal 0.8467247716716461 -0.5320311654758574 0
		outer loop
			vertex 0.0196840837597847 -0.037201255559921265 0
			vertex 0.019624516367912292 -0.03729605674743652 0.003000000026077032
			vertex 0.019624516367912292 -0.03729605674743652 0
		endloop
	endfacet
	facet normal 0.7070984631150475 -0.707115099160199 0
		outer loop
			vertex 0.01976325549185276 -0.03712208569049835 0
			vertex 0.01976325549185276 -0.03712208569049835 0.003000000026077032
			vertex 0.0196840837597847 -0.037201255559921265 0.003000000026077032
		endloop
	endfacet
	facet normal 0.7070984631150475 -0.707115099160199 0
		outer loop
			vertex 0.01976325549185276 -0.03712208569049835 0
			vertex 0.0196840837597847 -0.037201255559921265 0.003000000026077032
			vertex 0.0196840837597847 -0.037201255559921265 0
		endloop
	endfacet
	facet normal 0.5320475250928425 -0.8467144920471017 0
		outer loop
			vertex 0.01985805854201317 -0.03706251457333565 0
			vertex 0.01985805854201317 -0.03706251457333565 0.003000000026077032
			vertex 0.01976325549185276 -0.03712208569049835 0.003000000026077032
		endloop
	endfacet
	facet normal 0.5320475250928425 -0.8467144920471017 0
		outer loop
			vertex 0.01985805854201317 -0.03706251457333565 0
			vertex 0.01976325549185276 -0.03712208569049835 0.003000000026077032
			vertex 0.01976325549185276 -0.03712208569049835 0
		endloop
	endfacet
	facet normal 0.33026224020459827 -0.9438892163252213 0
		outer loop
			vertex 0.019963739439845085 -0.037025537341833115 0
			vertex 0.019963739439845085 -0.037025537341833115 0.003000000026077032
			vertex 0.01985805854201317 -0.03706251457333565 0.003000000026077032
		endloop
	endfacet
	facet normal 0.33026224020459827 -0.9438892163252213 0
		outer loop
			vertex 0.019963739439845085 -0.037025537341833115 0
			vertex 0.01985805854201317 -0.03706251457333565 0.003000000026077032
			vertex 0.01985805854201317 -0.03706251457333565 0
		endloop
	endfacet
	facet normal 0.11195966750058142 -0.9937127516808664 0
		outer loop
			vertex 0.020075000822544098 -0.03701300173997879 0
			vertex 0.020075000822544098 -0.03701300173997879 0.003000000026077032
			vertex 0.019963739439845085 -0.037025537341833115 0.003000000026077032
		endloop
	endfacet
	facet normal 0.11195966750058142 -0.9937127516808664 0
		outer loop
			vertex 0.020075000822544098 -0.03701300173997879 0
			vertex 0.019963739439845085 -0.037025537341833115 0.003000000026077032
			vertex 0.019963739439845085 -0.037025537341833115 0
		endloop
	endfacet
	facet normal -0.11196973218157576 -0.9937116176613748 0
		outer loop
			vertex 0.03418625891208649 -0.013149536214768887 0
			vertex 0.03407499939203262 -0.013136999681591988 0.003000000026077032
			vertex 0.03407499939203262 -0.013136999681591988 0
		endloop
	endfacet
	facet normal -0.11196973218157576 -0.9937116176613748 0
		outer loop
			vertex 0.03418625891208649 -0.013149536214768887 0
			vertex 0.03418625891208649 -0.013149536214768887 0.003000000026077032
			vertex 0.03407499939203262 -0.013136999681591988 0.003000000026077032
		endloop
	endfacet
	facet normal -0.3302718756133454 -0.9438858448874222 0
		outer loop
			vertex 0.03429194167256355 -0.013186515308916569 0
			vertex 0.03429194167256355 -0.013186515308916569 0.003000000026077032
			vertex 0.03418625891208649 -0.013149536214768887 0.003000000026077032
		endloop
	endfacet
	facet normal -0.3302718756133454 -0.9438858448874222 0
		outer loop
			vertex 0.03429194167256355 -0.013186515308916569 0
			vertex 0.03418625891208649 -0.013149536214768887 0.003000000026077032
			vertex 0.03418625891208649 -0.013149536214768887 0
		endloop
	endfacet
	facet normal -0.5320281040758466 -0.846726695264452 0
		outer loop
			vertex 0.03438674658536911 -0.013246084563434124 0
			vertex 0.03438674658536911 -0.013246084563434124 0.003000000026077032
			vertex 0.03429194167256355 -0.013186515308916569 0.003000000026077032
		endloop
	endfacet
	facet normal -0.5320281040758466 -0.846726695264452 0
		outer loop
			vertex 0.03438674658536911 -0.013246084563434124 0
			vertex 0.03429194167256355 -0.013186515308916569 0.003000000026077032
			vertex 0.03429194167256355 -0.013186515308916569 0
		endloop
	endfacet
	facet normal -0.7071109402100667 -0.707102622138566 0
		outer loop
			vertex 0.03446591645479202 -0.013325255364179611 0
			vertex 0.03446591645479202 -0.013325255364179611 0.003000000026077032
			vertex 0.03438674658536911 -0.013246084563434124 0.003000000026077032
		endloop
	endfacet
	facet normal -0.7071109402100667 -0.707102622138566 0
		outer loop
			vertex 0.03446591645479202 -0.013325255364179611 0
			vertex 0.03438674658536911 -0.013246084563434124 0.003000000026077032
			vertex 0.03438674658536911 -0.013246084563434124 0
		endloop
	endfacet
	facet normal -0.8467294806162775 -0.5320236711418856 0
		outer loop
			vertex 0.03452548384666443 -0.01342005841434002 0
			vertex 0.03452548384666443 -0.01342005841434002 0.003000000026077032
			vertex 0.03446591645479202 -0.013325255364179611 0.003000000026077032
		endloop
	endfacet
	facet normal -0.8467294806162775 -0.5320236711418856 0
		outer loop
			vertex 0.03452548384666443 -0.01342005841434002 0
			vertex 0.03446591645479202 -0.013325255364179611 0.003000000026077032
			vertex 0.03446591645479202 -0.013325255364179611 0
		endloop
	endfacet
	facet normal -0.9438788439238059 -0.330291883026301 0
		outer loop
			vertex 0.03456246480345726 -0.013525739312171936 0
			vertex 0.03456246480345726 -0.013525739312171936 0.003000000026077032
			vertex 0.03452548384666443 -0.01342005841434002 0.003000000026077032
		endloop
	endfacet
	facet normal -0.9438788439238059 -0.330291883026301 0
		outer loop
			vertex 0.03456246480345726 -0.013525739312171936 0
			vertex 0.03452548384666443 -0.01342005841434002 0.003000000026077032
			vertex 0.03452548384666443 -0.01342005841434002 0
		endloop
	endfacet
	facet normal -0.9937126474142874 -0.11196059292844188 0
		outer loop
			vertex 0.034575000405311584 -0.013636999763548374 0
			vertex 0.034575000405311584 -0.013636999763548374 0.003000000026077032
			vertex 0.03456246480345726 -0.013525739312171936 0.003000000026077032
		endloop
	endfacet
	facet normal -0.9937126474142874 -0.11196059292844188 0
		outer loop
			vertex 0.034575000405311584 -0.013636999763548374 0
			vertex 0.03456246480345726 -0.013525739312171936 0.003000000026077032
			vertex 0.03456246480345726 -0.013525739312171936 0
		endloop
	endfacet
	facet normal -1 0 0
		outer loop
			vertex 0.034575000405311584 -0.013636999763548374 0
			vertex 0.034575000405311584 -0.01963699981570244 0.003000000026077032
			vertex 0.034575000405311584 -0.013636999763548374 0.003000000026077032
		endloop
	endfacet
	facet normal -1 0 0
		outer loop
			vertex 0.034575000405311584 -0.013636999763548374 0
			vertex 0.034575000405311584 -0.01963699981570244 0
			vertex 0.034575000405311584 -0.01963699981570244 0.003000000026077032
		endloop
	endfacet
	facet normal -0.9937127516808664 0.11195966750058142 0
		outer loop
			vertex 0.03456246480345726 -0.01974826119840145 0
			vertex 0.034575000405311584 -0.01963699981570244 0.003000000026077032
			vertex 0.034575000405311584 -0.01963699981570244 0
		endloop
	endfacet
	facet normal -0.9937127516808664 0.11195966750058142 0
		outer loop
			vertex 0.03456246480345726 -0.01974826119840145 0
			vertex 0.03456246480345726 -0.01974826119840145 0.003000000026077032
			vertex 0.034575000405311584 -0.01963699981570244 0.003000000026077032
		endloop
	endfacet
	facet normal -0.9438788439238059 0.330291883026301 0
		outer loop
			vertex 0.03452548384666443 -0.019853942096233368 0
			vertex 0.03452548384666443 -0.019853942096233368 0.003000000026077032
			vertex 0.03456246480345726 -0.01974826119840145 0.003000000026077032
		endloop
	endfacet
	facet normal -0.9438788439238059 0.330291883026301 0
		outer loop
			vertex 0.03452548384666443 -0.019853942096233368 0
			vertex 0.03456246480345726 -0.01974826119840145 0.003000000026077032
			vertex 0.03456246480345726 -0.01974826119840145 0
		endloop
	endfacet
	facet normal -0.8467294806162775 0.5320236711418856 0
		outer loop
			vertex 0.03446591645479202 -0.019948745146393776 0
			vertex 0.03446591645479202 -0.019948745146393776 0.003000000026077032
			vertex 0.03452548384666443 -0.019853942096233368 0.003000000026077032
		endloop
	endfacet
	facet normal -0.8467294806162775 0.5320236711418856 0
		outer loop
			vertex 0.03446591645479202 -0.019948745146393776 0
			vertex 0.03452548384666443 -0.019853942096233368 0.003000000026077032
			vertex 0.03452548384666443 -0.019853942096233368 0
		endloop
	endfacet
	facet normal -0.7071067811865476 0.7071067811865476 0
		outer loop
			vertex 0.03438674658536911 -0.02002791501581669 0
			vertex 0.03438674658536911 -0.02002791501581669 0.003000000026077032
			vertex 0.03446591645479202 -0.019948745146393776 0.003000000026077032
		endloop
	endfacet
	facet normal -0.7071067811865476 0.7071067811865476 0
		outer loop
			vertex 0.03438674658536911 -0.02002791501581669 0
			vertex 0.03446591645479202 -0.019948745146393776 0.003000000026077032
			vertex 0.03446591645479202 -0.019948745146393776 0
		endloop
	endfacet
	facet normal -0.5320281040758466 0.846726695264452 0
		outer loop
			vertex 0.03429194167256355 -0.020087484270334244 0
			vertex 0.03429194167256355 -0.020087484270334244 0.003000000026077032
			vertex 0.03438674658536911 -0.02002791501581669 0.003000000026077032
		endloop
	endfacet
	facet normal -0.5320281040758466 0.846726695264452 0
		outer loop
			vertex 0.03429194167256355 -0.020087484270334244 0
			vertex 0.03438674658536911 -0.02002791501581669 0.003000000026077032
			vertex 0.03438674658536911 -0.02002791501581669 0
		endloop
	endfacet
	facet normal -0.3302718756133454 0.9438858448874222 0
		outer loop
			vertex 0.03418625891208649 -0.020124463364481926 0
			vertex 0.03418625891208649 -0.020124463364481926 0.003000000026077032
			vertex 0.03429194167256355 -0.020087484270334244 0.003000000026077032
		endloop
	endfacet
	facet normal -0.3302718756133454 0.9438858448874222 0
		outer loop
			vertex 0.03418625891208649 -0.020124463364481926 0
			vertex 0.03429194167256355 -0.020087484270334244 0.003000000026077032
			vertex 0.03429194167256355 -0.020087484270334244 0
		endloop
	endfacet
	facet normal -0.11197794596869719 0.9937106921114575 0
		outer loop
			vertex 0.03407499939203262 -0.0201370008289814 0
			vertex 0.03407499939203262 -0.0201370008289814 0.003000000026077032
			vertex 0.03418625891208649 -0.020124463364481926 0.003000000026077032
		endloop
	endfacet
	facet normal -0.11197794596869719 0.9937106921114575 0
		outer loop
			vertex 0.03407499939203262 -0.0201370008289814 0
			vertex 0.03418625891208649 -0.020124463364481926 0.003000000026077032
			vertex 0.03418625891208649 -0.020124463364481926 0
		endloop
	endfacet
	facet normal 0 1 0
		outer loop
			vertex 0.03407499939203262 -0.0201370008289814 0
			vertex 0.020075000822544098 -0.0201370008289814 0.003000000026077032
			vertex 0.03407499939203262 -0.0201370008289814 0.003000000026077032
		endloop
	endfacet
	facet normal 0 1 0
		outer loop
			vertex 0.03407499939203262 -0.0201370008289814 0
			vertex 0.020075000822544098 -0.0201370008289814 0
			vertex 0.020075000822544098 -0.0201370008289814 0.003000000026077032
		endloop
	endfacet
	facet normal 0.1119760948331011 0.9937109007080119 0
		outer loop
			vertex 0.019963739439845085 -0.020124463364481926 0
			vertex 0.020075000822544098 -0.0201370008289814 0.003000000026077032
			vertex 0.020075000822544098 -0.0201370008289814 0
		endloop
	endfacet
	facet normal 0.1119760948331011 0.9937109007080119 0
		outer loop
			vertex 0.019963739439845085 -0.020124463364481926 0
			vertex 0.019963739439845085 -0.020124463364481926 0.003000000026077032
			vertex 0.020075000822544098 -0.0201370008289814 0.003000000026077032
		endloop
	endfacet
	facet normal 0.33027706173760474 0.943884030212385 0
		outer loop
			vertex 0.01985805854201317 -0.020087484270334244 0
			vertex 0.01985805854201317 -0.020087484270334244 0.003000000026077032
			vertex 0.019963739439845085 -0.020124463364481926 0.003000000026077032
		endloop
	endfacet
	facet normal 0.33027706173760474 0.943884030212385 0
		outer loop
			vertex 0.01985805854201317 -0.020087484270334244 0
			vertex 0.019963739439845085 -0.020124463364481926 0.003000000026077032
			vertex 0.019963739439845085 -0.020124463364481926 0
		endloop
	endfacet
	facet normal 0.5320355982757113 0.84672198634936 0
		outer loop
			vertex 0.01976325549185276 -0.02002791501581669 0
			vertex 0.01976325549185276 -0.02002791501581669 0.003000000026077032
			vertex 0.01985805854201317 -0.020087484270334244 0.003000000026077032
		endloop
	endfacet
	facet normal 0.5320355982757113 0.84672198634936 0
		outer loop
			vertex 0.01976325549185276 -0.02002791501581669 0
			vertex 0.01985805854201317 -0.020087484270334244 0.003000000026077032
			vertex 0.01985805854201317 -0.020087484270334244 0
		endloop
	endfacet
	facet normal 0.7070984631150475 0.707115099160199 0
		outer loop
			vertex 0.0196840837597847 -0.019948745146393776 0
			vertex 0.0196840837597847 -0.019948745146393776 0.003000000026077032
			vertex 0.01976325549185276 -0.02002791501581669 0.003000000026077032
		endloop
	endfacet
	facet normal 0.7070984631150475 0.707115099160199 0
		outer loop
			vertex 0.0196840837597847 -0.019948745146393776 0
			vertex 0.01976325549185276 -0.02002791501581669 0.003000000026077032
			vertex 0.01976325549185276 -0.02002791501581669 0
		endloop
	endfacet
	facet normal 0.8467294806162775 0.5320236711418856 0
		outer loop
			vertex 0.019624516367912292 -0.019853942096233368 0
			vertex 0.019624516367912292 -0.019853942096233368 0.003000000026077032
			vertex 0.0196840837597847 -0.019948745146393776 0.003000000026077032
		endloop
	endfacet
	facet normal 0.8467294806162775 0.5320236711418856 0
		outer loop
			vertex 0.019624516367912292 -0.019853942096233368 0
			vertex 0.0196840837597847 -0.019948745146393776 0.003000000026077032
			vertex 0.0196840837597847 -0.019948745146393776 0
		endloop
	endfacet
	facet normal 0.9438788439238059 0.330291883026301 0
		outer loop
			vertex 0.01958753541111946 -0.01974826119840145 0
			vertex 0.01958753541111946 -0.01974826119840145 0.003000000026077032
			vertex 0.019624516367912292 -0.019853942096233368 0.003000000026077032
		endloop
	endfacet
	facet normal 0.9438788439238059 0.330291883026301 0
		outer loop
			vertex 0.01958753541111946 -0.01974826119840145 0
			vertex 0.019624516367912292 -0.019853942096233368 0.003000000026077032
			vertex 0.019624516367912292 -0.019853942096233368 0
		endloop
	endfacet
	facet normal 0.9937127516808664 0.11195966750058142 0
		outer loop
			vertex 0.019574999809265137 -0.01963699981570244 0
			vertex 0.019574999809265137 -0.01963699981570244 0.003000000026077032
			vertex 0.01958753541111946 -0.01974826119840145 0.003000000026077032
		endloop
	endfacet
	facet normal 0.9937127516808664 0.11195966750058142 0
		outer loop
			vertex 0.019574999809265137 -0.01963699981570244 0
			vertex 0.01958753541111946 -0.01974826119840145 0.003000000026077032
			vertex 0.01958753541111946 -0.01974826119840145 0
		endloop
	endfacet
	facet normal 1 0 0
		outer loop
			vertex 0.019574999809265137 -0.013636999763548374 0
			vertex 0.019574999809265137 -0.013636999763548374 0.003000000026077032
			vertex 0.019574999809265137 -0.01963699981570244 0.003000000026077032
		endloop
	endfacet
	facet normal 1 0 0
		outer loop
			vertex 0.019574999809265137 -0.013636999763548374 0
			vertex 0.019574999809265137 -0.01963699981570244 0.003000000026077032
			vertex 0.019574999809265137 -0.01963699981570244 0
		endloop
	endfacet
	facet normal 0.9937126474142874 -0.11196059292844188 0
		outer loop
			vertex 0.01958753541111946 -0.013525739312171936 0
			vertex 0.019574999809265137 -0.013636999763548374 0.003000000026077032
			vertex 0.019574999809265137 -0.013636999763548374 0
		endloop
	endfacet
	facet normal 0.9937126474142874 -0.11196059292844188 0
		outer loop
			vertex 0.01958753541111946 -0.013525739312171936 0
			vertex 0.01958753541111946 -0.013525739312171936 0.003000000026077032
			vertex 0.019574999809265137 -0.013636999763548374 0.003000000026077032
		endloop
	endfacet
	facet normal 0.9438788439238059 -0.330291883026301 0
		outer loop
			vertex 0.019624516367912292 -0.01342005841434002 0
			vertex 0.019624516367912292 -0.01342005841434002 0.003000000026077032
			vertex 0.01958753541111946 -0.013525739312171936 0.003000000026077032
		endloop
	endfacet
	facet normal 0.9438788439238059 -0.330291883026301 0
		outer loop
			vertex 0.019624516367912292 -0.01342005841434002 0
			vertex 0.01958753541111946 -0.013525739312171936 0.003000000026077032
			vertex 0.01958753541111946 -0.013525739312171936 0
		endloop
	endfacet
	facet normal 0.8467294806162775 -0.5320236711418856 0
		outer loop
			vertex 0.0196840837597847 -0.013325255364179611 0
			vertex 0.0196840837597847 -0.013325255364179611 0.003000000026077032
			vertex 0.019624516367912292 -0.01342005841434002 0.003000000026077032
		endloop
	endfacet
	facet normal 0.8467294806162775 -0.5320236711418856 0
		outer loop
			vertex 0.0196840837597847 -0.013325255364179611 0
			vertex 0.019624516367912292 -0.01342005841434002 0.003000000026077032
			vertex 0.019624516367912292 -0.01342005841434002 0
		endloop
	endfacet
	facet normal 0.7071026221874905 -0.7071109401611426 0
		outer loop
			vertex 0.01976325549185276 -0.013246084563434124 0
			vertex 0.01976325549185276 -0.013246084563434124 0.003000000026077032
			vertex 0.0196840837597847 -0.013325255364179611 0.003000000026077032
		endloop
	endfacet
	facet normal 0.7071026221874905 -0.7071109401611426 0
		outer loop
			vertex 0.01976325549185276 -0.013246084563434124 0
			vertex 0.0196840837597847 -0.013325255364179611 0.003000000026077032
			vertex 0.0196840837597847 -0.013325255364179611 0
		endloop
	endfacet
	facet normal 0.5320355982757113 -0.84672198634936 0
		outer loop
			vertex 0.01985805854201317 -0.013186515308916569 0
			vertex 0.01985805854201317 -0.013186515308916569 0.003000000026077032
			vertex 0.01976325549185276 -0.013246084563434124 0.003000000026077032
		endloop
	endfacet
	facet normal 0.5320355982757113 -0.84672198634936 0
		outer loop
			vertex 0.01985805854201317 -0.013186515308916569 0
			vertex 0.01976325549185276 -0.013246084563434124 0.003000000026077032
			vertex 0.01976325549185276 -0.013246084563434124 0
		endloop
	endfacet
	facet normal 0.33027706173760474 -0.943884030212385 0
		outer loop
			vertex 0.019963739439845085 -0.013149536214768887 0
			vertex 0.019963739439845085 -0.013149536214768887 0.003000000026077032
			vertex 0.01985805854201317 -0.013186515308916569 0.003000000026077032
		endloop
	endfacet
	facet normal 0.33027706173760474 -0.943884030212385 0
		outer loop
			vertex 0.019963739439845085 -0.013149536214768887 0
			vertex 0.01985805854201317 -0.013186515308916569 0.003000000026077032
			vertex 0.01985805854201317 -0.013186515308916569 0
		endloop
	endfacet
	facet normal 0.1119678811783159 -0.993711826227523 0
		outer loop
			vertex 0.020075000822544098 -0.013136999681591988 0
			vertex 0.020075000822544098 -0.013136999681591988 0.003000000026077032
			vertex 0.019963739439845085 -0.013149536214768887 0.003000000026077032
		endloop
	endfacet
	facet normal 0.1119678811783159 -0.993711826227523 0
		outer loop
			vertex 0.020075000822544098 -0.013136999681591988 0
			vertex 0.019963739439845085 -0.013149536214768887 0.003000000026077032
			vertex 0.019963739439845085 -0.013149536214768887 0
		endloop
	endfacet
	facet normal -0.111961518371504 -0.9937125431451229 0
		outer loop
			vertex 0.03518626093864441 -0.021587535738945007 0
			vertex 0.035075001418590546 -0.021575000137090683 0.003000000026077032
			vertex 0.035075001418590546 -0.021575000137090683 0
		endloop
	endfacet
	facet normal -0.111961518371504 -0.9937125431451229 0
		outer loop
			vertex 0.03518626093864441 -0.021587535738945007 0
			vertex 0.03518626093864441 -0.021587535738945007 0.003000000026077032
			vertex 0.035075001418590546 -0.021575000137090683 0.003000000026077032
		endloop
	endfacet
	facet normal -0.3302718756133454 -0.9438858448874222 0
		outer loop
			vertex 0.035291943699121475 -0.02162451483309269 0
			vertex 0.035291943699121475 -0.02162451483309269 0.003000000026077032
			vertex 0.03518626093864441 -0.021587535738945007 0.003000000026077032
		endloop
	endfacet
	facet normal -0.3302718756133454 -0.9438858448874222 0
		outer loop
			vertex 0.035291943699121475 -0.02162451483309269 0
			vertex 0.03518626093864441 -0.021587535738945007 0.003000000026077032
			vertex 0.03518626093864441 -0.021587535738945007 0
		endloop
	endfacet
	facet normal -0.5320430926450269 -0.8467172772352739 0
		outer loop
			vertex 0.035386744886636734 -0.021684084087610245 0
			vertex 0.035386744886636734 -0.021684084087610245 0.003000000026077032
			vertex 0.035291943699121475 -0.02162451483309269 0.003000000026077032
		endloop
	endfacet
	facet normal -0.5320430926450269 -0.8467172772352739 0
		outer loop
			vertex 0.035386744886636734 -0.021684084087610245 0
			vertex 0.035291943699121475 -0.02162451483309269 0.003000000026077032
			vertex 0.035291943699121475 -0.02162451483309269 0
		endloop
	endfacet
	facet normal -0.707115099160199 -0.7070984631150475 0
		outer loop
			vertex 0.03546591475605965 -0.021763255819678307 0
			vertex 0.03546591475605965 -0.021763255819678307 0.003000000026077032
			vertex 0.035386744886636734 -0.021684084087610245 0.003000000026077032
		endloop
	endfacet
	facet normal -0.707115099160199 -0.7070984631150475 0
		outer loop
			vertex 0.03546591475605965 -0.021763255819678307 0
			vertex 0.035386744886636734 -0.021684084087610245 0.003000000026077032
			vertex 0.035386744886636734 -0.021684084087610245 0
		endloop
	endfacet
	facet normal -0.8467144920471017 -0.5320475250928425 0
		outer loop
			vertex 0.03552548587322235 -0.021858058869838715 0
			vertex 0.03552548587322235 -0.021858058869838715 0.003000000026077032
			vertex 0.03546591475605965 -0.021763255819678307 0.003000000026077032
		endloop
	endfacet
	facet normal -0.8467144920471017 -0.5320475250928425 0
		outer loop
			vertex 0.03552548587322235 -0.021858058869838715 0
			vertex 0.03546591475605965 -0.021763255819678307 0.003000000026077032
			vertex 0.03546591475605965 -0.021763255819678307 0
		endloop
	endfacet
	facet normal -0.9438892163252213 -0.33026224020459827 0
		outer loop
			vertex 0.035562463104724884 -0.02196373976767063 0
			vertex 0.035562463104724884 -0.02196373976767063 0.003000000026077032
			vertex 0.03552548587322235 -0.021858058869838715 0.003000000026077032
		endloop
	endfacet
	facet normal -0.9438892163252213 -0.33026224020459827 0
		outer loop
			vertex 0.035562463104724884 -0.02196373976767063 0
			vertex 0.03552548587322235 -0.021858058869838715 0.003000000026077032
			vertex 0.03552548587322235 -0.021858058869838715 0
		endloop
	endfacet
	facet normal -0.9937125431451229 -0.111961518371504 0
		outer loop
			vertex 0.03557499870657921 -0.022074999287724495 0
			vertex 0.03557499870657921 -0.022074999287724495 0.003000000026077032
			vertex 0.035562463104724884 -0.02196373976767063 0.003000000026077032
		endloop
	endfacet
	facet normal -0.9937125431451229 -0.111961518371504 0
		outer loop
			vertex 0.03557499870657921 -0.022074999287724495 0
			vertex 0.035562463104724884 -0.02196373976767063 0.003000000026077032
			vertex 0.035562463104724884 -0.02196373976767063 0
		endloop
	endfacet
	facet normal -1 0 0
		outer loop
			vertex 0.03557499870657921 -0.022074999287724495 0
			vertex 0.03557499870657921 -0.035075001418590546 0.003000000026077032
			vertex 0.03557499870657921 -0.022074999287724495 0.003000000026077032
		endloop
	endfacet
	facet normal -1 0 0
		outer loop
			vertex 0.03557499870657921 -0.022074999287724495 0
			vertex 0.03557499870657921 -0.035075001418590546 0
			vertex 0.03557499870657921 -0.035075001418590546 0.003000000026077032
		endloop
	endfacet
	facet normal -0.9937125431451229 0.111961518371504 0
		outer loop
			vertex 0.035562463104724884 -0.03518626093864441 0
			vertex 0.03557499870657921 -0.035075001418590546 0.003000000026077032
			vertex 0.03557499870657921 -0.035075001418590546 0
		endloop
	endfacet
	facet normal -0.9937125431451229 0.111961518371504 0
		outer loop
			vertex 0.035562463104724884 -0.03518626093864441 0
			vertex 0.035562463104724884 -0.03518626093864441 0.003000000026077032
			vertex 0.03557499870657921 -0.035075001418590546 0.003000000026077032
		endloop
	endfacet
	facet normal -0.9438910308473606 0.3302570542560859 0
		outer loop
			vertex 0.03552548587322235 -0.035291943699121475 0
			vertex 0.03552548587322235 -0.035291943699121475 0.003000000026077032
			vertex 0.035562463104724884 -0.03518626093864441 0.003000000026077032
		endloop
	endfacet
	facet normal -0.9438910308473606 0.3302570542560859 0
		outer loop
			vertex 0.03552548587322235 -0.035291943699121475 0
			vertex 0.035562463104724884 -0.03518626093864441 0.003000000026077032
			vertex 0.035562463104724884 -0.03518626093864441 0
		endloop
	endfacet
	facet normal -0.8467097827635652 0.5320550194974918 0
		outer loop
			vertex 0.03546591475605965 -0.035386744886636734 0
			vertex 0.03546591475605965 -0.035386744886636734 0.003000000026077032
			vertex 0.03552548587322235 -0.035291943699121475 0.003000000026077032
		endloop
	endfacet
	facet normal -0.8467097827635652 0.5320550194974918 0
		outer loop
			vertex 0.03546591475605965 -0.035386744886636734 0
			vertex 0.03552548587322235 -0.035291943699121475 0.003000000026077032
			vertex 0.03552548587322235 -0.035291943699121475 0
		endloop
	endfacet
	facet normal -0.7071067811865476 0.7071067811865476 0
		outer loop
			vertex 0.035386744886636734 -0.03546591475605965 0
			vertex 0.035386744886636734 -0.03546591475605965 0.003000000026077032
			vertex 0.03546591475605965 -0.035386744886636734 0.003000000026077032
		endloop
	endfacet
	facet normal -0.7071067811865476 0.7071067811865476 0
		outer loop
			vertex 0.035386744886636734 -0.03546591475605965 0
			vertex 0.03546591475605965 -0.035386744886636734 0.003000000026077032
			vertex 0.03546591475605965 -0.035386744886636734 0
		endloop
	endfacet
	facet normal -0.5320550194974918 0.8467097827635652 0
		outer loop
			vertex 0.035291943699121475 -0.03552548587322235 0
			vertex 0.035291943699121475 -0.03552548587322235 0.003000000026077032
			vertex 0.035386744886636734 -0.03546591475605965 0.003000000026077032
		endloop
	endfacet
	facet normal -0.5320550194974918 0.8467097827635652 0
		outer loop
			vertex 0.035291943699121475 -0.03552548587322235 0
			vertex 0.035386744886636734 -0.03546591475605965 0.003000000026077032
			vertex 0.035386744886636734 -0.03546591475605965 0
		endloop
	endfacet
	facet normal -0.3302570542560859 0.9438910308473606 0
		outer loop
			vertex 0.03518626093864441 -0.035562463104724884 0
			vertex 0.03518626093864441 -0.035562463104724884 0.003000000026077032
			vertex 0.035291943699121475 -0.03552548587322235 0.003000000026077032
		endloop
	endfacet
	facet normal -0.3302570542560859 0.9438910308473606 0
		outer loop
			vertex 0.03518626093864441 -0.035562463104724884 0
			vertex 0.035291943699121475 -0.03552548587322235 0.003000000026077032
			vertex 0.035291943699121475 -0.03552548587322235 0
		endloop
	endfacet
	facet normal -0.111961518371504 0.9937125431451229 0
		outer loop
			vertex 0.035075001418590546 -0.03557499870657921 0
			vertex 0.035075001418590546 -0.03557499870657921 0.003000000026077032
			vertex 0.03518626093864441 -0.035562463104724884 0.003000000026077032
		endloop
	endfacet
	facet normal -0.111961518371504 0.9937125431451229 0
		outer loop
			vertex 0.035075001418590546 -0.03557499870657921 0
			vertex 0.03518626093864441 -0.035562463104724884 0.003000000026077032
			vertex 0.03518626093864441 -0.035562463104724884 0
		endloop
	endfacet
	facet normal 0 1 0
		outer loop
			vertex 0.035075001418590546 -0.03557499870657921 0
			vertex 0.022074999287724495 -0.03557499870657921 0.003000000026077032
			vertex 0.035075001418590546 -0.03557499870657921 0.003000000026077032
		endloop
	endfacet
	facet normal 0 1 0
		outer loop
			vertex 0.035075001418590546 -0.03557499870657921 0
			vertex 0.022074999287724495 -0.03557499870657921 0
			vertex 0.022074999287724495 -0.03557499870657921 0.003000000026077032
		endloop
	endfacet
	facet normal 0.111961518371504 0.9937125431451229 0
		outer loop
			vertex 0.02196373976767063 -0.035562463104724884 0
			vertex 0.022074999287724495 -0.03557499870657921 0.003000000026077032
			vertex 0.022074999287724495 -0.03557499870657921 0
		endloop
	endfacet
	facet normal 0.111961518371504 0.9937125431451229 0
		outer loop
			vertex 0.02196373976767063 -0.035562463104724884 0
			vertex 0.02196373976767063 -0.035562463104724884 0.003000000026077032
			vertex 0.022074999287724495 -0.03557499870657921 0.003000000026077032
		endloop
	endfacet
	facet normal 0.33026224020459827 0.9438892163252213 0
		outer loop
			vertex 0.021858058869838715 -0.03552548587322235 0
			vertex 0.021858058869838715 -0.03552548587322235 0.003000000026077032
			vertex 0.02196373976767063 -0.035562463104724884 0.003000000026077032
		endloop
	endfacet
	facet normal 0.33026224020459827 0.9438892163252213 0
		outer loop
			vertex 0.021858058869838715 -0.03552548587322235 0
			vertex 0.02196373976767063 -0.035562463104724884 0.003000000026077032
			vertex 0.02196373976767063 -0.035562463104724884 0
		endloop
	endfacet
	facet normal 0.5320475250928425 0.8467144920471017 0
		outer loop
			vertex 0.021763255819678307 -0.03546591475605965 0
			vertex 0.021763255819678307 -0.03546591475605965 0.003000000026077032
			vertex 0.021858058869838715 -0.03552548587322235 0.003000000026077032
		endloop
	endfacet
	facet normal 0.5320475250928425 0.8467144920471017 0
		outer loop
			vertex 0.021763255819678307 -0.03546591475605965 0
			vertex 0.021858058869838715 -0.03552548587322235 0.003000000026077032
			vertex 0.021858058869838715 -0.03552548587322235 0
		endloop
	endfacet
	facet normal 0.7070984631150475 0.707115099160199 0
		outer loop
			vertex 0.021684084087610245 -0.035386744886636734 0
			vertex 0.021684084087610245 -0.035386744886636734 0.003000000026077032
			vertex 0.021763255819678307 -0.03546591475605965 0.003000000026077032
		endloop
	endfacet
	facet normal 0.7070984631150475 0.707115099160199 0
		outer loop
			vertex 0.021684084087610245 -0.035386744886636734 0
			vertex 0.021763255819678307 -0.03546591475605965 0.003000000026077032
			vertex 0.021763255819678307 -0.03546591475605965 0
		endloop
	endfacet
	facet normal 0.8467172772352739 0.5320430926450269 0
		outer loop
			vertex 0.02162451483309269 -0.035291943699121475 0
			vertex 0.02162451483309269 -0.035291943699121475 0.003000000026077032
			vertex 0.021684084087610245 -0.035386744886636734 0.003000000026077032
		endloop
	endfacet
	facet normal 0.8467172772352739 0.5320430926450269 0
		outer loop
			vertex 0.02162451483309269 -0.035291943699121475 0
			vertex 0.021684084087610245 -0.035386744886636734 0.003000000026077032
			vertex 0.021684084087610245 -0.035386744886636734 0
		endloop
	endfacet
	facet normal 0.9438858448874222 0.3302718756133454 0
		outer loop
			vertex 0.021587535738945007 -0.03518626093864441 0
			vertex 0.021587535738945007 -0.03518626093864441 0.003000000026077032
			vertex 0.02162451483309269 -0.035291943699121475 0.003000000026077032
		endloop
	endfacet
	facet normal 0.9438858448874222 0.3302718756133454 0
		outer loop
			vertex 0.021587535738945007 -0.03518626093864441 0
			vertex 0.02162451483309269 -0.035291943699121475 0.003000000026077032
			vertex 0.02162451483309269 -0.035291943699121475 0
		endloop
	endfacet
	facet normal 0.9937125431451229 0.111961518371504 0
		outer loop
			vertex 0.021575000137090683 -0.035075001418590546 0
			vertex 0.021575000137090683 -0.035075001418590546 0.003000000026077032
			vertex 0.021587535738945007 -0.03518626093864441 0.003000000026077032
		endloop
	endfacet
	facet normal 0.9937125431451229 0.111961518371504 0
		outer loop
			vertex 0.021575000137090683 -0.035075001418590546 0
			vertex 0.021587535738945007 -0.03518626093864441 0.003000000026077032
			vertex 0.021587535738945007 -0.03518626093864441 0
		endloop
	endfacet
	facet normal 1 0 0
		outer loop
			vertex 0.021575000137090683 -0.022074999287724495 0
			vertex 0.021575000137090683 -0.022074999287724495 0.003000000026077032
			vertex 0.021575000137090683 -0.035075001418590546 0.003000000026077032
		endloop
	endfacet
	facet normal 1 0 0
		outer loop
			vertex 0.021575000137090683 -0.022074999287724495 0
			vertex 0.021575000137090683 -0.035075001418590546 0.003000000026077032
			vertex 0.021575000137090683 -0.035075001418590546 0
		endloop
	endfacet
	facet normal 0.9937125431451229 -0.111961518371504 0
		outer loop
			vertex 0.021587535738945007 -0.02196373976767063 0
			vertex 0.021575000137090683 -0.022074999287724495 0.003000000026077032
			vertex 0.021575000137090683 -0.022074999287724495 0
		endloop
	endfacet
	facet normal 0.9937125431451229 -0.111961518371504 0
		outer loop
			vertex 0.021587535738945007 -0.02196373976767063 0
			vertex 0.021587535738945007 -0.02196373976767063 0.003000000026077032
			vertex 0.021575000137090683 -0.022074999287724495 0.003000000026077032
		endloop
	endfacet
	facet normal 0.943884030212385 -0.33027706173760474 0
		outer loop
			vertex 0.02162451483309269 -0.021858058869838715 0
			vertex 0.02162451483309269 -0.021858058869838715 0.003000000026077032
			vertex 0.021587535738945007 -0.02196373976767063 0.003000000026077032
		endloop
	endfacet
	facet normal 0.943884030212385 -0.33027706173760474 0
		outer loop
			vertex 0.02162451483309269 -0.021858058869838715 0
			vertex 0.021587535738945007 -0.02196373976767063 0.003000000026077032
			vertex 0.021587535738945007 -0.02196373976767063 0
		endloop
	endfacet
	facet normal 0.84672198634936 -0.5320355982757113 0
		outer loop
			vertex 0.021684084087610245 -0.021763255819678307 0
			vertex 0.021684084087610245 -0.021763255819678307 0.003000000026077032
			vertex 0.02162451483309269 -0.021858058869838715 0.003000000026077032
		endloop
	endfacet
	facet normal 0.84672198634936 -0.5320355982757113 0
		outer loop
			vertex 0.021684084087610245 -0.021763255819678307 0
			vertex 0.02162451483309269 -0.021858058869838715 0.003000000026077032
			vertex 0.02162451483309269 -0.021858058869838715 0
		endloop
	endfacet
	facet normal 0.7071067811865476 -0.7071067811865476 0
		outer loop
			vertex 0.021763255819678307 -0.021684084087610245 0
			vertex 0.021763255819678307 -0.021684084087610245 0.003000000026077032
			vertex 0.021684084087610245 -0.021763255819678307 0.003000000026077032
		endloop
	endfacet
	facet normal 0.7071067811865476 -0.7071067811865476 0
		outer loop
			vertex 0.021763255819678307 -0.021684084087610245 0
			vertex 0.021684084087610245 -0.021763255819678307 0.003000000026077032
			vertex 0.021684084087610245 -0.021763255819678307 0
		endloop
	endfacet
	facet normal 0.5320355982757113 -0.84672198634936 0
		outer loop
			vertex 0.021858058869838715 -0.02162451483309269 0
			vertex 0.021858058869838715 -0.02162451483309269 0.003000000026077032
			vertex 0.021763255819678307 -0.021684084087610245 0.003000000026077032
		endloop
	endfacet
	facet normal 0.5320355982757113 -0.84672198634936 0
		outer loop
			vertex 0.021858058869838715 -0.02162451483309269 0
			vertex 0.021763255819678307 -0.021684084087610245 0.003000000026077032
			vertex 0.021763255819678307 -0.021684084087610245 0
		endloop
	endfacet
	facet normal 0.33027706173760474 -0.943884030212385 0
		outer loop
			vertex 0.02196373976767063 -0.021587535738945007 0
			vertex 0.02196373976767063 -0.021587535738945007 0.003000000026077032
			vertex 0.021858058869838715 -0.02162451483309269 0.003000000026077032
		endloop
	endfacet
	facet normal 0.33027706173760474 -0.943884030212385 0
		outer loop
			vertex 0.02196373976767063 -0.021587535738945007 0
			vertex 0.021858058869838715 -0.02162451483309269 0.003000000026077032
			vertex 0.021858058869838715 -0.02162451483309269 0
		endloop
	endfacet
	facet normal 0.111961518371504 -0.9937125431451229 0
		outer loop
			vertex 0.022074999287724495 -0.021575000137090683 0
			vertex 0.022074999287724495 -0.021575000137090683 0.003000000026077032
			vertex 0.02196373976767063 -0.021587535738945007 0.003000000026077032
		endloop
	endfacet
	facet normal 0.111961518371504 -0.9937125431451229 0
		outer loop
			vertex 0.022074999287724495 -0.021575000137090683 0
			vertex 0.02196373976767063 -0.021587535738945007 0.003000000026077032
			vertex 0.02196373976767063 -0.021587535738945007 0
		endloop
	endfacet
	facet normal 0.9937121846882858 -0.1119646998032618 0
		outer loop
			vertex 0.0025375359691679478 -0.012438739649951458 0
			vertex 0.002524999901652336 -0.012550000101327896 0.003000000026077032
			vertex 0.002524999901652336 -0.012550000101327896 0
		endloop
	endfacet
	facet normal 0.9937121846882858 -0.1119646998032618 0
		outer loop
			vertex 0.0025375359691679478 -0.012438739649951458 0
			vertex 0.0025375359691679478 -0.012438739649951458 0.003000000026077032
			vertex 0.002524999901652336 -0.012550000101327896 0.003000000026077032
		endloop
	endfacet
	facet normal 0.9438836410240325 -0.33027817397947346 0
		outer loop
			vertex 0.0025745155289769173 -0.012333057820796967 0
			vertex 0.0025745155289769173 -0.012333057820796967 0.003000000026077032
			vertex 0.0025375359691679478 -0.012438739649951458 0.003000000026077032
		endloop
	endfacet
	facet normal 0.9438836410240325 -0.33027817397947346 0
		outer loop
			vertex 0.0025745155289769173 -0.012333057820796967 0
			vertex 0.0025375359691679478 -0.012438739649951458 0.003000000026077032
			vertex 0.0025375359691679478 -0.012438739649951458 0
		endloop
	endfacet
	facet normal 0.8467238599194031 -0.5320326165219452 0
		outer loop
			vertex 0.002634084317833185 -0.012238254770636559 0
			vertex 0.002634084317833185 -0.012238254770636559 0.003000000026077032
			vertex 0.0025745155289769173 -0.012333057820796967 0.003000000026077032
		endloop
	endfacet
	facet normal 0.8467238599194031 -0.5320326165219452 0
		outer loop
			vertex 0.002634084317833185 -0.012238254770636559 0
			vertex 0.0025745155289769173 -0.012333057820796967 0.003000000026077032
			vertex 0.0025745155289769173 -0.012333057820796967 0
		endloop
	endfacet
	facet normal 0.7071067811865476 -0.7071067811865476 0
		outer loop
			vertex 0.0027132551185786724 -0.012159083969891071 0
			vertex 0.0027132551185786724 -0.012159083969891071 0.003000000026077032
			vertex 0.002634084317833185 -0.012238254770636559 0.003000000026077032
		endloop
	endfacet
	facet normal 0.7071067811865476 -0.7071067811865476 0
		outer loop
			vertex 0.0027132551185786724 -0.012159083969891071 0
			vertex 0.002634084317833185 -0.012238254770636559 0.003000000026077032
			vertex 0.002634084317833185 -0.012238254770636559 0
		endloop
	endfacet
	facet normal 0.5320296347483856 -0.8467257334872369 0
		outer loop
			vertex 0.0028080581687390804 -0.01209951564669609 0
			vertex 0.0028080581687390804 -0.01209951564669609 0.003000000026077032
			vertex 0.0027132551185786724 -0.012159083969891071 0.003000000026077032
		endloop
	endfacet
	facet normal 0.5320296347483856 -0.8467257334872369 0
		outer loop
			vertex 0.0028080581687390804 -0.01209951564669609 0
			vertex 0.0027132551185786724 -0.012159083969891071 0.003000000026077032
			vertex 0.0027132551185786724 -0.012159083969891071 0
		endloop
	endfacet
	facet normal 0.33028317584512534 -0.943881890785949 0
		outer loop
			vertex 0.0029137395322322845 -0.012062535621225834 0
			vertex 0.0029137395322322845 -0.012062535621225834 0.003000000026077032
			vertex 0.0028080581687390804 -0.01209951564669609 0.003000000026077032
		endloop
	endfacet
	facet normal 0.33028317584512534 -0.943881890785949 0
		outer loop
			vertex 0.0029137395322322845 -0.012062535621225834 0
			vertex 0.0028080581687390804 -0.01209951564669609 0.003000000026077032
			vertex 0.0028080581687390804 -0.01209951564669609 0
		endloop
	endfacet
	facet normal 0.11196059292844188 -0.9937126474142874 0
		outer loop
			vertex 0.0030249999836087227 -0.01205000001937151 0
			vertex 0.0030249999836087227 -0.01205000001937151 0.003000000026077032
			vertex 0.0029137395322322845 -0.012062535621225834 0.003000000026077032
		endloop
	endfacet
	facet normal 0.11196059292844188 -0.9937126474142874 0
		outer loop
			vertex 0.0030249999836087227 -0.01205000001937151 0
			vertex 0.0029137395322322845 -0.012062535621225834 0.003000000026077032
			vertex 0.0029137395322322845 -0.012062535621225834 0
		endloop
	endfacet
	facet normal 0 -1 0
		outer loop
			vertex 0.01602499932050705 -0.01205000001937151 0.003000000026077032
			vertex 0.0030249999836087227 -0.01205000001937151 0.003000000026077032
			vertex 0.0030249999836087227 -0.01205000001937151 0
		endloop
	endfacet
	facet normal 0 -1 0
		outer loop
			vertex 0.01602499932050705 -0.01205000001937151 0.003000000026077032
			vertex 0.0030249999836087227 -0.01205000001937151 0
			vertex 0.01602499932050705 -0.01205000001937151 0
		endloop
	endfacet
	facet normal -0.11195966750058142 -0.9937127516808664 0
		outer loop
			vertex 0.016136260703206062 -0.012062535621225834 0
			vertex 0.01602499932050705 -0.01205000001937151 0.003000000026077032
			vertex 0.01602499932050705 -0.01205000001937151 0
		endloop
	endfacet
	facet normal -0.11195966750058142 -0.9937127516808664 0
		outer loop
			vertex 0.016136260703206062 -0.012062535621225834 0
			vertex 0.016136260703206062 -0.012062535621225834 0.003000000026077032
			vertex 0.01602499932050705 -0.01205000001937151 0.003000000026077032
		endloop
	endfacet
	facet normal -0.330284472412492 -0.9438814370900626 0
		outer loop
			vertex 0.01624194160103798 -0.01209951564669609 0
			vertex 0.01624194160103798 -0.01209951564669609 0.003000000026077032
			vertex 0.016136260703206062 -0.012062535621225834 0.003000000026077032
		endloop
	endfacet
	facet normal -0.330284472412492 -0.9438814370900626 0
		outer loop
			vertex 0.01624194160103798 -0.01209951564669609 0
			vertex 0.016136260703206062 -0.012062535621225834 0.003000000026077032
			vertex 0.016136260703206062 -0.012062535621225834 0
		endloop
	endfacet
	facet normal -0.5320296347483856 -0.8467257334872369 0
		outer loop
			vertex 0.016336744651198387 -0.012159083969891071 0
			vertex 0.016336744651198387 -0.012159083969891071 0.003000000026077032
			vertex 0.01624194160103798 -0.01209951564669609 0.003000000026077032
		endloop
	endfacet
	facet normal -0.5320296347483856 -0.8467257334872369 0
		outer loop
			vertex 0.016336744651198387 -0.012159083969891071 0
			vertex 0.01624194160103798 -0.01209951564669609 0.003000000026077032
			vertex 0.01624194160103798 -0.01209951564669609 0
		endloop
	endfacet
	facet normal -0.7071026221874905 -0.7071109401611426 0
		outer loop
			vertex 0.01641591638326645 -0.012238254770636559 0
			vertex 0.01641591638326645 -0.012238254770636559 0.003000000026077032
			vertex 0.016336744651198387 -0.012159083969891071 0.003000000026077032
		endloop
	endfacet
	facet normal -0.7071026221874905 -0.7071109401611426 0
		outer loop
			vertex 0.01641591638326645 -0.012238254770636559 0
			vertex 0.016336744651198387 -0.012159083969891071 0.003000000026077032
			vertex 0.016336744651198387 -0.012159083969891071 0
		endloop
	endfacet
	facet normal -0.8467294806162775 -0.5320236711418856 0
		outer loop
			vertex 0.016475483775138855 -0.012333057820796967 0
			vertex 0.016475483775138855 -0.012333057820796967 0.003000000026077032
			vertex 0.01641591638326645 -0.012238254770636559 0.003000000026077032
		endloop
	endfacet
	facet normal -0.8467294806162775 -0.5320236711418856 0
		outer loop
			vertex 0.016475483775138855 -0.012333057820796967 0
			vertex 0.01641591638326645 -0.012238254770636559 0.003000000026077032
			vertex 0.01641591638326645 -0.012238254770636559 0
		endloop
	endfacet
	facet normal -0.9438797513484611 -0.3302892898571905 0
		outer loop
			vertex 0.016512464731931686 -0.012438739649951458 0
			vertex 0.016512464731931686 -0.012438739649951458 0.003000000026077032
			vertex 0.016475483775138855 -0.012333057820796967 0.003000000026077032
		endloop
	endfacet
	facet normal -0.9438797513484611 -0.3302892898571905 0
		outer loop
			vertex 0.016512464731931686 -0.012438739649951458 0
			vertex 0.016475483775138855 -0.012333057820796967 0.003000000026077032
			vertex 0.016475483775138855 -0.012333057820796967 0
		endloop
	endfacet
	facet normal -0.9937126474142874 -0.11196059292844188 0
		outer loop
			vertex 0.01652500033378601 -0.012550000101327896 0
			vertex 0.01652500033378601 -0.012550000101327896 0.003000000026077032
			vertex 0.016512464731931686 -0.012438739649951458 0.003000000026077032
		endloop
	endfacet
	facet normal -0.9937126474142874 -0.11196059292844188 0
		outer loop
			vertex 0.01652500033378601 -0.012550000101327896 0
			vertex 0.016512464731931686 -0.012438739649951458 0.003000000026077032
			vertex 0.016512464731931686 -0.012438739649951458 0
		endloop
	endfacet
	facet normal -1 0 0
		outer loop
			vertex 0.01652500033378601 -0.012550000101327896 0
			vertex 0.01652500033378601 -0.025550000369548798 0.003000000026077032
			vertex 0.01652500033378601 -0.012550000101327896 0.003000000026077032
		endloop
	endfacet
	facet normal -1 0 0
		outer loop
			vertex 0.01652500033378601 -0.012550000101327896 0
			vertex 0.01652500033378601 -0.025550000369548798 0
			vertex 0.01652500033378601 -0.025550000369548798 0.003000000026077032
		endloop
	endfacet
	facet normal -0.9937125431451229 0.111961518371504 0
		outer loop
			vertex 0.016512464731931686 -0.02566125988960266 0
			vertex 0.01652500033378601 -0.025550000369548798 0.003000000026077032
			vertex 0.01652500033378601 -0.025550000369548798 0
		endloop
	endfacet
	facet normal -0.9937125431451229 0.111961518371504 0
		outer loop
			vertex 0.016512464731931686 -0.02566125988960266 0
			vertex 0.016512464731931686 -0.02566125988960266 0.003000000026077032
			vertex 0.01652500033378601 -0.025550000369548798 0.003000000026077032
		endloop
	endfacet
	facet normal -0.9438806587517437 0.33028669672630545 0
		outer loop
			vertex 0.016475483775138855 -0.025766942650079727 0
			vertex 0.016475483775138855 -0.025766942650079727 0.003000000026077032
			vertex 0.016512464731931686 -0.02566125988960266 0.003000000026077032
		endloop
	endfacet
	facet normal -0.9438806587517437 0.33028669672630545 0
		outer loop
			vertex 0.016475483775138855 -0.025766942650079727 0
			vertex 0.016512464731931686 -0.02566125988960266 0.003000000026077032
			vertex 0.016512464731931686 -0.02566125988960266 0
		endloop
	endfacet
	facet normal -0.8467294806162775 0.5320236711418856 0
		outer loop
			vertex 0.01641591638326645 -0.025861745700240135 0
			vertex 0.01641591638326645 -0.025861745700240135 0.003000000026077032
			vertex 0.016475483775138855 -0.025766942650079727 0.003000000026077032
		endloop
	endfacet
	facet normal -0.8467294806162775 0.5320236711418856 0
		outer loop
			vertex 0.01641591638326645 -0.025861745700240135 0
			vertex 0.016475483775138855 -0.025766942650079727 0.003000000026077032
			vertex 0.016475483775138855 -0.025766942650079727 0
		endloop
	endfacet
	facet normal -0.7070984631150475 0.707115099160199 0
		outer loop
			vertex 0.016336744651198387 -0.025940915569663048 0
			vertex 0.016336744651198387 -0.025940915569663048 0.003000000026077032
			vertex 0.01641591638326645 -0.025861745700240135 0.003000000026077032
		endloop
	endfacet
	facet normal -0.7070984631150475 0.707115099160199 0
		outer loop
			vertex 0.016336744651198387 -0.025940915569663048 0
			vertex 0.01641591638326645 -0.025861745700240135 0.003000000026077032
			vertex 0.01641591638326645 -0.025861745700240135 0
		endloop
	endfacet
	facet normal -0.5320355982757113 0.84672198634936 0
		outer loop
			vertex 0.01624194160103798 -0.026000484824180603 0
			vertex 0.01624194160103798 -0.026000484824180603 0.003000000026077032
			vertex 0.016336744651198387 -0.025940915569663048 0.003000000026077032
		endloop
	endfacet
	facet normal -0.5320355982757113 0.84672198634936 0
		outer loop
			vertex 0.01624194160103798 -0.026000484824180603 0
			vertex 0.016336744651198387 -0.025940915569663048 0.003000000026077032
			vertex 0.016336744651198387 -0.025940915569663048 0
		endloop
	endfacet
	facet normal -0.33027706173760474 0.943884030212385 0
		outer loop
			vertex 0.016136260703206062 -0.026037463918328285 0
			vertex 0.016136260703206062 -0.026037463918328285 0.003000000026077032
			vertex 0.01624194160103798 -0.026000484824180603 0.003000000026077032
		endloop
	endfacet
	facet normal -0.33027706173760474 0.943884030212385 0
		outer loop
			vertex 0.016136260703206062 -0.026037463918328285 0
			vertex 0.01624194160103798 -0.026000484824180603 0.003000000026077032
			vertex 0.01624194160103798 -0.026000484824180603 0
		endloop
	endfacet
	facet normal -0.11195966750058142 0.9937127516808664 0
		outer loop
			vertex 0.01602499932050705 -0.02604999952018261 0
			vertex 0.01602499932050705 -0.02604999952018261 0.003000000026077032
			vertex 0.016136260703206062 -0.026037463918328285 0.003000000026077032
		endloop
	endfacet
	facet normal -0.11195966750058142 0.9937127516808664 0
		outer loop
			vertex 0.01602499932050705 -0.02604999952018261 0
			vertex 0.016136260703206062 -0.026037463918328285 0.003000000026077032
			vertex 0.016136260703206062 -0.026037463918328285 0
		endloop
	endfacet
	facet normal 0 1 0
		outer loop
			vertex 0.01602499932050705 -0.02604999952018261 0.003000000026077032
			vertex 0.01602499932050705 -0.02604999952018261 0
			vertex 0.0030249999836087227 -0.02604999952018261 0
		endloop
	endfacet
	facet normal 0 1 0
		outer loop
			vertex 0.01602499932050705 -0.02604999952018261 0.003000000026077032
			vertex 0.0030249999836087227 -0.02604999952018261 0
			vertex 0.0030249999836087227 -0.02604999952018261 0.003000000026077032
		endloop
	endfacet
	facet normal 0.11196059292844188 0.9937126474142874 0
		outer loop
			vertex 0.0029137395322322845 -0.026037463918328285 0
			vertex 0.0030249999836087227 -0.02604999952018261 0.003000000026077032
			vertex 0.0030249999836087227 -0.02604999952018261 0
		endloop
	endfacet
	facet normal 0.11196059292844188 0.9937126474142874 0
		outer loop
			vertex 0.0029137395322322845 -0.026037463918328285 0
			vertex 0.0029137395322322845 -0.026037463918328285 0.003000000026077032
			vertex 0.0030249999836087227 -0.02604999952018261 0.003000000026077032
		endloop
	endfacet
	facet normal 0.33027576519220553 0.9438844838891585 0
		outer loop
			vertex 0.0028080581687390804 -0.026000484824180603 0
			vertex 0.0028080581687390804 -0.026000484824180603 0.003000000026077032
			vertex 0.0029137395322322845 -0.026037463918328285 0.003000000026077032
		endloop
	endfacet
	facet normal 0.33027576519220553 0.9438844838891585 0
		outer loop
			vertex 0.0028080581687390804 -0.026000484824180603 0
			vertex 0.0029137395322322845 -0.026037463918328285 0.003000000026077032
			vertex 0.0029137395322322845 -0.026037463918328285 0
		endloop
	endfacet
	facet normal 0.5320355982757113 0.84672198634936 0
		outer loop
			vertex 0.0027132551185786724 -0.025940915569663048 0
			vertex 0.0027132551185786724 -0.025940915569663048 0.003000000026077032
			vertex 0.0028080581687390804 -0.026000484824180603 0.003000000026077032
		endloop
	endfacet
	facet normal 0.5320355982757113 0.84672198634936 0
		outer loop
			vertex 0.0027132551185786724 -0.025940915569663048 0
			vertex 0.0028080581687390804 -0.026000484824180603 0.003000000026077032
			vertex 0.0028080581687390804 -0.026000484824180603 0
		endloop
	endfacet
	facet normal 0.707102622138566 0.7071109402100667 0
		outer loop
			vertex 0.002634084317833185 -0.025861745700240135 0
			vertex 0.002634084317833185 -0.025861745700240135 0.003000000026077032
			vertex 0.0027132551185786724 -0.025940915569663048 0.003000000026077032
		endloop
	endfacet
	facet normal 0.707102622138566 0.7071109402100667 0
		outer loop
			vertex 0.002634084317833185 -0.025861745700240135 0
			vertex 0.0027132551185786724 -0.025940915569663048 0.003000000026077032
			vertex 0.0027132551185786724 -0.025940915569663048 0
		endloop
	endfacet
	facet normal 0.8467238599194031 0.5320326165219452 0
		outer loop
			vertex 0.0025745155289769173 -0.025766942650079727 0
			vertex 0.0025745155289769173 -0.025766942650079727 0.003000000026077032
			vertex 0.002634084317833185 -0.025861745700240135 0.003000000026077032
		endloop
	endfacet
	facet normal 0.8467238599194031 0.5320326165219452 0
		outer loop
			vertex 0.0025745155289769173 -0.025766942650079727 0
			vertex 0.002634084317833185 -0.025861745700240135 0.003000000026077032
			vertex 0.002634084317833185 -0.025861745700240135 0
		endloop
	endfacet
	facet normal 0.9438845483699778 0.3302755809144887 0
		outer loop
			vertex 0.0025375359691679478 -0.02566125988960266 0
			vertex 0.0025375359691679478 -0.02566125988960266 0.003000000026077032
			vertex 0.0025745155289769173 -0.025766942650079727 0.003000000026077032
		endloop
	endfacet
	facet normal 0.9438845483699778 0.3302755809144887 0
		outer loop
			vertex 0.0025375359691679478 -0.02566125988960266 0
			vertex 0.0025745155289769173 -0.025766942650079727 0.003000000026077032
			vertex 0.0025745155289769173 -0.025766942650079727 0
		endloop
	endfacet
	facet normal 0.9937120804115199 0.11196562527940855 0
		outer loop
			vertex 0.002524999901652336 -0.025550000369548798 0
			vertex 0.002524999901652336 -0.025550000369548798 0.003000000026077032
			vertex 0.0025375359691679478 -0.02566125988960266 0.003000000026077032
		endloop
	endfacet
	facet normal 0.9937120804115199 0.11196562527940855 0
		outer loop
			vertex 0.002524999901652336 -0.025550000369548798 0
			vertex 0.0025375359691679478 -0.02566125988960266 0.003000000026077032
			vertex 0.0025375359691679478 -0.02566125988960266 0
		endloop
	endfacet
	facet normal 0.9937126474142874 -0.11196059292844188 0
		outer loop
			vertex -0.016512464731931686 -0.012438739649951458 0
			vertex -0.01652500033378601 -0.012550000101327896 0.003000000026077032
			vertex -0.01652500033378601 -0.012550000101327896 0
		endloop
	endfacet
	facet normal 0.9937126474142874 -0.11196059292844188 0
		outer loop
			vertex -0.016512464731931686 -0.012438739649951458 0
			vertex -0.016512464731931686 -0.012438739649951458 0.003000000026077032
			vertex -0.01652500033378601 -0.012550000101327896 0.003000000026077032
		endloop
	endfacet
	facet normal 0.9438797513484611 -0.3302892898571905 0
		outer loop
			vertex -0.016475483775138855 -0.012333057820796967 0
			vertex -0.016475483775138855 -0.012333057820796967 0.003000000026077032
			vertex -0.016512464731931686 -0.012438739649951458 0.003000000026077032
		endloop
	endfacet
	facet normal 0.9438797513484611 -0.3302892898571905 0
		outer loop
			vertex -0.016475483775138855 -0.012333057820796967 0
			vertex -0.016512464731931686 -0.012438739649951458 0.003000000026077032
			vertex -0.016512464731931686 -0.012438739649951458 0
		endloop
	endfacet
	facet normal 0.8467294806162775 -0.5320236711418856 0
		outer loop
			vertex -0.01641591638326645 -0.012238254770636559 0
			vertex -0.01641591638326645 -0.012238254770636559 0.003000000026077032
			vertex -0.016475483775138855 -0.012333057820796967 0.003000000026077032
		endloop
	endfacet
	facet normal 0.8467294806162775 -0.5320236711418856 0
		outer loop
			vertex -0.01641591638326645 -0.012238254770636559 0
			vertex -0.016475483775138855 -0.012333057820796967 0.003000000026077032
			vertex -0.016475483775138855 -0.012333057820796967 0
		endloop
	endfacet
	facet normal 0.7071026221874905 -0.7071109401611426 0
		outer loop
			vertex -0.016336744651198387 -0.012159083969891071 0
			vertex -0.016336744651198387 -0.012159083969891071 0.003000000026077032
			vertex -0.01641591638326645 -0.012238254770636559 0.003000000026077032
		endloop
	endfacet
	facet normal 0.7071026221874905 -0.7071109401611426 0
		outer loop
			vertex -0.016336744651198387 -0.012159083969891071 0
			vertex -0.01641591638326645 -0.012238254770636559 0.003000000026077032
			vertex -0.01641591638326645 -0.012238254770636559 0
		endloop
	endfacet
	facet normal 0.5320296347483856 -0.8467257334872369 0
		outer loop
			vertex -0.01624194160103798 -0.01209951564669609 0
			vertex -0.01624194160103798 -0.01209951564669609 0.003000000026077032
			vertex -0.016336744651198387 -0.012159083969891071 0.003000000026077032
		endloop
	endfacet
	facet normal 0.5320296347483856 -0.8467257334872369 0
		outer loop
			vertex -0.01624194160103798 -0.01209951564669609 0
			vertex -0.016336744651198387 -0.012159083969891071 0.003000000026077032
			vertex -0.016336744651198387 -0.012159083969891071 0
		endloop
	endfacet
	facet normal 0.330284472412492 -0.9438814370900626 0
		outer loop
			vertex -0.016136260703206062 -0.012062535621225834 0
			vertex -0.016136260703206062 -0.012062535621225834 0.003000000026077032
			vertex -0.01624194160103798 -0.01209951564669609 0.003000000026077032
		endloop
	endfacet
	facet normal 0.330284472412492 -0.9438814370900626 0
		outer loop
			vertex -0.016136260703206062 -0.012062535621225834 0
			vertex -0.01624194160103798 -0.01209951564669609 0.003000000026077032
			vertex -0.01624194160103798 -0.01209951564669609 0
		endloop
	endfacet
	facet normal 0.11195966750058142 -0.9937127516808664 0
		outer loop
			vertex -0.01602499932050705 -0.01205000001937151 0
			vertex -0.01602499932050705 -0.01205000001937151 0.003000000026077032
			vertex -0.016136260703206062 -0.012062535621225834 0.003000000026077032
		endloop
	endfacet
	facet normal 0.11195966750058142 -0.9937127516808664 0
		outer loop
			vertex -0.01602499932050705 -0.01205000001937151 0
			vertex -0.016136260703206062 -0.012062535621225834 0.003000000026077032
			vertex -0.016136260703206062 -0.012062535621225834 0
		endloop
	endfacet
	facet normal 0 -1 0
		outer loop
			vertex -0.0030249999836087227 -0.01205000001937151 0.003000000026077032
			vertex -0.01602499932050705 -0.01205000001937151 0.003000000026077032
			vertex -0.01602499932050705 -0.01205000001937151 0
		endloop
	endfacet
	facet normal 0 -1 0
		outer loop
			vertex -0.0030249999836087227 -0.01205000001937151 0.003000000026077032
			vertex -0.01602499932050705 -0.01205000001937151 0
			vertex -0.0030249999836087227 -0.01205000001937151 0
		endloop
	endfacet
	facet normal -0.11196059292844188 -0.9937126474142874 0
		outer loop
			vertex -0.0029137395322322845 -0.012062535621225834 0
			vertex -0.0030249999836087227 -0.01205000001937151 0.003000000026077032
			vertex -0.0030249999836087227 -0.01205000001937151 0
		endloop
	endfacet
	facet normal -0.11196059292844188 -0.9937126474142874 0
		outer loop
			vertex -0.0029137395322322845 -0.012062535621225834 0
			vertex -0.0029137395322322845 -0.012062535621225834 0.003000000026077032
			vertex -0.0030249999836087227 -0.01205000001937151 0.003000000026077032
		endloop
	endfacet
	facet normal -0.33028317584512534 -0.943881890785949 0
		outer loop
			vertex -0.0028080581687390804 -0.01209951564669609 0
			vertex -0.0028080581687390804 -0.01209951564669609 0.003000000026077032
			vertex -0.0029137395322322845 -0.012062535621225834 0.003000000026077032
		endloop
	endfacet
	facet normal -0.33028317584512534 -0.943881890785949 0
		outer loop
			vertex -0.0028080581687390804 -0.01209951564669609 0
			vertex -0.0029137395322322845 -0.012062535621225834 0.003000000026077032
			vertex -0.0029137395322322845 -0.012062535621225834 0
		endloop
	endfacet
	facet normal -0.5320296347483856 -0.8467257334872369 0
		outer loop
			vertex -0.0027132551185786724 -0.012159083969891071 0
			vertex -0.0027132551185786724 -0.012159083969891071 0.003000000026077032
			vertex -0.0028080581687390804 -0.01209951564669609 0.003000000026077032
		endloop
	endfacet
	facet normal -0.5320296347483856 -0.8467257334872369 0
		outer loop
			vertex -0.0027132551185786724 -0.012159083969891071 0
			vertex -0.0028080581687390804 -0.01209951564669609 0.003000000026077032
			vertex -0.0028080581687390804 -0.01209951564669609 0
		endloop
	endfacet
	facet normal -0.7071067811865476 -0.7071067811865476 0
		outer loop
			vertex -0.002634084317833185 -0.012238254770636559 0
			vertex -0.002634084317833185 -0.012238254770636559 0.003000000026077032
			vertex -0.0027132551185786724 -0.012159083969891071 0.003000000026077032
		endloop
	endfacet
	facet normal -0.7071067811865476 -0.7071067811865476 0
		outer loop
			vertex -0.002634084317833185 -0.012238254770636559 0
			vertex -0.0027132551185786724 -0.012159083969891071 0.003000000026077032
			vertex -0.0027132551185786724 -0.012159083969891071 0
		endloop
	endfacet
	facet normal -0.8467238599194031 -0.5320326165219452 0
		outer loop
			vertex -0.0025745155289769173 -0.012333057820796967 0
			vertex -0.0025745155289769173 -0.012333057820796967 0.003000000026077032
			vertex -0.002634084317833185 -0.012238254770636559 0.003000000026077032
		endloop
	endfacet
	facet normal -0.8467238599194031 -0.5320326165219452 0
		outer loop
			vertex -0.0025745155289769173 -0.012333057820796967 0
			vertex -0.002634084317833185 -0.012238254770636559 0.003000000026077032
			vertex -0.002634084317833185 -0.012238254770636559 0
		endloop
	endfacet
	facet normal -0.9438836410240325 -0.33027817397947346 0
		outer loop
			vertex -0.0025375359691679478 -0.012438739649951458 0
			vertex -0.0025375359691679478 -0.012438739649951458 0.003000000026077032
			vertex -0.0025745155289769173 -0.012333057820796967 0.003000000026077032
		endloop
	endfacet
	facet normal -0.9438836410240325 -0.33027817397947346 0
		outer loop
			vertex -0.0025375359691679478 -0.012438739649951458 0
			vertex -0.0025745155289769173 -0.012333057820796967 0.003000000026077032
			vertex -0.0025745155289769173 -0.012333057820796967 0
		endloop
	endfacet
	facet normal -0.9937121846882858 -0.1119646998032618 0
		outer loop
			vertex -0.002524999901652336 -0.012550000101327896 0
			vertex -0.002524999901652336 -0.012550000101327896 0.003000000026077032
			vertex -0.0025375359691679478 -0.012438739649951458 0.003000000026077032
		endloop
	endfacet
	facet normal -0.9937121846882858 -0.1119646998032618 0
		outer loop
			vertex -0.002524999901652336 -0.012550000101327896 0
			vertex -0.0025375359691679478 -0.012438739649951458 0.003000000026077032
			vertex -0.0025375359691679478 -0.012438739649951458 0
		endloop
	endfacet
	facet normal -1 0 0
		outer loop
			vertex -0.002524999901652336 -0.012550000101327896 0
			vertex -0.002524999901652336 -0.025550000369548798 0.003000000026077032
			vertex -0.002524999901652336 -0.012550000101327896 0.003000000026077032
		endloop
	endfacet
	facet normal -1 0 0
		outer loop
			vertex -0.002524999901652336 -0.012550000101327896 0
			vertex -0.002524999901652336 -0.025550000369548798 0
			vertex -0.002524999901652336 -0.025550000369548798 0.003000000026077032
		endloop
	endfacet
	facet normal -0.9937120804115199 0.11196562527940855 0
		outer loop
			vertex -0.0025375359691679478 -0.02566125988960266 0
			vertex -0.002524999901652336 -0.025550000369548798 0.003000000026077032
			vertex -0.002524999901652336 -0.025550000369548798 0
		endloop
	endfacet
	facet normal -0.9937120804115199 0.11196562527940855 0
		outer loop
			vertex -0.0025375359691679478 -0.02566125988960266 0
			vertex -0.0025375359691679478 -0.02566125988960266 0.003000000026077032
			vertex -0.002524999901652336 -0.025550000369548798 0.003000000026077032
		endloop
	endfacet
	facet normal -0.9438845483699778 0.3302755809144887 0
		outer loop
			vertex -0.0025745155289769173 -0.025766942650079727 0
			vertex -0.0025745155289769173 -0.025766942650079727 0.003000000026077032
			vertex -0.0025375359691679478 -0.02566125988960266 0.003000000026077032
		endloop
	endfacet
	facet normal -0.9438845483699778 0.3302755809144887 0
		outer loop
			vertex -0.0025745155289769173 -0.025766942650079727 0
			vertex -0.0025375359691679478 -0.02566125988960266 0.003000000026077032
			vertex -0.0025375359691679478 -0.02566125988960266 0
		endloop
	endfacet
	facet normal -0.8467238599194031 0.5320326165219452 0
		outer loop
			vertex -0.002634084317833185 -0.025861745700240135 0
			vertex -0.002634084317833185 -0.025861745700240135 0.003000000026077032
			vertex -0.0025745155289769173 -0.025766942650079727 0.003000000026077032
		endloop
	endfacet
	facet normal -0.8467238599194031 0.5320326165219452 0
		outer loop
			vertex -0.002634084317833185 -0.025861745700240135 0
			vertex -0.0025745155289769173 -0.025766942650079727 0.003000000026077032
			vertex -0.0025745155289769173 -0.025766942650079727 0
		endloop
	endfacet
	facet normal -0.707102622138566 0.7071109402100667 0
		outer loop
			vertex -0.0027132551185786724 -0.025940915569663048 0
			vertex -0.0027132551185786724 -0.025940915569663048 0.003000000026077032
			vertex -0.002634084317833185 -0.025861745700240135 0.003000000026077032
		endloop
	endfacet
	facet normal -0.707102622138566 0.7071109402100667 0
		outer loop
			vertex -0.0027132551185786724 -0.025940915569663048 0
			vertex -0.002634084317833185 -0.025861745700240135 0.003000000026077032
			vertex -0.002634084317833185 -0.025861745700240135 0
		endloop
	endfacet
	facet normal -0.5320355982757113 0.84672198634936 0
		outer loop
			vertex -0.0028080581687390804 -0.026000484824180603 0
			vertex -0.0028080581687390804 -0.026000484824180603 0.003000000026077032
			vertex -0.0027132551185786724 -0.025940915569663048 0.003000000026077032
		endloop
	endfacet
	facet normal -0.5320355982757113 0.84672198634936 0
		outer loop
			vertex -0.0028080581687390804 -0.026000484824180603 0
			vertex -0.0027132551185786724 -0.025940915569663048 0.003000000026077032
			vertex -0.0027132551185786724 -0.025940915569663048 0
		endloop
	endfacet
	facet normal -0.33027576519220553 0.9438844838891585 0
		outer loop
			vertex -0.0029137395322322845 -0.026037463918328285 0
			vertex -0.0029137395322322845 -0.026037463918328285 0.003000000026077032
			vertex -0.0028080581687390804 -0.026000484824180603 0.003000000026077032
		endloop
	endfacet
	facet normal -0.33027576519220553 0.9438844838891585 0
		outer loop
			vertex -0.0029137395322322845 -0.026037463918328285 0
			vertex -0.0028080581687390804 -0.026000484824180603 0.003000000026077032
			vertex -0.0028080581687390804 -0.026000484824180603 0
		endloop
	endfacet
	facet normal -0.11196059292844188 0.9937126474142874 0
		outer loop
			vertex -0.0030249999836087227 -0.02604999952018261 0
			vertex -0.0030249999836087227 -0.02604999952018261 0.003000000026077032
			vertex -0.0029137395322322845 -0.026037463918328285 0.003000000026077032
		endloop
	endfacet
	facet normal -0.11196059292844188 0.9937126474142874 0
		outer loop
			vertex -0.0030249999836087227 -0.02604999952018261 0
			vertex -0.0029137395322322845 -0.026037463918328285 0.003000000026077032
			vertex -0.0029137395322322845 -0.026037463918328285 0
		endloop
	endfacet
	facet normal 0 1 0
		outer loop
			vertex -0.0030249999836087227 -0.02604999952018261 0.003000000026077032
			vertex -0.0030249999836087227 -0.02604999952018261 0
			vertex -0.01602499932050705 -0.02604999952018261 0
		endloop
	endfacet
	facet normal 0 1 0
		outer loop
			vertex -0.0030249999836087227 -0.02604999952018261 0.003000000026077032
			vertex -0.01602499932050705 -0.02604999952018261 0
			vertex -0.01602499932050705 -0.02604999952018261 0.003000000026077032
		endloop
	endfacet
	facet normal 0.11195966750058142 0.9937127516808664 0
		outer loop
			vertex -0.016136260703206062 -0.026037463918328285 0
			vertex -0.01602499932050705 -0.02604999952018261 0.003000000026077032
			vertex -0.01602499932050705 -0.02604999952018261 0
		endloop
	endfacet
	facet normal 0.11195966750058142 0.9937127516808664 0
		outer loop
			vertex -0.016136260703206062 -0.026037463918328285 0
			vertex -0.016136260703206062 -0.026037463918328285 0.003000000026077032
			vertex -0.01602499932050705 -0.02604999952018261 0.003000000026077032
		endloop
	endfacet
	facet normal 0.33027706173760474 0.943884030212385 0
		outer loop
			vertex -0.01624194160103798 -0.026000484824180603 0
			vertex -0.01624194160103798 -0.026000484824180603 0.003000000026077032
			vertex -0.016136260703206062 -0.026037463918328285 0.003000000026077032
		endloop
	endfacet
	facet normal 0.33027706173760474 0.943884030212385 0
		outer loop
			vertex -0.01624194160103798 -0.026000484824180603 0
			vertex -0.016136260703206062 -0.026037463918328285 0.003000000026077032
			vertex -0.016136260703206062 -0.026037463918328285 0
		endloop
	endfacet
	facet normal 0.5320355982757113 0.84672198634936 0
		outer loop
			vertex -0.016336744651198387 -0.025940915569663048 0
			vertex -0.016336744651198387 -0.025940915569663048 0.003000000026077032
			vertex -0.01624194160103798 -0.026000484824180603 0.003000000026077032
		endloop
	endfacet
	facet normal 0.5320355982757113 0.84672198634936 0
		outer loop
			vertex -0.016336744651198387 -0.025940915569663048 0
			vertex -0.01624194160103798 -0.026000484824180603 0.003000000026077032
			vertex -0.01624194160103798 -0.026000484824180603 0
		endloop
	endfacet
	facet normal 0.7070984631150475 0.707115099160199 0
		outer loop
			vertex -0.01641591638326645 -0.025861745700240135 0
			vertex -0.01641591638326645 -0.025861745700240135 0.003000000026077032
			vertex -0.016336744651198387 -0.025940915569663048 0.003000000026077032
		endloop
	endfacet
	facet normal 0.7070984631150475 0.707115099160199 0
		outer loop
			vertex -0.01641591638326645 -0.025861745700240135 0
			vertex -0.016336744651198387 -0.025940915569663048 0.003000000026077032
			vertex -0.016336744651198387 -0.025940915569663048 0
		endloop
	endfacet
	facet normal 0.8467294806162775 0.5320236711418856 0
		outer loop
			vertex -0.016475483775138855 -0.025766942650079727 0
			vertex -0.016475483775138855 -0.025766942650079727 0.003000000026077032
			vertex -0.01641591638326645 -0.025861745700240135 0.003000000026077032
		endloop
	endfacet
	facet normal 0.8467294806162775 0.5320236711418856 0
		outer loop
			vertex -0.016475483775138855 -0.025766942650079727 0
			vertex -0.01641591638326645 -0.025861745700240135 0.003000000026077032
			vertex -0.01641591638326645 -0.025861745700240135 0
		endloop
	endfacet
	facet normal 0.9438806587517437 0.33028669672630545 0
		outer loop
			vertex -0.016512464731931686 -0.02566125988960266 0
			vertex -0.016512464731931686 -0.02566125988960266 0.003000000026077032
			vertex -0.016475483775138855 -0.025766942650079727 0.003000000026077032
		endloop
	endfacet
	facet normal 0.9438806587517437 0.33028669672630545 0
		outer loop
			vertex -0.016512464731931686 -0.02566125988960266 0
			vertex -0.016475483775138855 -0.025766942650079727 0.003000000026077032
			vertex -0.016475483775138855 -0.025766942650079727 0
		endloop
	endfacet
	facet normal 0.9937125431451229 0.111961518371504 0
		outer loop
			vertex -0.01652500033378601 -0.025550000369548798 0
			vertex -0.01652500033378601 -0.025550000369548798 0.003000000026077032
			vertex -0.016512464731931686 -0.02566125988960266 0.003000000026077032
		endloop
	endfacet
	facet normal 0.9937125431451229 0.111961518371504 0
		outer loop
			vertex -0.01652500033378601 -0.025550000369548798 0
			vertex -0.016512464731931686 -0.02566125988960266 0.003000000026077032
			vertex -0.016512464731931686 -0.02566125988960266 0
		endloop
	endfacet
	facet normal 0.9937126474142874 -0.11196059292844188 0
		outer loop
			vertex -0.035562463104724884 -0.012438739649951458 0
			vertex -0.03557499870657921 -0.012550000101327896 0.003000000026077032
			vertex -0.03557499870657921 -0.012550000101327896 0
		endloop
	endfacet
	facet normal 0.9937126474142874 -0.11196059292844188 0
		outer loop
			vertex -0.035562463104724884 -0.012438739649951458 0
			vertex -0.035562463104724884 -0.012438739649951458 0.003000000026077032
			vertex -0.03557499870657921 -0.012550000101327896 0.003000000026077032
		endloop
	endfacet
	facet normal 0.9438901235969757 -0.33025964721122997 0
		outer loop
			vertex -0.03552548587322235 -0.012333057820796967 0
			vertex -0.03552548587322235 -0.012333057820796967 0.003000000026077032
			vertex -0.035562463104724884 -0.012438739649951458 0.003000000026077032
		endloop
	endfacet
	facet normal 0.9438901235969757 -0.33025964721122997 0
		outer loop
			vertex -0.03552548587322235 -0.012333057820796967 0
			vertex -0.035562463104724884 -0.012438739649951458 0.003000000026077032
			vertex -0.035562463104724884 -0.012438739649951458 0
		endloop
	endfacet
	facet normal 0.8467144920471017 -0.5320475250928425 0
		outer loop
			vertex -0.03546591475605965 -0.012238254770636559 0
			vertex -0.03546591475605965 -0.012238254770636559 0.003000000026077032
			vertex -0.03552548587322235 -0.012333057820796967 0.003000000026077032
		endloop
	endfacet
	facet normal 0.8467144920471017 -0.5320475250928425 0
		outer loop
			vertex -0.03546591475605965 -0.012238254770636559 0
			vertex -0.03552548587322235 -0.012333057820796967 0.003000000026077032
			vertex -0.03552548587322235 -0.012333057820796967 0
		endloop
	endfacet
	facet normal 0.7071109402100667 -0.707102622138566 0
		outer loop
			vertex -0.035386744886636734 -0.012159083969891071 0
			vertex -0.035386744886636734 -0.012159083969891071 0.003000000026077032
			vertex -0.03546591475605965 -0.012238254770636559 0.003000000026077032
		endloop
	endfacet
	facet normal 0.7071109402100667 -0.707102622138566 0
		outer loop
			vertex -0.035386744886636734 -0.012159083969891071 0
			vertex -0.03546591475605965 -0.012238254770636559 0.003000000026077032
			vertex -0.03546591475605965 -0.012238254770636559 0
		endloop
	endfacet
	facet normal 0.5320371291000305 -0.8467210244578776 0
		outer loop
			vertex -0.035291943699121475 -0.01209951564669609 0
			vertex -0.035291943699121475 -0.01209951564669609 0.003000000026077032
			vertex -0.035386744886636734 -0.012159083969891071 0.003000000026077032
		endloop
	endfacet
	facet normal 0.5320371291000305 -0.8467210244578776 0
		outer loop
			vertex -0.035291943699121475 -0.01209951564669609 0
			vertex -0.035386744886636734 -0.012159083969891071 0.003000000026077032
			vertex -0.035386744886636734 -0.012159083969891071 0
		endloop
	endfacet
	facet normal 0.3302792862003633 -0.94388325184155 0
		outer loop
			vertex -0.03518626093864441 -0.012062535621225834 0
			vertex -0.03518626093864441 -0.012062535621225834 0.003000000026077032
			vertex -0.035291943699121475 -0.01209951564669609 0.003000000026077032
		endloop
	endfacet
	facet normal 0.3302792862003633 -0.94388325184155 0
		outer loop
			vertex -0.03518626093864441 -0.012062535621225834 0
			vertex -0.035291943699121475 -0.01209951564669609 0.003000000026077032
			vertex -0.035291943699121475 -0.01209951564669609 0
		endloop
	endfacet
	facet normal 0.111961518371504 -0.9937125431451229 0
		outer loop
			vertex -0.035075001418590546 -0.01205000001937151 0
			vertex -0.035075001418590546 -0.01205000001937151 0.003000000026077032
			vertex -0.03518626093864441 -0.012062535621225834 0.003000000026077032
		endloop
	endfacet
	facet normal 0.111961518371504 -0.9937125431451229 0
		outer loop
			vertex -0.035075001418590546 -0.01205000001937151 0
			vertex -0.03518626093864441 -0.012062535621225834 0.003000000026077032
			vertex -0.03518626093864441 -0.012062535621225834 0
		endloop
	endfacet
	facet normal 0 -1 0
		outer loop
			vertex -0.022074999287724495 -0.01205000001937151 0.003000000026077032
			vertex -0.035075001418590546 -0.01205000001937151 0.003000000026077032
			vertex -0.035075001418590546 -0.01205000001937151 0
		endloop
	endfacet
	facet normal 0 -1 0
		outer loop
			vertex -0.022074999287724495 -0.01205000001937151 0.003000000026077032
			vertex -0.035075001418590546 -0.01205000001937151 0
			vertex -0.022074999287724495 -0.01205000001937151 0
		endloop
	endfacet
	facet normal -0.111961518371504 -0.9937125431451229 0
		outer loop
			vertex -0.02196373976767063 -0.012062535621225834 0
			vertex -0.022074999287724495 -0.01205000001937151 0.003000000026077032
			vertex -0.022074999287724495 -0.01205000001937151 0
		endloop
	endfacet
	facet normal -0.111961518371504 -0.9937125431451229 0
		outer loop
			vertex -0.02196373976767063 -0.012062535621225834 0
			vertex -0.02196373976767063 -0.012062535621225834 0.003000000026077032
			vertex -0.022074999287724495 -0.01205000001937151 0.003000000026077032
		endloop
	endfacet
	facet normal -0.330284472412492 -0.9438814370900626 0
		outer loop
			vertex -0.021858058869838715 -0.01209951564669609 0
			vertex -0.021858058869838715 -0.01209951564669609 0.003000000026077032
			vertex -0.02196373976767063 -0.012062535621225834 0.003000000026077032
		endloop
	endfacet
	facet normal -0.330284472412492 -0.9438814370900626 0
		outer loop
			vertex -0.021858058869838715 -0.01209951564669609 0
			vertex -0.02196373976767063 -0.012062535621225834 0.003000000026077032
			vertex -0.02196373976767063 -0.012062535621225834 0
		endloop
	endfacet
	facet normal -0.5320296347483856 -0.8467257334872369 0
		outer loop
			vertex -0.021763255819678307 -0.012159083969891071 0
			vertex -0.021763255819678307 -0.012159083969891071 0.003000000026077032
			vertex -0.021858058869838715 -0.01209951564669609 0.003000000026077032
		endloop
	endfacet
	facet normal -0.5320296347483856 -0.8467257334872369 0
		outer loop
			vertex -0.021763255819678307 -0.012159083969891071 0
			vertex -0.021858058869838715 -0.01209951564669609 0.003000000026077032
			vertex -0.021858058869838715 -0.01209951564669609 0
		endloop
	endfacet
	facet normal -0.7071026221874905 -0.7071109401611426 0
		outer loop
			vertex -0.021684084087610245 -0.012238254770636559 0
			vertex -0.021684084087610245 -0.012238254770636559 0.003000000026077032
			vertex -0.021763255819678307 -0.012159083969891071 0.003000000026077032
		endloop
	endfacet
	facet normal -0.7071026221874905 -0.7071109401611426 0
		outer loop
			vertex -0.021684084087610245 -0.012238254770636559 0
			vertex -0.021763255819678307 -0.012159083969891071 0.003000000026077032
			vertex -0.021763255819678307 -0.012159083969891071 0
		endloop
	endfacet
	facet normal -0.84672198634936 -0.5320355982757113 0
		outer loop
			vertex -0.02162451483309269 -0.012333057820796967 0
			vertex -0.02162451483309269 -0.012333057820796967 0.003000000026077032
			vertex -0.021684084087610245 -0.012238254770636559 0.003000000026077032
		endloop
	endfacet
	facet normal -0.84672198634936 -0.5320355982757113 0
		outer loop
			vertex -0.02162451483309269 -0.012333057820796967 0
			vertex -0.021684084087610245 -0.012238254770636559 0.003000000026077032
			vertex -0.021684084087610245 -0.012238254770636559 0
		endloop
	endfacet
	facet normal -0.9438849375605892 -0.3302744686563627 0
		outer loop
			vertex -0.021587535738945007 -0.012438739649951458 0
			vertex -0.021587535738945007 -0.012438739649951458 0.003000000026077032
			vertex -0.02162451483309269 -0.012333057820796967 0.003000000026077032
		endloop
	endfacet
	facet normal -0.9438849375605892 -0.3302744686563627 0
		outer loop
			vertex -0.021587535738945007 -0.012438739649951458 0
			vertex -0.02162451483309269 -0.012333057820796967 0.003000000026077032
			vertex -0.02162451483309269 -0.012333057820796967 0
		endloop
	endfacet
	facet normal -0.9937126474142874 -0.11196059292844188 0
		outer loop
			vertex -0.021575000137090683 -0.012550000101327896 0
			vertex -0.021575000137090683 -0.012550000101327896 0.003000000026077032
			vertex -0.021587535738945007 -0.012438739649951458 0.003000000026077032
		endloop
	endfacet
	facet normal -0.9937126474142874 -0.11196059292844188 0
		outer loop
			vertex -0.021575000137090683 -0.012550000101327896 0
			vertex -0.021587535738945007 -0.012438739649951458 0.003000000026077032
			vertex -0.021587535738945007 -0.012438739649951458 0
		endloop
	endfacet
	facet normal -1 0 0
		outer loop
			vertex -0.021575000137090683 -0.012550000101327896 0
			vertex -0.021575000137090683 -0.025550000369548798 0.003000000026077032
			vertex -0.021575000137090683 -0.012550000101327896 0.003000000026077032
		endloop
	endfacet
	facet normal -1 0 0
		outer loop
			vertex -0.021575000137090683 -0.012550000101327896 0
			vertex -0.021575000137090683 -0.025550000369548798 0
			vertex -0.021575000137090683 -0.025550000369548798 0.003000000026077032
		endloop
	endfacet
	facet normal -0.9937125431451229 0.111961518371504 0
		outer loop
			vertex -0.021587535738945007 -0.02566125988960266 0
			vertex -0.021575000137090683 -0.025550000369548798 0.003000000026077032
			vertex -0.021575000137090683 -0.025550000369548798 0
		endloop
	endfacet
	facet normal -0.9937125431451229 0.111961518371504 0
		outer loop
			vertex -0.021587535738945007 -0.02566125988960266 0
			vertex -0.021587535738945007 -0.02566125988960266 0.003000000026077032
			vertex -0.021575000137090683 -0.025550000369548798 0.003000000026077032
		endloop
	endfacet
	facet normal -0.9438858448874222 0.3302718756133454 0
		outer loop
			vertex -0.02162451483309269 -0.025766942650079727 0
			vertex -0.02162451483309269 -0.025766942650079727 0.003000000026077032
			vertex -0.021587535738945007 -0.02566125988960266 0.003000000026077032
		endloop
	endfacet
	facet normal -0.9438858448874222 0.3302718756133454 0
		outer loop
			vertex -0.02162451483309269 -0.025766942650079727 0
			vertex -0.021587535738945007 -0.02566125988960266 0.003000000026077032
			vertex -0.021587535738945007 -0.02566125988960266 0
		endloop
	endfacet
	facet normal -0.84672198634936 0.5320355982757113 0
		outer loop
			vertex -0.021684084087610245 -0.025861745700240135 0
			vertex -0.021684084087610245 -0.025861745700240135 0.003000000026077032
			vertex -0.02162451483309269 -0.025766942650079727 0.003000000026077032
		endloop
	endfacet
	facet normal -0.84672198634936 0.5320355982757113 0
		outer loop
			vertex -0.021684084087610245 -0.025861745700240135 0
			vertex -0.02162451483309269 -0.025766942650079727 0.003000000026077032
			vertex -0.02162451483309269 -0.025766942650079727 0
		endloop
	endfacet
	facet normal -0.7070984631150475 0.707115099160199 0
		outer loop
			vertex -0.021763255819678307 -0.025940915569663048 0
			vertex -0.021763255819678307 -0.025940915569663048 0.003000000026077032
			vertex -0.021684084087610245 -0.025861745700240135 0.003000000026077032
		endloop
	endfacet
	facet normal -0.7070984631150475 0.707115099160199 0
		outer loop
			vertex -0.021763255819678307 -0.025940915569663048 0
			vertex -0.021684084087610245 -0.025861745700240135 0.003000000026077032
			vertex -0.021684084087610245 -0.025861745700240135 0
		endloop
	endfacet
	facet normal -0.5320355982757113 0.84672198634936 0
		outer loop
			vertex -0.021858058869838715 -0.026000484824180603 0
			vertex -0.021858058869838715 -0.026000484824180603 0.003000000026077032
			vertex -0.021763255819678307 -0.025940915569663048 0.003000000026077032
		endloop
	endfacet
	facet normal -0.5320355982757113 0.84672198634936 0
		outer loop
			vertex -0.021858058869838715 -0.026000484824180603 0
			vertex -0.021763255819678307 -0.025940915569663048 0.003000000026077032
			vertex -0.021763255819678307 -0.025940915569663048 0
		endloop
	endfacet
	facet normal -0.33027706173760474 0.943884030212385 0
		outer loop
			vertex -0.02196373976767063 -0.026037463918328285 0
			vertex -0.02196373976767063 -0.026037463918328285 0.003000000026077032
			vertex -0.021858058869838715 -0.026000484824180603 0.003000000026077032
		endloop
	endfacet
	facet normal -0.33027706173760474 0.943884030212385 0
		outer loop
			vertex -0.02196373976767063 -0.026037463918328285 0
			vertex -0.021858058869838715 -0.026000484824180603 0.003000000026077032
			vertex -0.021858058869838715 -0.026000484824180603 0
		endloop
	endfacet
	facet normal -0.111961518371504 0.9937125431451229 0
		outer loop
			vertex -0.022074999287724495 -0.02604999952018261 0
			vertex -0.022074999287724495 -0.02604999952018261 0.003000000026077032
			vertex -0.02196373976767063 -0.026037463918328285 0.003000000026077032
		endloop
	endfacet
	facet normal -0.111961518371504 0.9937125431451229 0
		outer loop
			vertex -0.022074999287724495 -0.02604999952018261 0
			vertex -0.02196373976767063 -0.026037463918328285 0.003000000026077032
			vertex -0.02196373976767063 -0.026037463918328285 0
		endloop
	endfacet
	facet normal 0 1 0
		outer loop
			vertex -0.022074999287724495 -0.02604999952018261 0.003000000026077032
			vertex -0.022074999287724495 -0.02604999952018261 0
			vertex -0.035075001418590546 -0.02604999952018261 0
		endloop
	endfacet
	facet normal 0 1 0
		outer loop
			vertex -0.022074999287724495 -0.02604999952018261 0.003000000026077032
			vertex -0.035075001418590546 -0.02604999952018261 0
			vertex -0.035075001418590546 -0.02604999952018261 0.003000000026077032
		endloop
	endfacet
	facet normal 0.111961518371504 0.9937125431451229 0
		outer loop
			vertex -0.03518626093864441 -0.026037463918328285 0
			vertex -0.035075001418590546 -0.02604999952018261 0.003000000026077032
			vertex -0.035075001418590546 -0.02604999952018261 0
		endloop
	endfacet
	facet normal 0.111961518371504 0.9937125431451229 0
		outer loop
			vertex -0.03518626093864441 -0.026037463918328285 0
			vertex -0.03518626093864441 -0.026037463918328285 0.003000000026077032
			vertex -0.035075001418590546 -0.02604999952018261 0.003000000026077032
		endloop
	endfacet
	facet normal 0.3302718756133454 0.9438858448874222 0
		outer loop
			vertex -0.035291943699121475 -0.026000484824180603 0
			vertex -0.035291943699121475 -0.026000484824180603 0.003000000026077032
			vertex -0.03518626093864441 -0.026037463918328285 0.003000000026077032
		endloop
	endfacet
	facet normal 0.3302718756133454 0.9438858448874222 0
		outer loop
			vertex -0.035291943699121475 -0.026000484824180603 0
			vertex -0.03518626093864441 -0.026037463918328285 0.003000000026077032
			vertex -0.03518626093864441 -0.026037463918328285 0
		endloop
	endfacet
	facet normal 0.5320430926450269 0.8467172772352739 0
		outer loop
			vertex -0.035386744886636734 -0.025940915569663048 0
			vertex -0.035386744886636734 -0.025940915569663048 0.003000000026077032
			vertex -0.035291943699121475 -0.026000484824180603 0.003000000026077032
		endloop
	endfacet
	facet normal 0.5320430926450269 0.8467172772352739 0
		outer loop
			vertex -0.035386744886636734 -0.025940915569663048 0
			vertex -0.035291943699121475 -0.026000484824180603 0.003000000026077032
			vertex -0.035291943699121475 -0.026000484824180603 0
		endloop
	endfacet
	facet normal 0.7071067811865476 0.7071067811865476 0
		outer loop
			vertex -0.03546591475605965 -0.025861745700240135 0
			vertex -0.03546591475605965 -0.025861745700240135 0.003000000026077032
			vertex -0.035386744886636734 -0.025940915569663048 0.003000000026077032
		endloop
	endfacet
	facet normal 0.7071067811865476 0.7071067811865476 0
		outer loop
			vertex -0.03546591475605965 -0.025861745700240135 0
			vertex -0.035386744886636734 -0.025940915569663048 0.003000000026077032
			vertex -0.035386744886636734 -0.025940915569663048 0
		endloop
	endfacet
	facet normal 0.8467144920471017 0.5320475250928425 0
		outer loop
			vertex -0.03552548587322235 -0.025766942650079727 0
			vertex -0.03552548587322235 -0.025766942650079727 0.003000000026077032
			vertex -0.03546591475605965 -0.025861745700240135 0.003000000026077032
		endloop
	endfacet
	facet normal 0.8467144920471017 0.5320475250928425 0
		outer loop
			vertex -0.03552548587322235 -0.025766942650079727 0
			vertex -0.03546591475605965 -0.025861745700240135 0.003000000026077032
			vertex -0.03546591475605965 -0.025861745700240135 0
		endloop
	endfacet
	facet normal 0.9438910308473606 0.3302570542560859 0
		outer loop
			vertex -0.035562463104724884 -0.02566125988960266 0
			vertex -0.035562463104724884 -0.02566125988960266 0.003000000026077032
			vertex -0.03552548587322235 -0.025766942650079727 0.003000000026077032
		endloop
	endfacet
	facet normal 0.9438910308473606 0.3302570542560859 0
		outer loop
			vertex -0.035562463104724884 -0.02566125988960266 0
			vertex -0.03552548587322235 -0.025766942650079727 0.003000000026077032
			vertex -0.03552548587322235 -0.025766942650079727 0
		endloop
	endfacet
	facet normal 0.9937125431451229 0.111961518371504 0
		outer loop
			vertex -0.03557499870657921 -0.025550000369548798 0
			vertex -0.03557499870657921 -0.025550000369548798 0.003000000026077032
			vertex -0.035562463104724884 -0.02566125988960266 0.003000000026077032
		endloop
	endfacet
	facet normal 0.9937125431451229 0.111961518371504 0
		outer loop
			vertex -0.03557499870657921 -0.025550000369548798 0
			vertex -0.035562463104724884 -0.02566125988960266 0.003000000026077032
			vertex -0.035562463104724884 -0.02566125988960266 0
		endloop
	endfacet
	facet normal 0.9937121846882858 -0.1119646998032618 0
		outer loop
			vertex 0.0025375359691679478 0.006611260585486889 0
			vertex 0.002524999901652336 0.006500000134110451 0.003000000026077032
			vertex 0.002524999901652336 0.006500000134110451 0
		endloop
	endfacet
	facet normal 0.9937121846882858 -0.1119646998032618 0
		outer loop
			vertex 0.0025375359691679478 0.006611260585486889 0
			vertex 0.0025375359691679478 0.006611260585486889 0.003000000026077032
			vertex 0.002524999901652336 0.006500000134110451 0.003000000026077032
		endloop
	endfacet
	facet normal 0.9438831873430455 -0.3302794705263001 0
		outer loop
			vertex 0.0025745155289769173 0.006716941948980093 0
			vertex 0.0025745155289769173 0.006716941948980093 0.003000000026077032
			vertex 0.0025375359691679478 0.006611260585486889 0.003000000026077032
		endloop
	endfacet
	facet normal 0.9438831873430455 -0.3302794705263001 0
		outer loop
			vertex 0.0025745155289769173 0.006716941948980093 0
			vertex 0.0025375359691679478 0.006611260585486889 0.003000000026077032
			vertex 0.0025375359691679478 0.006611260585486889 0
		endloop
	endfacet
	facet normal 0.8467238599194031 -0.5320326165219452 0
		outer loop
			vertex 0.002634084317833185 0.006811744999140501 0
			vertex 0.002634084317833185 0.006811744999140501 0.003000000026077032
			vertex 0.0025745155289769173 0.006716941948980093 0.003000000026077032
		endloop
	endfacet
	facet normal 0.8467238599194031 -0.5320326165219452 0
		outer loop
			vertex 0.002634084317833185 0.006811744999140501 0
			vertex 0.0025745155289769173 0.006716941948980093 0.003000000026077032
			vertex 0.0025745155289769173 0.006716941948980093 0
		endloop
	endfacet
	facet normal 0.7071067811865476 -0.7071067811865476 0
		outer loop
			vertex 0.0027132551185786724 0.006890915799885988 0
			vertex 0.0027132551185786724 0.006890915799885988 0.003000000026077032
			vertex 0.002634084317833185 0.006811744999140501 0.003000000026077032
		endloop
	endfacet
	facet normal 0.7071067811865476 -0.7071067811865476 0
		outer loop
			vertex 0.0027132551185786724 0.006890915799885988 0
			vertex 0.002634084317833185 0.006811744999140501 0.003000000026077032
			vertex 0.002634084317833185 0.006811744999140501 0
		endloop
	endfacet
	facet normal 0.5320326165219452 -0.8467238599194031 0
		outer loop
			vertex 0.0028080581687390804 0.006950484588742256 0
			vertex 0.0028080581687390804 0.006950484588742256 0.003000000026077032
			vertex 0.0027132551185786724 0.006890915799885988 0.003000000026077032
		endloop
	endfacet
	facet normal 0.5320326165219452 -0.8467238599194031 0
		outer loop
			vertex 0.0028080581687390804 0.006950484588742256 0
			vertex 0.0027132551185786724 0.006890915799885988 0.003000000026077032
			vertex 0.0027132551185786724 0.006890915799885988 0
		endloop
	endfacet
	facet normal 0.3302794705263001 -0.9438831873430455 0
		outer loop
			vertex 0.0029137395322322845 0.006987464148551226 0
			vertex 0.0029137395322322845 0.006987464148551226 0.003000000026077032
			vertex 0.0028080581687390804 0.006950484588742256 0.003000000026077032
		endloop
	endfacet
	facet normal 0.3302794705263001 -0.9438831873430455 0
		outer loop
			vertex 0.0029137395322322845 0.006987464148551226 0
			vertex 0.0028080581687390804 0.006950484588742256 0.003000000026077032
			vertex 0.0028080581687390804 0.006950484588742256 0
		endloop
	endfacet
	facet normal 0.1119646998032618 -0.9937121846882858 0
		outer loop
			vertex 0.0030249999836087227 0.007000000216066837 0
			vertex 0.0030249999836087227 0.007000000216066837 0.003000000026077032
			vertex 0.0029137395322322845 0.006987464148551226 0.003000000026077032
		endloop
	endfacet
	facet normal 0.1119646998032618 -0.9937121846882858 0
		outer loop
			vertex 0.0030249999836087227 0.007000000216066837 0
			vertex 0.0029137395322322845 0.006987464148551226 0.003000000026077032
			vertex 0.0029137395322322845 0.006987464148551226 0
		endloop
	endfacet
	facet normal 0 -1 0
		outer loop
			vertex 0.01602499932050705 0.007000000216066837 0.003000000026077032
			vertex 0.0030249999836087227 0.007000000216066837 0.003000000026077032
			vertex 0.0030249999836087227 0.007000000216066837 0
		endloop
	endfacet
	facet normal 0 -1 0
		outer loop
			vertex 0.01602499932050705 0.007000000216066837 0.003000000026077032
			vertex 0.0030249999836087227 0.007000000216066837 0
			vertex 0.01602499932050705 0.007000000216066837 0
		endloop
	endfacet
	facet normal -0.11196377434231723 -0.9937122889624658 0
		outer loop
			vertex 0.016136260703206062 0.006987464148551226 0
			vertex 0.01602499932050705 0.007000000216066837 0.003000000026077032
			vertex 0.01602499932050705 0.007000000216066837 0
		endloop
	endfacet
	facet normal -0.11196377434231723 -0.9937122889624658 0
		outer loop
			vertex 0.016136260703206062 0.006987464148551226 0
			vertex 0.016136260703206062 0.006987464148551226 0.003000000026077032
			vertex 0.01602499932050705 0.007000000216066837 0.003000000026077032
		endloop
	endfacet
	facet normal -0.3302807670826831 -0.9438827336567157 0
		outer loop
			vertex 0.01624194160103798 0.006950484588742256 0
			vertex 0.01624194160103798 0.006950484588742256 0.003000000026077032
			vertex 0.016136260703206062 0.006987464148551226 0.003000000026077032
		endloop
	endfacet
	facet normal -0.3302807670826831 -0.9438827336567157 0
		outer loop
			vertex 0.01624194160103798 0.006950484588742256 0
			vertex 0.016136260703206062 0.006987464148551226 0.003000000026077032
			vertex 0.016136260703206062 0.006987464148551226 0
		endloop
	endfacet
	facet normal -0.5320326165219452 -0.8467238599194031 0
		outer loop
			vertex 0.016336744651198387 0.006890915799885988 0
			vertex 0.016336744651198387 0.006890915799885988 0.003000000026077032
			vertex 0.01624194160103798 0.006950484588742256 0.003000000026077032
		endloop
	endfacet
	facet normal -0.5320326165219452 -0.8467238599194031 0
		outer loop
			vertex 0.016336744651198387 0.006890915799885988 0
			vertex 0.01624194160103798 0.006950484588742256 0.003000000026077032
			vertex 0.01624194160103798 0.006950484588742256 0
		endloop
	endfacet
	facet normal -0.7071026221874905 -0.7071109401611426 0
		outer loop
			vertex 0.01641591638326645 0.006811744999140501 0
			vertex 0.01641591638326645 0.006811744999140501 0.003000000026077032
			vertex 0.016336744651198387 0.006890915799885988 0.003000000026077032
		endloop
	endfacet
	facet normal -0.7071026221874905 -0.7071109401611426 0
		outer loop
			vertex 0.01641591638326645 0.006811744999140501 0
			vertex 0.016336744651198387 0.006890915799885988 0.003000000026077032
			vertex 0.016336744651198387 0.006890915799885988 0
		endloop
	endfacet
	facet normal -0.8467294806162775 -0.5320236711418856 0
		outer loop
			vertex 0.016475483775138855 0.006716941948980093 0
			vertex 0.016475483775138855 0.006716941948980093 0.003000000026077032
			vertex 0.01641591638326645 0.006811744999140501 0.003000000026077032
		endloop
	endfacet
	facet normal -0.8467294806162775 -0.5320236711418856 0
		outer loop
			vertex 0.016475483775138855 0.006716941948980093 0
			vertex 0.01641591638326645 0.006811744999140501 0.003000000026077032
			vertex 0.01641591638326645 0.006811744999140501 0
		endloop
	endfacet
	facet normal -0.9438792976388051 -0.3302905864369675 0
		outer loop
			vertex 0.016512464731931686 0.006611260585486889 0
			vertex 0.016512464731931686 0.006611260585486889 0.003000000026077032
			vertex 0.016475483775138855 0.006716941948980093 0.003000000026077032
		endloop
	endfacet
	facet normal -0.9438792976388051 -0.3302905864369675 0
		outer loop
			vertex 0.016512464731931686 0.006611260585486889 0
			vertex 0.016475483775138855 0.006716941948980093 0.003000000026077032
			vertex 0.016475483775138855 0.006716941948980093 0
		endloop
	endfacet
	facet normal -0.9937126474142874 -0.11196059292844188 0
		outer loop
			vertex 0.01652500033378601 0.006500000134110451 0
			vertex 0.01652500033378601 0.006500000134110451 0.003000000026077032
			vertex 0.016512464731931686 0.006611260585486889 0.003000000026077032
		endloop
	endfacet
	facet normal -0.9937126474142874 -0.11196059292844188 0
		outer loop
			vertex 0.01652500033378601 0.006500000134110451 0
			vertex 0.016512464731931686 0.006611260585486889 0.003000000026077032
			vertex 0.016512464731931686 0.006611260585486889 0
		endloop
	endfacet
	facet normal -1 0 0
		outer loop
			vertex 0.01652500033378601 0.006500000134110451 0
			vertex 0.01652500033378601 -0.006500000134110451 0.003000000026077032
			vertex 0.01652500033378601 0.006500000134110451 0.003000000026077032
		endloop
	endfacet
	facet normal -1 0 0
		outer loop
			vertex 0.01652500033378601 0.006500000134110451 0
			vertex 0.01652500033378601 -0.006500000134110451 0
			vertex 0.01652500033378601 -0.006500000134110451 0.003000000026077032
		endloop
	endfacet
	facet normal -0.9937126474142874 0.11196059292844188 0
		outer loop
			vertex 0.016512464731931686 -0.006611260585486889 0
			vertex 0.01652500033378601 -0.006500000134110451 0.003000000026077032
			vertex 0.01652500033378601 -0.006500000134110451 0
		endloop
	endfacet
	facet normal -0.9937126474142874 0.11196059292844188 0
		outer loop
			vertex 0.016512464731931686 -0.006611260585486889 0
			vertex 0.016512464731931686 -0.006611260585486889 0.003000000026077032
			vertex 0.01652500033378601 -0.006500000134110451 0.003000000026077032
		endloop
	endfacet
	facet normal -0.9438792976388051 0.3302905864369675 0
		outer loop
			vertex 0.016475483775138855 -0.006716941948980093 0
			vertex 0.016475483775138855 -0.006716941948980093 0.003000000026077032
			vertex 0.016512464731931686 -0.006611260585486889 0.003000000026077032
		endloop
	endfacet
	facet normal -0.9438792976388051 0.3302905864369675 0
		outer loop
			vertex 0.016475483775138855 -0.006716941948980093 0
			vertex 0.016512464731931686 -0.006611260585486889 0.003000000026077032
			vertex 0.016512464731931686 -0.006611260585486889 0
		endloop
	endfacet
	facet normal -0.8467294806162775 0.5320236711418856 0
		outer loop
			vertex 0.01641591638326645 -0.006811744999140501 0
			vertex 0.01641591638326645 -0.006811744999140501 0.003000000026077032
			vertex 0.016475483775138855 -0.006716941948980093 0.003000000026077032
		endloop
	endfacet
	facet normal -0.8467294806162775 0.5320236711418856 0
		outer loop
			vertex 0.01641591638326645 -0.006811744999140501 0
			vertex 0.016475483775138855 -0.006716941948980093 0.003000000026077032
			vertex 0.016475483775138855 -0.006716941948980093 0
		endloop
	endfacet
	facet normal -0.7071026221874905 0.7071109401611426 0
		outer loop
			vertex 0.016336744651198387 -0.006890915799885988 0
			vertex 0.016336744651198387 -0.006890915799885988 0.003000000026077032
			vertex 0.01641591638326645 -0.006811744999140501 0.003000000026077032
		endloop
	endfacet
	facet normal -0.7071026221874905 0.7071109401611426 0
		outer loop
			vertex 0.016336744651198387 -0.006890915799885988 0
			vertex 0.01641591638326645 -0.006811744999140501 0.003000000026077032
			vertex 0.01641591638326645 -0.006811744999140501 0
		endloop
	endfacet
	facet normal -0.5320326165219452 0.8467238599194031 0
		outer loop
			vertex 0.01624194160103798 -0.006950484588742256 0
			vertex 0.01624194160103798 -0.006950484588742256 0.003000000026077032
			vertex 0.016336744651198387 -0.006890915799885988 0.003000000026077032
		endloop
	endfacet
	facet normal -0.5320326165219452 0.8467238599194031 0
		outer loop
			vertex 0.01624194160103798 -0.006950484588742256 0
			vertex 0.016336744651198387 -0.006890915799885988 0.003000000026077032
			vertex 0.016336744651198387 -0.006890915799885988 0
		endloop
	endfacet
	facet normal -0.3302807670826831 0.9438827336567157 0
		outer loop
			vertex 0.016136260703206062 -0.006987464148551226 0
			vertex 0.016136260703206062 -0.006987464148551226 0.003000000026077032
			vertex 0.01624194160103798 -0.006950484588742256 0.003000000026077032
		endloop
	endfacet
	facet normal -0.3302807670826831 0.9438827336567157 0
		outer loop
			vertex 0.016136260703206062 -0.006987464148551226 0
			vertex 0.01624194160103798 -0.006950484588742256 0.003000000026077032
			vertex 0.01624194160103798 -0.006950484588742256 0
		endloop
	endfacet
	facet normal -0.11196377434231723 0.9937122889624658 0
		outer loop
			vertex 0.01602499932050705 -0.007000000216066837 0
			vertex 0.01602499932050705 -0.007000000216066837 0.003000000026077032
			vertex 0.016136260703206062 -0.006987464148551226 0.003000000026077032
		endloop
	endfacet
	facet normal -0.11196377434231723 0.9937122889624658 0
		outer loop
			vertex 0.01602499932050705 -0.007000000216066837 0
			vertex 0.016136260703206062 -0.006987464148551226 0.003000000026077032
			vertex 0.016136260703206062 -0.006987464148551226 0
		endloop
	endfacet
	facet normal 0 1 0
		outer loop
			vertex 0.01602499932050705 -0.007000000216066837 0.003000000026077032
			vertex 0.01602499932050705 -0.007000000216066837 0
			vertex 0.0030249999836087227 -0.007000000216066837 0
		endloop
	endfacet
	facet normal 0 1 0
		outer loop
			vertex 0.01602499932050705 -0.007000000216066837 0.003000000026077032
			vertex 0.0030249999836087227 -0.007000000216066837 0
			vertex 0.0030249999836087227 -0.007000000216066837 0.003000000026077032
		endloop
	endfacet
	facet normal 0.1119646998032618 0.9937121846882858 0
		outer loop
			vertex 0.0029137395322322845 -0.006987464148551226 0
			vertex 0.0030249999836087227 -0.007000000216066837 0.003000000026077032
			vertex 0.0030249999836087227 -0.007000000216066837 0
		endloop
	endfacet
	facet normal 0.1119646998032618 0.9937121846882858 0
		outer loop
			vertex 0.0029137395322322845 -0.006987464148551226 0
			vertex 0.0029137395322322845 -0.006987464148551226 0.003000000026077032
			vertex 0.0030249999836087227 -0.007000000216066837 0.003000000026077032
		endloop
	endfacet
	facet normal 0.3302794705263001 0.9438831873430455 0
		outer loop
			vertex 0.0028080581687390804 -0.006950484588742256 0
			vertex 0.0028080581687390804 -0.006950484588742256 0.003000000026077032
			vertex 0.0029137395322322845 -0.006987464148551226 0.003000000026077032
		endloop
	endfacet
	facet normal 0.3302794705263001 0.9438831873430455 0
		outer loop
			vertex 0.0028080581687390804 -0.006950484588742256 0
			vertex 0.0029137395322322845 -0.006987464148551226 0.003000000026077032
			vertex 0.0029137395322322845 -0.006987464148551226 0
		endloop
	endfacet
	facet normal 0.5320326165219452 0.8467238599194031 0
		outer loop
			vertex 0.0027132551185786724 -0.006890915799885988 0
			vertex 0.0027132551185786724 -0.006890915799885988 0.003000000026077032
			vertex 0.0028080581687390804 -0.006950484588742256 0.003000000026077032
		endloop
	endfacet
	facet normal 0.5320326165219452 0.8467238599194031 0
		outer loop
			vertex 0.0027132551185786724 -0.006890915799885988 0
			vertex 0.0028080581687390804 -0.006950484588742256 0.003000000026077032
			vertex 0.0028080581687390804 -0.006950484588742256 0
		endloop
	endfacet
	facet normal 0.7071067811865476 0.7071067811865476 0
		outer loop
			vertex 0.002634084317833185 -0.006811744999140501 0
			vertex 0.002634084317833185 -0.006811744999140501 0.003000000026077032
			vertex 0.0027132551185786724 -0.006890915799885988 0.003000000026077032
		endloop
	endfacet
	facet normal 0.7071067811865476 0.7071067811865476 0
		outer loop
			vertex 0.002634084317833185 -0.006811744999140501 0
			vertex 0.0027132551185786724 -0.006890915799885988 0.003000000026077032
			vertex 0.0027132551185786724 -0.006890915799885988 0
		endloop
	endfacet
	facet normal 0.8467238599194031 0.5320326165219452 0
		outer loop
			vertex 0.0025745155289769173 -0.006716941948980093 0
			vertex 0.0025745155289769173 -0.006716941948980093 0.003000000026077032
			vertex 0.002634084317833185 -0.006811744999140501 0.003000000026077032
		endloop
	endfacet
	facet normal 0.8467238599194031 0.5320326165219452 0
		outer loop
			vertex 0.0025745155289769173 -0.006716941948980093 0
			vertex 0.002634084317833185 -0.006811744999140501 0.003000000026077032
			vertex 0.002634084317833185 -0.006811744999140501 0
		endloop
	endfacet
	facet normal 0.9438831873430455 0.3302794705263001 0
		outer loop
			vertex 0.0025375359691679478 -0.006611260585486889 0
			vertex 0.0025375359691679478 -0.006611260585486889 0.003000000026077032
			vertex 0.0025745155289769173 -0.006716941948980093 0.003000000026077032
		endloop
	endfacet
	facet normal 0.9438831873430455 0.3302794705263001 0
		outer loop
			vertex 0.0025375359691679478 -0.006611260585486889 0
			vertex 0.0025745155289769173 -0.006716941948980093 0.003000000026077032
			vertex 0.0025745155289769173 -0.006716941948980093 0
		endloop
	endfacet
	facet normal 0.9937121846882858 0.1119646998032618 0
		outer loop
			vertex 0.002524999901652336 -0.006500000134110451 0
			vertex 0.002524999901652336 -0.006500000134110451 0.003000000026077032
			vertex 0.0025375359691679478 -0.006611260585486889 0.003000000026077032
		endloop
	endfacet
	facet normal 0.9937121846882858 0.1119646998032618 0
		outer loop
			vertex 0.002524999901652336 -0.006500000134110451 0
			vertex 0.0025375359691679478 -0.006611260585486889 0.003000000026077032
			vertex 0.0025375359691679478 -0.006611260585486889 0
		endloop
	endfacet
	facet normal 0.9937126474142874 -0.11196059292844188 0
		outer loop
			vertex -0.016512464731931686 0.006611260585486889 0
			vertex -0.01652500033378601 0.006500000134110451 0.003000000026077032
			vertex -0.01652500033378601 0.006500000134110451 0
		endloop
	endfacet
	facet normal 0.9937126474142874 -0.11196059292844188 0
		outer loop
			vertex -0.016512464731931686 0.006611260585486889 0
			vertex -0.016512464731931686 0.006611260585486889 0.003000000026077032
			vertex -0.01652500033378601 0.006500000134110451 0.003000000026077032
		endloop
	endfacet
	facet normal 0.9438792976388051 -0.3302905864369675 0
		outer loop
			vertex -0.016475483775138855 0.006716941948980093 0
			vertex -0.016475483775138855 0.006716941948980093 0.003000000026077032
			vertex -0.016512464731931686 0.006611260585486889 0.003000000026077032
		endloop
	endfacet
	facet normal 0.9438792976388051 -0.3302905864369675 0
		outer loop
			vertex -0.016475483775138855 0.006716941948980093 0
			vertex -0.016512464731931686 0.006611260585486889 0.003000000026077032
			vertex -0.016512464731931686 0.006611260585486889 0
		endloop
	endfacet
	facet normal 0.8467294806162775 -0.5320236711418856 0
		outer loop
			vertex -0.01641591638326645 0.006811744999140501 0
			vertex -0.01641591638326645 0.006811744999140501 0.003000000026077032
			vertex -0.016475483775138855 0.006716941948980093 0.003000000026077032
		endloop
	endfacet
	facet normal 0.8467294806162775 -0.5320236711418856 0
		outer loop
			vertex -0.01641591638326645 0.006811744999140501 0
			vertex -0.016475483775138855 0.006716941948980093 0.003000000026077032
			vertex -0.016475483775138855 0.006716941948980093 0
		endloop
	endfacet
	facet normal 0.7071026221874905 -0.7071109401611426 0
		outer loop
			vertex -0.016336744651198387 0.006890915799885988 0
			vertex -0.016336744651198387 0.006890915799885988 0.003000000026077032
			vertex -0.01641591638326645 0.006811744999140501 0.003000000026077032
		endloop
	endfacet
	facet normal 0.7071026221874905 -0.7071109401611426 0
		outer loop
			vertex -0.016336744651198387 0.006890915799885988 0
			vertex -0.01641591638326645 0.006811744999140501 0.003000000026077032
			vertex -0.01641591638326645 0.006811744999140501 0
		endloop
	endfacet
	facet normal 0.5320326165219452 -0.8467238599194031 0
		outer loop
			vertex -0.01624194160103798 0.006950484588742256 0
			vertex -0.01624194160103798 0.006950484588742256 0.003000000026077032
			vertex -0.016336744651198387 0.006890915799885988 0.003000000026077032
		endloop
	endfacet
	facet normal 0.5320326165219452 -0.8467238599194031 0
		outer loop
			vertex -0.01624194160103798 0.006950484588742256 0
			vertex -0.016336744651198387 0.006890915799885988 0.003000000026077032
			vertex -0.016336744651198387 0.006890915799885988 0
		endloop
	endfacet
	facet normal 0.3302807670826831 -0.9438827336567157 0
		outer loop
			vertex -0.016136260703206062 0.006987464148551226 0
			vertex -0.016136260703206062 0.006987464148551226 0.003000000026077032
			vertex -0.01624194160103798 0.006950484588742256 0.003000000026077032
		endloop
	endfacet
	facet normal 0.3302807670826831 -0.9438827336567157 0
		outer loop
			vertex -0.016136260703206062 0.006987464148551226 0
			vertex -0.01624194160103798 0.006950484588742256 0.003000000026077032
			vertex -0.01624194160103798 0.006950484588742256 0
		endloop
	endfacet
	facet normal 0.11196377434231723 -0.9937122889624658 0
		outer loop
			vertex -0.01602499932050705 0.007000000216066837 0
			vertex -0.01602499932050705 0.007000000216066837 0.003000000026077032
			vertex -0.016136260703206062 0.006987464148551226 0.003000000026077032
		endloop
	endfacet
	facet normal 0.11196377434231723 -0.9937122889624658 0
		outer loop
			vertex -0.01602499932050705 0.007000000216066837 0
			vertex -0.016136260703206062 0.006987464148551226 0.003000000026077032
			vertex -0.016136260703206062 0.006987464148551226 0
		endloop
	endfacet
	facet normal 0 -1 0
		outer loop
			vertex -0.0030249999836087227 0.007000000216066837 0.003000000026077032
			vertex -0.01602499932050705 0.007000000216066837 0.003000000026077032
			vertex -0.01602499932050705 0.007000000216066837 0
		endloop
	endfacet
	facet normal 0 -1 0
		outer loop
			vertex -0.0030249999836087227 0.007000000216066837 0.003000000026077032
			vertex -0.01602499932050705 0.007000000216066837 0
			vertex -0.0030249999836087227 0.007000000216066837 0
		endloop
	endfacet
	facet normal -0.1119646998032618 -0.9937121846882858 0
		outer loop
			vertex -0.0029137395322322845 0.006987464148551226 0
			vertex -0.0030249999836087227 0.007000000216066837 0.003000000026077032
			vertex -0.0030249999836087227 0.007000000216066837 0
		endloop
	endfacet
	facet normal -0.1119646998032618 -0.9937121846882858 0
		outer loop
			vertex -0.0029137395322322845 0.006987464148551226 0
			vertex -0.0029137395322322845 0.006987464148551226 0.003000000026077032
			vertex -0.0030249999836087227 0.007000000216066837 0.003000000026077032
		endloop
	endfacet
	facet normal -0.3302794705263001 -0.9438831873430455 0
		outer loop
			vertex -0.0028080581687390804 0.006950484588742256 0
			vertex -0.0028080581687390804 0.006950484588742256 0.003000000026077032
			vertex -0.0029137395322322845 0.006987464148551226 0.003000000026077032
		endloop
	endfacet
	facet normal -0.3302794705263001 -0.9438831873430455 0
		outer loop
			vertex -0.0028080581687390804 0.006950484588742256 0
			vertex -0.0029137395322322845 0.006987464148551226 0.003000000026077032
			vertex -0.0029137395322322845 0.006987464148551226 0
		endloop
	endfacet
	facet normal -0.5320326165219452 -0.8467238599194031 0
		outer loop
			vertex -0.0027132551185786724 0.006890915799885988 0
			vertex -0.0027132551185786724 0.006890915799885988 0.003000000026077032
			vertex -0.0028080581687390804 0.006950484588742256 0.003000000026077032
		endloop
	endfacet
	facet normal -0.5320326165219452 -0.8467238599194031 0
		outer loop
			vertex -0.0027132551185786724 0.006890915799885988 0
			vertex -0.0028080581687390804 0.006950484588742256 0.003000000026077032
			vertex -0.0028080581687390804 0.006950484588742256 0
		endloop
	endfacet
	facet normal -0.7071067811865476 -0.7071067811865476 0
		outer loop
			vertex -0.002634084317833185 0.006811744999140501 0
			vertex -0.002634084317833185 0.006811744999140501 0.003000000026077032
			vertex -0.0027132551185786724 0.006890915799885988 0.003000000026077032
		endloop
	endfacet
	facet normal -0.7071067811865476 -0.7071067811865476 0
		outer loop
			vertex -0.002634084317833185 0.006811744999140501 0
			vertex -0.0027132551185786724 0.006890915799885988 0.003000000026077032
			vertex -0.0027132551185786724 0.006890915799885988 0
		endloop
	endfacet
	facet normal -0.8467238599194031 -0.5320326165219452 0
		outer loop
			vertex -0.0025745155289769173 0.006716941948980093 0
			vertex -0.0025745155289769173 0.006716941948980093 0.003000000026077032
			vertex -0.002634084317833185 0.006811744999140501 0.003000000026077032
		endloop
	endfacet
	facet normal -0.8467238599194031 -0.5320326165219452 0
		outer loop
			vertex -0.0025745155289769173 0.006716941948980093 0
			vertex -0.002634084317833185 0.006811744999140501 0.003000000026077032
			vertex -0.002634084317833185 0.006811744999140501 0
		endloop
	endfacet
	facet normal -0.9438831873430455 -0.3302794705263001 0
		outer loop
			vertex -0.0025375359691679478 0.006611260585486889 0
			vertex -0.0025375359691679478 0.006611260585486889 0.003000000026077032
			vertex -0.0025745155289769173 0.006716941948980093 0.003000000026077032
		endloop
	endfacet
	facet normal -0.9438831873430455 -0.3302794705263001 0
		outer loop
			vertex -0.0025375359691679478 0.006611260585486889 0
			vertex -0.0025745155289769173 0.006716941948980093 0.003000000026077032
			vertex -0.0025745155289769173 0.006716941948980093 0
		endloop
	endfacet
	facet normal -0.9937121846882858 -0.1119646998032618 0
		outer loop
			vertex -0.002524999901652336 0.006500000134110451 0
			vertex -0.002524999901652336 0.006500000134110451 0.003000000026077032
			vertex -0.0025375359691679478 0.006611260585486889 0.003000000026077032
		endloop
	endfacet
	facet normal -0.9937121846882858 -0.1119646998032618 0
		outer loop
			vertex -0.002524999901652336 0.006500000134110451 0
			vertex -0.0025375359691679478 0.006611260585486889 0.003000000026077032
			vertex -0.0025375359691679478 0.006611260585486889 0
		endloop
	endfacet
	facet normal -1 0 0
		outer loop
			vertex -0.002524999901652336 0.006500000134110451 0
			vertex -0.002524999901652336 -0.006500000134110451 0.003000000026077032
			vertex -0.002524999901652336 0.006500000134110451 0.003000000026077032
		endloop
	endfacet
	facet normal -1 0 0
		outer loop
			vertex -0.002524999901652336 0.006500000134110451 0
			vertex -0.002524999901652336 -0.006500000134110451 0
			vertex -0.002524999901652336 -0.006500000134110451 0.003000000026077032
		endloop
	endfacet
	facet normal -0.9937121846882858 0.1119646998032618 0
		outer loop
			vertex -0.0025375359691679478 -0.006611260585486889 0
			vertex -0.002524999901652336 -0.006500000134110451 0.003000000026077032
			vertex -0.002524999901652336 -0.006500000134110451 0
		endloop
	endfacet
	facet normal -0.9937121846882858 0.1119646998032618 0
		outer loop
			vertex -0.0025375359691679478 -0.006611260585486889 0
			vertex -0.0025375359691679478 -0.006611260585486889 0.003000000026077032
			vertex -0.002524999901652336 -0.006500000134110451 0.003000000026077032
		endloop
	endfacet
	facet normal -0.9438831873430455 0.3302794705263001 0
		outer loop
			vertex -0.0025745155289769173 -0.006716941948980093 0
			vertex -0.0025745155289769173 -0.006716941948980093 0.003000000026077032
			vertex -0.0025375359691679478 -0.006611260585486889 0.003000000026077032
		endloop
	endfacet
	facet normal -0.9438831873430455 0.3302794705263001 0
		outer loop
			vertex -0.0025745155289769173 -0.006716941948980093 0
			vertex -0.0025375359691679478 -0.006611260585486889 0.003000000026077032
			vertex -0.0025375359691679478 -0.006611260585486889 0
		endloop
	endfacet
	facet normal -0.8467238599194031 0.5320326165219452 0
		outer loop
			vertex -0.002634084317833185 -0.006811744999140501 0
			vertex -0.002634084317833185 -0.006811744999140501 0.003000000026077032
			vertex -0.0025745155289769173 -0.006716941948980093 0.003000000026077032
		endloop
	endfacet
	facet normal -0.8467238599194031 0.5320326165219452 0
		outer loop
			vertex -0.002634084317833185 -0.006811744999140501 0
			vertex -0.0025745155289769173 -0.006716941948980093 0.003000000026077032
			vertex -0.0025745155289769173 -0.006716941948980093 0
		endloop
	endfacet
	facet normal -0.7071067811865476 0.7071067811865476 0
		outer loop
			vertex -0.0027132551185786724 -0.006890915799885988 0
			vertex -0.0027132551185786724 -0.006890915799885988 0.003000000026077032
			vertex -0.002634084317833185 -0.006811744999140501 0.003000000026077032
		endloop
	endfacet
	facet normal -0.7071067811865476 0.7071067811865476 0
		outer loop
			vertex -0.0027132551185786724 -0.006890915799885988 0
			vertex -0.002634084317833185 -0.006811744999140501 0.003000000026077032
			vertex -0.002634084317833185 -0.006811744999140501 0
		endloop
	endfacet
	facet normal -0.5320326165219452 0.8467238599194031 0
		outer loop
			vertex -0.0028080581687390804 -0.006950484588742256 0
			vertex -0.0028080581687390804 -0.006950484588742256 0.003000000026077032
			vertex -0.0027132551185786724 -0.006890915799885988 0.003000000026077032
		endloop
	endfacet
	facet normal -0.5320326165219452 0.8467238599194031 0
		outer loop
			vertex -0.0028080581687390804 -0.006950484588742256 0
			vertex -0.0027132551185786724 -0.006890915799885988 0.003000000026077032
			vertex -0.0027132551185786724 -0.006890915799885988 0
		endloop
	endfacet
	facet normal -0.3302794705263001 0.9438831873430455 0
		outer loop
			vertex -0.0029137395322322845 -0.006987464148551226 0
			vertex -0.0029137395322322845 -0.006987464148551226 0.003000000026077032
			vertex -0.0028080581687390804 -0.006950484588742256 0.003000000026077032
		endloop
	endfacet
	facet normal -0.3302794705263001 0.9438831873430455 0
		outer loop
			vertex -0.0029137395322322845 -0.006987464148551226 0
			vertex -0.0028080581687390804 -0.006950484588742256 0.003000000026077032
			vertex -0.0028080581687390804 -0.006950484588742256 0
		endloop
	endfacet
	facet normal -0.1119646998032618 0.9937121846882858 0
		outer loop
			vertex -0.0030249999836087227 -0.007000000216066837 0
			vertex -0.0030249999836087227 -0.007000000216066837 0.003000000026077032
			vertex -0.0029137395322322845 -0.006987464148551226 0.003000000026077032
		endloop
	endfacet
	facet normal -0.1119646998032618 0.9937121846882858 0
		outer loop
			vertex -0.0030249999836087227 -0.007000000216066837 0
			vertex -0.0029137395322322845 -0.006987464148551226 0.003000000026077032
			vertex -0.0029137395322322845 -0.006987464148551226 0
		endloop
	endfacet
	facet normal 0 1 0
		outer loop
			vertex -0.0030249999836087227 -0.007000000216066837 0.003000000026077032
			vertex -0.0030249999836087227 -0.007000000216066837 0
			vertex -0.01602499932050705 -0.007000000216066837 0
		endloop
	endfacet
	facet normal 0 1 0
		outer loop
			vertex -0.0030249999836087227 -0.007000000216066837 0.003000000026077032
			vertex -0.01602499932050705 -0.007000000216066837 0
			vertex -0.01602499932050705 -0.007000000216066837 0.003000000026077032
		endloop
	endfacet
	facet normal 0.11196377434231723 0.9937122889624658 0
		outer loop
			vertex -0.016136260703206062 -0.006987464148551226 0
			vertex -0.01602499932050705 -0.007000000216066837 0.003000000026077032
			vertex -0.01602499932050705 -0.007000000216066837 0
		endloop
	endfacet
	facet normal 0.11196377434231723 0.9937122889624658 0
		outer loop
			vertex -0.016136260703206062 -0.006987464148551226 0
			vertex -0.016136260703206062 -0.006987464148551226 0.003000000026077032
			vertex -0.01602499932050705 -0.007000000216066837 0.003000000026077032
		endloop
	endfacet
	facet normal 0.3302807670826831 0.9438827336567157 0
		outer loop
			vertex -0.01624194160103798 -0.006950484588742256 0
			vertex -0.01624194160103798 -0.006950484588742256 0.003000000026077032
			vertex -0.016136260703206062 -0.006987464148551226 0.003000000026077032
		endloop
	endfacet
	facet normal 0.3302807670826831 0.9438827336567157 0
		outer loop
			vertex -0.01624194160103798 -0.006950484588742256 0
			vertex -0.016136260703206062 -0.006987464148551226 0.003000000026077032
			vertex -0.016136260703206062 -0.006987464148551226 0
		endloop
	endfacet
	facet normal 0.5320326165219452 0.8467238599194031 0
		outer loop
			vertex -0.016336744651198387 -0.006890915799885988 0
			vertex -0.016336744651198387 -0.006890915799885988 0.003000000026077032
			vertex -0.01624194160103798 -0.006950484588742256 0.003000000026077032
		endloop
	endfacet
	facet normal 0.5320326165219452 0.8467238599194031 0
		outer loop
			vertex -0.016336744651198387 -0.006890915799885988 0
			vertex -0.01624194160103798 -0.006950484588742256 0.003000000026077032
			vertex -0.01624194160103798 -0.006950484588742256 0
		endloop
	endfacet
	facet normal 0.7071026221874905 0.7071109401611426 0
		outer loop
			vertex -0.01641591638326645 -0.006811744999140501 0
			vertex -0.01641591638326645 -0.006811744999140501 0.003000000026077032
			vertex -0.016336744651198387 -0.006890915799885988 0.003000000026077032
		endloop
	endfacet
	facet normal 0.7071026221874905 0.7071109401611426 0
		outer loop
			vertex -0.01641591638326645 -0.006811744999140501 0
			vertex -0.016336744651198387 -0.006890915799885988 0.003000000026077032
			vertex -0.016336744651198387 -0.006890915799885988 0
		endloop
	endfacet
	facet normal 0.8467294806162775 0.5320236711418856 0
		outer loop
			vertex -0.016475483775138855 -0.006716941948980093 0
			vertex -0.016475483775138855 -0.006716941948980093 0.003000000026077032
			vertex -0.01641591638326645 -0.006811744999140501 0.003000000026077032
		endloop
	endfacet
	facet normal 0.8467294806162775 0.5320236711418856 0
		outer loop
			vertex -0.016475483775138855 -0.006716941948980093 0
			vertex -0.01641591638326645 -0.006811744999140501 0.003000000026077032
			vertex -0.01641591638326645 -0.006811744999140501 0
		endloop
	endfacet
	facet normal 0.9438792976388051 0.3302905864369675 0
		outer loop
			vertex -0.016512464731931686 -0.006611260585486889 0
			vertex -0.016512464731931686 -0.006611260585486889 0.003000000026077032
			vertex -0.016475483775138855 -0.006716941948980093 0.003000000026077032
		endloop
	endfacet
	facet normal 0.9438792976388051 0.3302905864369675 0
		outer loop
			vertex -0.016512464731931686 -0.006611260585486889 0
			vertex -0.016475483775138855 -0.006716941948980093 0.003000000026077032
			vertex -0.016475483775138855 -0.006716941948980093 0
		endloop
	endfacet
	facet normal 0.9937126474142874 0.11196059292844188 0
		outer loop
			vertex -0.01652500033378601 -0.006500000134110451 0
			vertex -0.01652500033378601 -0.006500000134110451 0.003000000026077032
			vertex -0.016512464731931686 -0.006611260585486889 0.003000000026077032
		endloop
	endfacet
	facet normal 0.9937126474142874 0.11196059292844188 0
		outer loop
			vertex -0.01652500033378601 -0.006500000134110451 0
			vertex -0.016512464731931686 -0.006611260585486889 0.003000000026077032
			vertex -0.016512464731931686 -0.006611260585486889 0
		endloop
	endfacet
	facet normal 0.9937126474142874 -0.11196059292844188 0
		outer loop
			vertex -0.035562463104724884 0.006611260585486889 0
			vertex -0.03557499870657921 0.006500000134110451 0.003000000026077032
			vertex -0.03557499870657921 0.006500000134110451 0
		endloop
	endfacet
	facet normal 0.9937126474142874 -0.11196059292844188 0
		outer loop
			vertex -0.035562463104724884 0.006611260585486889 0
			vertex -0.035562463104724884 0.006611260585486889 0.003000000026077032
			vertex -0.03557499870657921 0.006500000134110451 0.003000000026077032
		endloop
	endfacet
	facet normal 0.9438896699637697 -0.330260943703136 0
		outer loop
			vertex -0.03552548587322235 0.006716941948980093 0
			vertex -0.03552548587322235 0.006716941948980093 0.003000000026077032
			vertex -0.035562463104724884 0.006611260585486889 0.003000000026077032
		endloop
	endfacet
	facet normal 0.9438896699637697 -0.330260943703136 0
		outer loop
			vertex -0.03552548587322235 0.006716941948980093 0
			vertex -0.035562463104724884 0.006611260585486889 0.003000000026077032
			vertex -0.035562463104724884 0.006611260585486889 0
		endloop
	endfacet
	facet normal 0.8467144920471017 -0.5320475250928425 0
		outer loop
			vertex -0.03546591475605965 0.006811744999140501 0
			vertex -0.03546591475605965 0.006811744999140501 0.003000000026077032
			vertex -0.03552548587322235 0.006716941948980093 0.003000000026077032
		endloop
	endfacet
	facet normal 0.8467144920471017 -0.5320475250928425 0
		outer loop
			vertex -0.03546591475605965 0.006811744999140501 0
			vertex -0.03552548587322235 0.006716941948980093 0.003000000026077032
			vertex -0.03552548587322235 0.006716941948980093 0
		endloop
	endfacet
	facet normal 0.7071109402100667 -0.707102622138566 0
		outer loop
			vertex -0.035386744886636734 0.006890915799885988 0
			vertex -0.035386744886636734 0.006890915799885988 0.003000000026077032
			vertex -0.03546591475605965 0.006811744999140501 0.003000000026077032
		endloop
	endfacet
	facet normal 0.7071109402100667 -0.707102622138566 0
		outer loop
			vertex -0.035386744886636734 0.006890915799885988 0
			vertex -0.03546591475605965 0.006811744999140501 0.003000000026077032
			vertex -0.03546591475605965 0.006811744999140501 0
		endloop
	endfacet
	facet normal 0.5320401108824258 -0.8467191508476799 0
		outer loop
			vertex -0.035291943699121475 0.006950484588742256 0
			vertex -0.035291943699121475 0.006950484588742256 0.003000000026077032
			vertex -0.035386744886636734 0.006890915799885988 0.003000000026077032
		endloop
	endfacet
	facet normal 0.5320401108824258 -0.8467191508476799 0
		outer loop
			vertex -0.035291943699121475 0.006950484588742256 0
			vertex -0.035386744886636734 0.006890915799885988 0.003000000026077032
			vertex -0.035386744886636734 0.006890915799885988 0
		endloop
	endfacet
	facet normal 0.3302755809144887 -0.9438845483699778 0
		outer loop
			vertex -0.03518626093864441 0.006987464148551226 0
			vertex -0.03518626093864441 0.006987464148551226 0.003000000026077032
			vertex -0.035291943699121475 0.006950484588742256 0.003000000026077032
		endloop
	endfacet
	facet normal 0.3302755809144887 -0.9438845483699778 0
		outer loop
			vertex -0.03518626093864441 0.006987464148551226 0
			vertex -0.035291943699121475 0.006950484588742256 0.003000000026077032
			vertex -0.035291943699121475 0.006950484588742256 0
		endloop
	endfacet
	facet normal 0.11196562527940855 -0.9937120804115199 0
		outer loop
			vertex -0.035075001418590546 0.007000000216066837 0
			vertex -0.035075001418590546 0.007000000216066837 0.003000000026077032
			vertex -0.03518626093864441 0.006987464148551226 0.003000000026077032
		endloop
	endfacet
	facet normal 0.11196562527940855 -0.9937120804115199 0
		outer loop
			vertex -0.035075001418590546 0.007000000216066837 0
			vertex -0.03518626093864441 0.006987464148551226 0.003000000026077032
			vertex -0.03518626093864441 0.006987464148551226 0
		endloop
	endfacet
	facet normal 0 -1 0
		outer loop
			vertex -0.022074999287724495 0.007000000216066837 0.003000000026077032
			vertex -0.035075001418590546 0.007000000216066837 0.003000000026077032
			vertex -0.035075001418590546 0.007000000216066837 0
		endloop
	endfacet
	facet normal 0 -1 0
		outer loop
			vertex -0.022074999287724495 0.007000000216066837 0.003000000026077032
			vertex -0.035075001418590546 0.007000000216066837 0
			vertex -0.022074999287724495 0.007000000216066837 0
		endloop
	endfacet
	facet normal -0.11196562527940855 -0.9937120804115199 0
		outer loop
			vertex -0.02196373976767063 0.006987464148551226 0
			vertex -0.022074999287724495 0.007000000216066837 0.003000000026077032
			vertex -0.022074999287724495 0.007000000216066837 0
		endloop
	endfacet
	facet normal -0.11196562527940855 -0.9937120804115199 0
		outer loop
			vertex -0.02196373976767063 0.006987464148551226 0
			vertex -0.02196373976767063 0.006987464148551226 0.003000000026077032
			vertex -0.022074999287724495 0.007000000216066837 0.003000000026077032
		endloop
	endfacet
	facet normal -0.3302807670826831 -0.9438827336567157 0
		outer loop
			vertex -0.021858058869838715 0.006950484588742256 0
			vertex -0.021858058869838715 0.006950484588742256 0.003000000026077032
			vertex -0.02196373976767063 0.006987464148551226 0.003000000026077032
		endloop
	endfacet
	facet normal -0.3302807670826831 -0.9438827336567157 0
		outer loop
			vertex -0.021858058869838715 0.006950484588742256 0
			vertex -0.02196373976767063 0.006987464148551226 0.003000000026077032
			vertex -0.02196373976767063 0.006987464148551226 0
		endloop
	endfacet
	facet normal -0.5320326165219452 -0.8467238599194031 0
		outer loop
			vertex -0.021763255819678307 0.006890915799885988 0
			vertex -0.021763255819678307 0.006890915799885988 0.003000000026077032
			vertex -0.021858058869838715 0.006950484588742256 0.003000000026077032
		endloop
	endfacet
	facet normal -0.5320326165219452 -0.8467238599194031 0
		outer loop
			vertex -0.021763255819678307 0.006890915799885988 0
			vertex -0.021858058869838715 0.006950484588742256 0.003000000026077032
			vertex -0.021858058869838715 0.006950484588742256 0
		endloop
	endfacet
	facet normal -0.7071026221874905 -0.7071109401611426 0
		outer loop
			vertex -0.021684084087610245 0.006811744999140501 0
			vertex -0.021684084087610245 0.006811744999140501 0.003000000026077032
			vertex -0.021763255819678307 0.006890915799885988 0.003000000026077032
		endloop
	endfacet
	facet normal -0.7071026221874905 -0.7071109401611426 0
		outer loop
			vertex -0.021684084087610245 0.006811744999140501 0
			vertex -0.021763255819678307 0.006890915799885988 0.003000000026077032
			vertex -0.021763255819678307 0.006890915799885988 0
		endloop
	endfacet
	facet normal -0.84672198634936 -0.5320355982757113 0
		outer loop
			vertex -0.02162451483309269 0.006716941948980093 0
			vertex -0.02162451483309269 0.006716941948980093 0.003000000026077032
			vertex -0.021684084087610245 0.006811744999140501 0.003000000026077032
		endloop
	endfacet
	facet normal -0.84672198634936 -0.5320355982757113 0
		outer loop
			vertex -0.02162451483309269 0.006716941948980093 0
			vertex -0.021684084087610245 0.006811744999140501 0.003000000026077032
			vertex -0.021684084087610245 0.006811744999140501 0
		endloop
	endfacet
	facet normal -0.9438844838891585 -0.33027576519220553 0
		outer loop
			vertex -0.021587535738945007 0.006611260585486889 0
			vertex -0.021587535738945007 0.006611260585486889 0.003000000026077032
			vertex -0.02162451483309269 0.006716941948980093 0.003000000026077032
		endloop
	endfacet
	facet normal -0.9438844838891585 -0.33027576519220553 0
		outer loop
			vertex -0.021587535738945007 0.006611260585486889 0
			vertex -0.02162451483309269 0.006716941948980093 0.003000000026077032
			vertex -0.02162451483309269 0.006716941948980093 0
		endloop
	endfacet
	facet normal -0.9937126474142874 -0.11196059292844188 0
		outer loop
			vertex -0.021575000137090683 0.006500000134110451 0
			vertex -0.021575000137090683 0.006500000134110451 0.003000000026077032
			vertex -0.021587535738945007 0.006611260585486889 0.003000000026077032
		endloop
	endfacet
	facet normal -0.9937126474142874 -0.11196059292844188 0
		outer loop
			vertex -0.021575000137090683 0.006500000134110451 0
			vertex -0.021587535738945007 0.006611260585486889 0.003000000026077032
			vertex -0.021587535738945007 0.006611260585486889 0
		endloop
	endfacet
	facet normal -1 0 0
		outer loop
			vertex -0.021575000137090683 0.006500000134110451 0
			vertex -0.021575000137090683 -0.006500000134110451 0.003000000026077032
			vertex -0.021575000137090683 0.006500000134110451 0.003000000026077032
		endloop
	endfacet
	facet normal -1 0 0
		outer loop
			vertex -0.021575000137090683 0.006500000134110451 0
			vertex -0.021575000137090683 -0.006500000134110451 0
			vertex -0.021575000137090683 -0.006500000134110451 0.003000000026077032
		endloop
	endfacet
	facet normal -0.9937126474142874 0.11196059292844188 0
		outer loop
			vertex -0.021587535738945007 -0.006611260585486889 0
			vertex -0.021575000137090683 -0.006500000134110451 0.003000000026077032
			vertex -0.021575000137090683 -0.006500000134110451 0
		endloop
	endfacet
	facet normal -0.9937126474142874 0.11196059292844188 0
		outer loop
			vertex -0.021587535738945007 -0.006611260585486889 0
			vertex -0.021587535738945007 -0.006611260585486889 0.003000000026077032
			vertex -0.021575000137090683 -0.006500000134110451 0.003000000026077032
		endloop
	endfacet
	facet normal -0.9438844838891585 0.33027576519220553 0
		outer loop
			vertex -0.02162451483309269 -0.006716941948980093 0
			vertex -0.02162451483309269 -0.006716941948980093 0.003000000026077032
			vertex -0.021587535738945007 -0.006611260585486889 0.003000000026077032
		endloop
	endfacet
	facet normal -0.9438844838891585 0.33027576519220553 0
		outer loop
			vertex -0.02162451483309269 -0.006716941948980093 0
			vertex -0.021587535738945007 -0.006611260585486889 0.003000000026077032
			vertex -0.021587535738945007 -0.006611260585486889 0
		endloop
	endfacet
	facet normal -0.84672198634936 0.5320355982757113 0
		outer loop
			vertex -0.021684084087610245 -0.006811744999140501 0
			vertex -0.021684084087610245 -0.006811744999140501 0.003000000026077032
			vertex -0.02162451483309269 -0.006716941948980093 0.003000000026077032
		endloop
	endfacet
	facet normal -0.84672198634936 0.5320355982757113 0
		outer loop
			vertex -0.021684084087610245 -0.006811744999140501 0
			vertex -0.02162451483309269 -0.006716941948980093 0.003000000026077032
			vertex -0.02162451483309269 -0.006716941948980093 0
		endloop
	endfacet
	facet normal -0.7071026221874905 0.7071109401611426 0
		outer loop
			vertex -0.021763255819678307 -0.006890915799885988 0
			vertex -0.021763255819678307 -0.006890915799885988 0.003000000026077032
			vertex -0.021684084087610245 -0.006811744999140501 0.003000000026077032
		endloop
	endfacet
	facet normal -0.7071026221874905 0.7071109401611426 0
		outer loop
			vertex -0.021763255819678307 -0.006890915799885988 0
			vertex -0.021684084087610245 -0.006811744999140501 0.003000000026077032
			vertex -0.021684084087610245 -0.006811744999140501 0
		endloop
	endfacet
	facet normal -0.5320326165219452 0.8467238599194031 0
		outer loop
			vertex -0.021858058869838715 -0.006950484588742256 0
			vertex -0.021858058869838715 -0.006950484588742256 0.003000000026077032
			vertex -0.021763255819678307 -0.006890915799885988 0.003000000026077032
		endloop
	endfacet
	facet normal -0.5320326165219452 0.8467238599194031 0
		outer loop
			vertex -0.021858058869838715 -0.006950484588742256 0
			vertex -0.021763255819678307 -0.006890915799885988 0.003000000026077032
			vertex -0.021763255819678307 -0.006890915799885988 0
		endloop
	endfacet
	facet normal -0.3302807670826831 0.9438827336567157 0
		outer loop
			vertex -0.02196373976767063 -0.006987464148551226 0
			vertex -0.02196373976767063 -0.006987464148551226 0.003000000026077032
			vertex -0.021858058869838715 -0.006950484588742256 0.003000000026077032
		endloop
	endfacet
	facet normal -0.3302807670826831 0.9438827336567157 0
		outer loop
			vertex -0.02196373976767063 -0.006987464148551226 0
			vertex -0.021858058869838715 -0.006950484588742256 0.003000000026077032
			vertex -0.021858058869838715 -0.006950484588742256 0
		endloop
	endfacet
	facet normal -0.11196562527940855 0.9937120804115199 0
		outer loop
			vertex -0.022074999287724495 -0.007000000216066837 0
			vertex -0.022074999287724495 -0.007000000216066837 0.003000000026077032
			vertex -0.02196373976767063 -0.006987464148551226 0.003000000026077032
		endloop
	endfacet
	facet normal -0.11196562527940855 0.9937120804115199 0
		outer loop
			vertex -0.022074999287724495 -0.007000000216066837 0
			vertex -0.02196373976767063 -0.006987464148551226 0.003000000026077032
			vertex -0.02196373976767063 -0.006987464148551226 0
		endloop
	endfacet
	facet normal 0 1 0
		outer loop
			vertex -0.022074999287724495 -0.007000000216066837 0.003000000026077032
			vertex -0.022074999287724495 -0.007000000216066837 0
			vertex -0.035075001418590546 -0.007000000216066837 0
		endloop
	endfacet
	facet normal 0 1 0
		outer loop
			vertex -0.022074999287724495 -0.007000000216066837 0.003000000026077032
			vertex -0.035075001418590546 -0.007000000216066837 0
			vertex -0.035075001418590546 -0.007000000216066837 0.003000000026077032
		endloop
	endfacet
	facet normal 0.11196562527940855 0.9937120804115199 0
		outer loop
			vertex -0.03518626093864441 -0.006987464148551226 0
			vertex -0.035075001418590546 -0.007000000216066837 0.003000000026077032
			vertex -0.035075001418590546 -0.007000000216066837 0
		endloop
	endfacet
	facet normal 0.11196562527940855 0.9937120804115199 0
		outer loop
			vertex -0.03518626093864441 -0.006987464148551226 0
			vertex -0.03518626093864441 -0.006987464148551226 0.003000000026077032
			vertex -0.035075001418590546 -0.007000000216066837 0.003000000026077032
		endloop
	endfacet
	facet normal 0.3302755809144887 0.9438845483699778 0
		outer loop
			vertex -0.035291943699121475 -0.006950484588742256 0
			vertex -0.035291943699121475 -0.006950484588742256 0.003000000026077032
			vertex -0.03518626093864441 -0.006987464148551226 0.003000000026077032
		endloop
	endfacet
	facet normal 0.3302755809144887 0.9438845483699778 0
		outer loop
			vertex -0.035291943699121475 -0.006950484588742256 0
			vertex -0.03518626093864441 -0.006987464148551226 0.003000000026077032
			vertex -0.03518626093864441 -0.006987464148551226 0
		endloop
	endfacet
	facet normal 0.5320401108824258 0.8467191508476799 0
		outer loop
			vertex -0.035386744886636734 -0.006890915799885988 0
			vertex -0.035386744886636734 -0.006890915799885988 0.003000000026077032
			vertex -0.035291943699121475 -0.006950484588742256 0.003000000026077032
		endloop
	endfacet
	facet normal 0.5320401108824258 0.8467191508476799 0
		outer loop
			vertex -0.035386744886636734 -0.006890915799885988 0
			vertex -0.035291943699121475 -0.006950484588742256 0.003000000026077032
			vertex -0.035291943699121475 -0.006950484588742256 0
		endloop
	endfacet
	facet normal 0.7071109402100667 0.707102622138566 0
		outer loop
			vertex -0.03546591475605965 -0.006811744999140501 0
			vertex -0.03546591475605965 -0.006811744999140501 0.003000000026077032
			vertex -0.035386744886636734 -0.006890915799885988 0.003000000026077032
		endloop
	endfacet
	facet normal 0.7071109402100667 0.707102622138566 0
		outer loop
			vertex -0.03546591475605965 -0.006811744999140501 0
			vertex -0.035386744886636734 -0.006890915799885988 0.003000000026077032
			vertex -0.035386744886636734 -0.006890915799885988 0
		endloop
	endfacet
	facet normal 0.8467144920471017 0.5320475250928425 0
		outer loop
			vertex -0.03552548587322235 -0.006716941948980093 0
			vertex -0.03552548587322235 -0.006716941948980093 0.003000000026077032
			vertex -0.03546591475605965 -0.006811744999140501 0.003000000026077032
		endloop
	endfacet
	facet normal 0.8467144920471017 0.5320475250928425 0
		outer loop
			vertex -0.03552548587322235 -0.006716941948980093 0
			vertex -0.03546591475605965 -0.006811744999140501 0.003000000026077032
			vertex -0.03546591475605965 -0.006811744999140501 0
		endloop
	endfacet
	facet normal 0.9438896699637697 0.330260943703136 0
		outer loop
			vertex -0.035562463104724884 -0.006611260585486889 0
			vertex -0.035562463104724884 -0.006611260585486889 0.003000000026077032
			vertex -0.03552548587322235 -0.006716941948980093 0.003000000026077032
		endloop
	endfacet
	facet normal 0.9438896699637697 0.330260943703136 0
		outer loop
			vertex -0.035562463104724884 -0.006611260585486889 0
			vertex -0.03552548587322235 -0.006716941948980093 0.003000000026077032
			vertex -0.03552548587322235 -0.006716941948980093 0
		endloop
	endfacet
	facet normal 0.9937126474142874 0.11196059292844188 0
		outer loop
			vertex -0.03557499870657921 -0.006500000134110451 0
			vertex -0.03557499870657921 -0.006500000134110451 0.003000000026077032
			vertex -0.035562463104724884 -0.006611260585486889 0.003000000026077032
		endloop
	endfacet
	facet normal 0.9937126474142874 0.11196059292844188 0
		outer loop
			vertex -0.03557499870657921 -0.006500000134110451 0
			vertex -0.035562463104724884 -0.006611260585486889 0.003000000026077032
			vertex -0.035562463104724884 -0.006611260585486889 0
		endloop
	endfacet
	facet normal -0.11196562527940855 -0.9937120804115199 0
		outer loop
			vertex 0.03418625891208649 0.0010744639439508319 0
			vertex 0.03407499939203262 0.0010870000114664435 0.003000000026077032
			vertex 0.03407499939203262 0.0010870000114664435 0
		endloop
	endfacet
	facet normal -0.11196562527940855 -0.9937120804115199 0
		outer loop
			vertex 0.03418625891208649 0.0010744639439508319 0
			vertex 0.03418625891208649 0.0010744639439508319 0.003000000026077032
			vertex 0.03407499939203262 0.0010870000114664435 0.003000000026077032
		endloop
	endfacet
	facet normal -0.3302755809144887 -0.9438845483699778 0
		outer loop
			vertex 0.03429194167256355 0.0010374843841418624 0
			vertex 0.03429194167256355 0.0010374843841418624 0.003000000026077032
			vertex 0.03418625891208649 0.0010744639439508319 0.003000000026077032
		endloop
	endfacet
	facet normal -0.3302755809144887 -0.9438845483699778 0
		outer loop
			vertex 0.03429194167256355 0.0010374843841418624 0
			vertex 0.03418625891208649 0.0010744639439508319 0.003000000026077032
			vertex 0.03418625891208649 0.0010744639439508319 0
		endloop
	endfacet
	facet normal -0.5320243768915915 -0.8467290371737076 0
		outer loop
			vertex 0.03438674658536911 0.0009779157117009163 0
			vertex 0.03438674658536911 0.0009779157117009163 0.003000000026077032
			vertex 0.03429194167256355 0.0010374843841418624 0.003000000026077032
		endloop
	endfacet
	facet normal -0.5320243768915915 -0.8467290371737076 0
		outer loop
			vertex 0.03438674658536911 0.0009779157117009163 0
			vertex 0.03429194167256355 0.0010374843841418624 0.003000000026077032
			vertex 0.03429194167256355 0.0010374843841418624 0
		endloop
	endfacet
	facet normal -0.7071109402100667 -0.707102622138566 0
		outer loop
			vertex 0.03446591645479202 0.0008987449109554291 0
			vertex 0.03446591645479202 0.0008987449109554291 0.003000000026077032
			vertex 0.03438674658536911 0.0009779157117009163 0.003000000026077032
		endloop
	endfacet
	facet normal -0.7071109402100667 -0.707102622138566 0
		outer loop
			vertex 0.03446591645479202 0.0008987449109554291 0
			vertex 0.03438674658536911 0.0009779157117009163 0.003000000026077032
			vertex 0.03438674658536911 0.0009779157117009163 0
		endloop
	endfacet
	facet normal -0.8467294806162775 -0.5320236711418856 0
		outer loop
			vertex 0.03452548384666443 0.0008039418607950211 0
			vertex 0.03452548384666443 0.0008039418607950211 0.003000000026077032
			vertex 0.03446591645479202 0.0008987449109554291 0.003000000026077032
		endloop
	endfacet
	facet normal -0.8467294806162775 -0.5320236711418856 0
		outer loop
			vertex 0.03452548384666443 0.0008039418607950211 0
			vertex 0.03446591645479202 0.0008987449109554291 0.003000000026077032
			vertex 0.03446591645479202 0.0008987449109554291 0
		endloop
	endfacet
	facet normal -0.9438793543528043 -0.3302904243639728 0
		outer loop
			vertex 0.03456246480345726 0.000698260439094156 0
			vertex 0.03456246480345726 0.000698260439094156 0.003000000026077032
			vertex 0.03452548384666443 0.0008039418607950211 0.003000000026077032
		endloop
	endfacet
	facet normal -0.9438793543528043 -0.3302904243639728 0
		outer loop
			vertex 0.03456246480345726 0.000698260439094156 0
			vertex 0.03452548384666443 0.0008039418607950211 0.003000000026077032
			vertex 0.03452548384666443 0.0008039418607950211 0
		endloop
	endfacet
	facet normal -0.9937126474142874 -0.11196059292844188 0
		outer loop
			vertex 0.034575000405311584 0.0005869999877177179 0
			vertex 0.034575000405311584 0.0005869999877177179 0.003000000026077032
			vertex 0.03456246480345726 0.000698260439094156 0.003000000026077032
		endloop
	endfacet
	facet normal -0.9937126474142874 -0.11196059292844188 0
		outer loop
			vertex 0.034575000405311584 0.0005869999877177179 0
			vertex 0.03456246480345726 0.000698260439094156 0.003000000026077032
			vertex 0.03456246480345726 0.000698260439094156 0
		endloop
	endfacet
	facet normal -1 0 0
		outer loop
			vertex 0.034575000405311584 0.0005869999877177179 0
			vertex 0.034575000405311584 -0.005413000006228685 0.003000000026077032
			vertex 0.034575000405311584 0.0005869999877177179 0.003000000026077032
		endloop
	endfacet
	facet normal -1 0 0
		outer loop
			vertex 0.034575000405311584 0.0005869999877177179 0
			vertex 0.034575000405311584 -0.005413000006228685 0
			vertex 0.034575000405311584 -0.005413000006228685 0.003000000026077032
		endloop
	endfacet
	facet normal -0.9937126474142874 0.11196059292844188 0
		outer loop
			vertex 0.03456246480345726 -0.0055242604576051235 0
			vertex 0.034575000405311584 -0.005413000006228685 0.003000000026077032
			vertex 0.034575000405311584 -0.005413000006228685 0
		endloop
	endfacet
	facet normal -0.9937126474142874 0.11196059292844188 0
		outer loop
			vertex 0.03456246480345726 -0.0055242604576051235 0
			vertex 0.03456246480345726 -0.0055242604576051235 0.003000000026077032
			vertex 0.034575000405311584 -0.005413000006228685 0.003000000026077032
		endloop
	endfacet
	facet normal -0.9438792976388051 0.3302905864369675 0
		outer loop
			vertex 0.03452548384666443 -0.005629941821098328 0
			vertex 0.03452548384666443 -0.005629941821098328 0.003000000026077032
			vertex 0.03456246480345726 -0.0055242604576051235 0.003000000026077032
		endloop
	endfacet
	facet normal -0.9438792976388051 0.3302905864369675 0
		outer loop
			vertex 0.03452548384666443 -0.005629941821098328 0
			vertex 0.03456246480345726 -0.0055242604576051235 0.003000000026077032
			vertex 0.03456246480345726 -0.0055242604576051235 0
		endloop
	endfacet
	facet normal -0.8467294806162775 0.5320236711418856 0
		outer loop
			vertex 0.03446591645479202 -0.005724744871258736 0
			vertex 0.03446591645479202 -0.005724744871258736 0.003000000026077032
			vertex 0.03452548384666443 -0.005629941821098328 0.003000000026077032
		endloop
	endfacet
	facet normal -0.8467294806162775 0.5320236711418856 0
		outer loop
			vertex 0.03446591645479202 -0.005724744871258736 0
			vertex 0.03452548384666443 -0.005629941821098328 0.003000000026077032
			vertex 0.03452548384666443 -0.005629941821098328 0
		endloop
	endfacet
	facet normal -0.7071109402100667 0.707102622138566 0
		outer loop
			vertex 0.03438674658536911 -0.005803915672004223 0
			vertex 0.03438674658536911 -0.005803915672004223 0.003000000026077032
			vertex 0.03446591645479202 -0.005724744871258736 0.003000000026077032
		endloop
	endfacet
	facet normal -0.7071109402100667 0.707102622138566 0
		outer loop
			vertex 0.03438674658536911 -0.005803915672004223 0
			vertex 0.03446591645479202 -0.005724744871258736 0.003000000026077032
			vertex 0.03446591645479202 -0.005724744871258736 0
		endloop
	endfacet
	facet normal -0.5320251223309166 0.8467285687921327 0
		outer loop
			vertex 0.03429194167256355 -0.005863484460860491 0
			vertex 0.03429194167256355 -0.005863484460860491 0.003000000026077032
			vertex 0.03438674658536911 -0.005803915672004223 0.003000000026077032
		endloop
	endfacet
	facet normal -0.5320251223309166 0.8467285687921327 0
		outer loop
			vertex 0.03429194167256355 -0.005863484460860491 0
			vertex 0.03438674658536911 -0.005803915672004223 0.003000000026077032
			vertex 0.03438674658536911 -0.005803915672004223 0
		endloop
	endfacet
	facet normal -0.3302755809144887 0.9438845483699778 0
		outer loop
			vertex 0.03418625891208649 -0.00590046402066946 0
			vertex 0.03418625891208649 -0.00590046402066946 0.003000000026077032
			vertex 0.03429194167256355 -0.005863484460860491 0.003000000026077032
		endloop
	endfacet
	facet normal -0.3302755809144887 0.9438845483699778 0
		outer loop
			vertex 0.03418625891208649 -0.00590046402066946 0
			vertex 0.03429194167256355 -0.005863484460860491 0.003000000026077032
			vertex 0.03429194167256355 -0.005863484460860491 0
		endloop
	endfacet
	facet normal -0.11196562527940855 0.9937120804115199 0
		outer loop
			vertex 0.03407499939203262 -0.005913000088185072 0
			vertex 0.03407499939203262 -0.005913000088185072 0.003000000026077032
			vertex 0.03418625891208649 -0.00590046402066946 0.003000000026077032
		endloop
	endfacet
	facet normal -0.11196562527940855 0.9937120804115199 0
		outer loop
			vertex 0.03407499939203262 -0.005913000088185072 0
			vertex 0.03418625891208649 -0.00590046402066946 0.003000000026077032
			vertex 0.03418625891208649 -0.00590046402066946 0
		endloop
	endfacet
	facet normal 0 1 0
		outer loop
			vertex 0.03407499939203262 -0.005913000088185072 0
			vertex 0.020075000822544098 -0.005913000088185072 0.003000000026077032
			vertex 0.03407499939203262 -0.005913000088185072 0.003000000026077032
		endloop
	endfacet
	facet normal 0 1 0
		outer loop
			vertex 0.03407499939203262 -0.005913000088185072 0
			vertex 0.020075000822544098 -0.005913000088185072 0
			vertex 0.020075000822544098 -0.005913000088185072 0.003000000026077032
		endloop
	endfacet
	facet normal 0.11196377434231723 0.9937122889624658 0
		outer loop
			vertex 0.019963739439845085 -0.00590046402066946 0
			vertex 0.020075000822544098 -0.005913000088185072 0.003000000026077032
			vertex 0.020075000822544098 -0.005913000088185072 0
		endloop
	endfacet
	facet normal 0.11196377434231723 0.9937122889624658 0
		outer loop
			vertex 0.019963739439845085 -0.00590046402066946 0
			vertex 0.019963739439845085 -0.00590046402066946 0.003000000026077032
			vertex 0.020075000822544098 -0.005913000088185072 0.003000000026077032
		endloop
	endfacet
	facet normal 0.3302807670826831 0.9438827336567157 0
		outer loop
			vertex 0.01985805854201317 -0.005863484460860491 0
			vertex 0.01985805854201317 -0.005863484460860491 0.003000000026077032
			vertex 0.019963739439845085 -0.00590046402066946 0.003000000026077032
		endloop
	endfacet
	facet normal 0.3302807670826831 0.9438827336567157 0
		outer loop
			vertex 0.01985805854201317 -0.005863484460860491 0
			vertex 0.019963739439845085 -0.00590046402066946 0.003000000026077032
			vertex 0.019963739439845085 -0.00590046402066946 0
		endloop
	endfacet
	facet normal 0.5320326165219452 0.8467238599194031 0
		outer loop
			vertex 0.01976325549185276 -0.005803915672004223 0
			vertex 0.01976325549185276 -0.005803915672004223 0.003000000026077032
			vertex 0.01985805854201317 -0.005863484460860491 0.003000000026077032
		endloop
	endfacet
	facet normal 0.5320326165219452 0.8467238599194031 0
		outer loop
			vertex 0.01976325549185276 -0.005803915672004223 0
			vertex 0.01985805854201317 -0.005863484460860491 0.003000000026077032
			vertex 0.01985805854201317 -0.005863484460860491 0
		endloop
	endfacet
	facet normal 0.7071026221874905 0.7071109401611426 0
		outer loop
			vertex 0.0196840837597847 -0.005724744871258736 0
			vertex 0.0196840837597847 -0.005724744871258736 0.003000000026077032
			vertex 0.01976325549185276 -0.005803915672004223 0.003000000026077032
		endloop
	endfacet
	facet normal 0.7071026221874905 0.7071109401611426 0
		outer loop
			vertex 0.0196840837597847 -0.005724744871258736 0
			vertex 0.01976325549185276 -0.005803915672004223 0.003000000026077032
			vertex 0.01976325549185276 -0.005803915672004223 0
		endloop
	endfacet
	facet normal 0.8467294806162775 0.5320236711418856 0
		outer loop
			vertex 0.019624516367912292 -0.005629941821098328 0
			vertex 0.019624516367912292 -0.005629941821098328 0.003000000026077032
			vertex 0.0196840837597847 -0.005724744871258736 0.003000000026077032
		endloop
	endfacet
	facet normal 0.8467294806162775 0.5320236711418856 0
		outer loop
			vertex 0.019624516367912292 -0.005629941821098328 0
			vertex 0.0196840837597847 -0.005724744871258736 0.003000000026077032
			vertex 0.0196840837597847 -0.005724744871258736 0
		endloop
	endfacet
	facet normal 0.9438792976388051 0.3302905864369675 0
		outer loop
			vertex 0.01958753541111946 -0.0055242604576051235 0
			vertex 0.01958753541111946 -0.0055242604576051235 0.003000000026077032
			vertex 0.019624516367912292 -0.005629941821098328 0.003000000026077032
		endloop
	endfacet
	facet normal 0.9438792976388051 0.3302905864369675 0
		outer loop
			vertex 0.01958753541111946 -0.0055242604576051235 0
			vertex 0.019624516367912292 -0.005629941821098328 0.003000000026077032
			vertex 0.019624516367912292 -0.005629941821098328 0
		endloop
	endfacet
	facet normal 0.9937126474142874 0.11196059292844188 0
		outer loop
			vertex 0.019574999809265137 -0.005413000006228685 0
			vertex 0.019574999809265137 -0.005413000006228685 0.003000000026077032
			vertex 0.01958753541111946 -0.0055242604576051235 0.003000000026077032
		endloop
	endfacet
	facet normal 0.9937126474142874 0.11196059292844188 0
		outer loop
			vertex 0.019574999809265137 -0.005413000006228685 0
			vertex 0.01958753541111946 -0.0055242604576051235 0.003000000026077032
			vertex 0.01958753541111946 -0.0055242604576051235 0
		endloop
	endfacet
	facet normal 1 0 0
		outer loop
			vertex 0.019574999809265137 0.0005869999877177179 0
			vertex 0.019574999809265137 0.0005869999877177179 0.003000000026077032
			vertex 0.019574999809265137 -0.005413000006228685 0.003000000026077032
		endloop
	endfacet
	facet normal 1 0 0
		outer loop
			vertex 0.019574999809265137 0.0005869999877177179 0
			vertex 0.019574999809265137 -0.005413000006228685 0.003000000026077032
			vertex 0.019574999809265137 -0.005413000006228685 0
		endloop
	endfacet
	facet normal 0.9937126474142874 -0.11196059292844188 0
		outer loop
			vertex 0.01958753541111946 0.000698260439094156 0
			vertex 0.019574999809265137 0.0005869999877177179 0.003000000026077032
			vertex 0.019574999809265137 0.0005869999877177179 0
		endloop
	endfacet
	facet normal 0.9937126474142874 -0.11196059292844188 0
		outer loop
			vertex 0.01958753541111946 0.000698260439094156 0
			vertex 0.01958753541111946 0.000698260439094156 0.003000000026077032
			vertex 0.019574999809265137 0.0005869999877177179 0.003000000026077032
		endloop
	endfacet
	facet normal 0.9438793543528043 -0.3302904243639728 0
		outer loop
			vertex 0.019624516367912292 0.0008039418607950211 0
			vertex 0.019624516367912292 0.0008039418607950211 0.003000000026077032
			vertex 0.01958753541111946 0.000698260439094156 0.003000000026077032
		endloop
	endfacet
	facet normal 0.9438793543528043 -0.3302904243639728 0
		outer loop
			vertex 0.019624516367912292 0.0008039418607950211 0
			vertex 0.01958753541111946 0.000698260439094156 0.003000000026077032
			vertex 0.01958753541111946 0.000698260439094156 0
		endloop
	endfacet
	facet normal 0.8467294806162775 -0.5320236711418856 0
		outer loop
			vertex 0.0196840837597847 0.0008987449109554291 0
			vertex 0.0196840837597847 0.0008987449109554291 0.003000000026077032
			vertex 0.019624516367912292 0.0008039418607950211 0.003000000026077032
		endloop
	endfacet
	facet normal 0.8467294806162775 -0.5320236711418856 0
		outer loop
			vertex 0.0196840837597847 0.0008987449109554291 0
			vertex 0.019624516367912292 0.0008039418607950211 0.003000000026077032
			vertex 0.019624516367912292 0.0008039418607950211 0
		endloop
	endfacet
	facet normal 0.7071026221874905 -0.7071109401611426 0
		outer loop
			vertex 0.01976325549185276 0.0009779157117009163 0
			vertex 0.01976325549185276 0.0009779157117009163 0.003000000026077032
			vertex 0.0196840837597847 0.0008987449109554291 0.003000000026077032
		endloop
	endfacet
	facet normal 0.7071026221874905 -0.7071109401611426 0
		outer loop
			vertex 0.01976325549185276 0.0009779157117009163 0
			vertex 0.0196840837597847 0.0008987449109554291 0.003000000026077032
			vertex 0.0196840837597847 0.0008987449109554291 0
		endloop
	endfacet
	facet normal 0.5320318710804111 -0.8467243283115687 0
		outer loop
			vertex 0.01985805854201317 0.0010374843841418624 0
			vertex 0.01985805854201317 0.0010374843841418624 0.003000000026077032
			vertex 0.01976325549185276 0.0009779157117009163 0.003000000026077032
		endloop
	endfacet
	facet normal 0.5320318710804111 -0.8467243283115687 0
		outer loop
			vertex 0.01985805854201317 0.0010374843841418624 0
			vertex 0.01976325549185276 0.0009779157117009163 0.003000000026077032
			vertex 0.01976325549185276 0.0009779157117009163 0
		endloop
	endfacet
	facet normal 0.3302807670826831 -0.9438827336567157 0
		outer loop
			vertex 0.019963739439845085 0.0010744639439508319 0
			vertex 0.019963739439845085 0.0010744639439508319 0.003000000026077032
			vertex 0.01985805854201317 0.0010374843841418624 0.003000000026077032
		endloop
	endfacet
	facet normal 0.3302807670826831 -0.9438827336567157 0
		outer loop
			vertex 0.019963739439845085 0.0010744639439508319 0
			vertex 0.01985805854201317 0.0010374843841418624 0.003000000026077032
			vertex 0.01985805854201317 0.0010374843841418624 0
		endloop
	endfacet
	facet normal 0.11196377434231723 -0.9937122889624658 0
		outer loop
			vertex 0.020075000822544098 0.0010870000114664435 0
			vertex 0.020075000822544098 0.0010870000114664435 0.003000000026077032
			vertex 0.019963739439845085 0.0010744639439508319 0.003000000026077032
		endloop
	endfacet
	facet normal 0.11196377434231723 -0.9937122889624658 0
		outer loop
			vertex 0.020075000822544098 0.0010870000114664435 0
			vertex 0.019963739439845085 0.0010744639439508319 0.003000000026077032
			vertex 0.019963739439845085 0.0010744639439508319 0
		endloop
	endfacet
	facet normal -0.11197794596869719 -0.9937106921114575 0
		outer loop
			vertex 0.03418625891208649 0.024950463324785233 0
			vertex 0.03407499939203262 0.024963000789284706 0.003000000026077032
			vertex 0.03407499939203262 0.024963000789284706 0
		endloop
	endfacet
	facet normal -0.11197794596869719 -0.9937106921114575 0
		outer loop
			vertex 0.03418625891208649 0.024950463324785233 0
			vertex 0.03418625891208649 0.024950463324785233 0.003000000026077032
			vertex 0.03407499939203262 0.024963000789284706 0.003000000026077032
		endloop
	endfacet
	facet normal -0.3302718756133454 -0.9438858448874222 0
		outer loop
			vertex 0.03429194167256355 0.02491348423063755 0
			vertex 0.03429194167256355 0.02491348423063755 0.003000000026077032
			vertex 0.03418625891208649 0.024950463324785233 0.003000000026077032
		endloop
	endfacet
	facet normal -0.3302718756133454 -0.9438858448874222 0
		outer loop
			vertex 0.03429194167256355 0.02491348423063755 0
			vertex 0.03418625891208649 0.024950463324785233 0.003000000026077032
			vertex 0.03418625891208649 0.024950463324785233 0
		endloop
	endfacet
	facet normal -0.5320281040758466 -0.846726695264452 0
		outer loop
			vertex 0.03438674658536911 0.024853914976119995 0
			vertex 0.03438674658536911 0.024853914976119995 0.003000000026077032
			vertex 0.03429194167256355 0.02491348423063755 0.003000000026077032
		endloop
	endfacet
	facet normal -0.5320281040758466 -0.846726695264452 0
		outer loop
			vertex 0.03438674658536911 0.024853914976119995 0
			vertex 0.03429194167256355 0.02491348423063755 0.003000000026077032
			vertex 0.03429194167256355 0.02491348423063755 0
		endloop
	endfacet
	facet normal -0.7071067811865476 -0.7071067811865476 0
		outer loop
			vertex 0.03446591645479202 0.024774745106697083 0
			vertex 0.03446591645479202 0.024774745106697083 0.003000000026077032
			vertex 0.03438674658536911 0.024853914976119995 0.003000000026077032
		endloop
	endfacet
	facet normal -0.7071067811865476 -0.7071067811865476 0
		outer loop
			vertex 0.03446591645479202 0.024774745106697083 0
			vertex 0.03438674658536911 0.024853914976119995 0.003000000026077032
			vertex 0.03438674658536911 0.024853914976119995 0
		endloop
	endfacet
	facet normal -0.8467294806162775 -0.5320236711418856 0
		outer loop
			vertex 0.03452548384666443 0.024679942056536674 0
			vertex 0.03452548384666443 0.024679942056536674 0.003000000026077032
			vertex 0.03446591645479202 0.024774745106697083 0.003000000026077032
		endloop
	endfacet
	facet normal -0.8467294806162775 -0.5320236711418856 0
		outer loop
			vertex 0.03452548384666443 0.024679942056536674 0
			vertex 0.03446591645479202 0.024774745106697083 0.003000000026077032
			vertex 0.03446591645479202 0.024774745106697083 0
		endloop
	endfacet
	facet normal -0.9438788439238059 -0.330291883026301 0
		outer loop
			vertex 0.03456246480345726 0.024574261158704758 0
			vertex 0.03456246480345726 0.024574261158704758 0.003000000026077032
			vertex 0.03452548384666443 0.024679942056536674 0.003000000026077032
		endloop
	endfacet
	facet normal -0.9438788439238059 -0.330291883026301 0
		outer loop
			vertex 0.03456246480345726 0.024574261158704758 0
			vertex 0.03452548384666443 0.024679942056536674 0.003000000026077032
			vertex 0.03452548384666443 0.024679942056536674 0
		endloop
	endfacet
	facet normal -0.9937127516808664 -0.11195966750058142 0
		outer loop
			vertex 0.034575000405311584 0.024462999776005745 0
			vertex 0.034575000405311584 0.024462999776005745 0.003000000026077032
			vertex 0.03456246480345726 0.024574261158704758 0.003000000026077032
		endloop
	endfacet
	facet normal -0.9937127516808664 -0.11195966750058142 0
		outer loop
			vertex 0.034575000405311584 0.024462999776005745 0
			vertex 0.03456246480345726 0.024574261158704758 0.003000000026077032
			vertex 0.03456246480345726 0.024574261158704758 0
		endloop
	endfacet
	facet normal -1 0 0
		outer loop
			vertex 0.034575000405311584 0.024462999776005745 0
			vertex 0.034575000405311584 0.018463000655174255 0.003000000026077032
			vertex 0.034575000405311584 0.024462999776005745 0.003000000026077032
		endloop
	endfacet
	facet normal -1 0 0
		outer loop
			vertex 0.034575000405311584 0.024462999776005745 0
			vertex 0.034575000405311584 0.018463000655174255 0
			vertex 0.034575000405311584 0.018463000655174255 0.003000000026077032
		endloop
	endfacet
	facet normal -0.9937127516808664 0.11195966750058142 0
		outer loop
			vertex 0.03456246480345726 0.018351739272475243 0
			vertex 0.034575000405311584 0.018463000655174255 0.003000000026077032
			vertex 0.034575000405311584 0.018463000655174255 0
		endloop
	endfacet
	facet normal -0.9937127516808664 0.11195966750058142 0
		outer loop
			vertex 0.03456246480345726 0.018351739272475243 0
			vertex 0.03456246480345726 0.018351739272475243 0.003000000026077032
			vertex 0.034575000405311584 0.018463000655174255 0.003000000026077032
		endloop
	endfacet
	facet normal -0.9438788439238059 0.330291883026301 0
		outer loop
			vertex 0.03452548384666443 0.018246058374643326 0
			vertex 0.03452548384666443 0.018246058374643326 0.003000000026077032
			vertex 0.03456246480345726 0.018351739272475243 0.003000000026077032
		endloop
	endfacet
	facet normal -0.9438788439238059 0.330291883026301 0
		outer loop
			vertex 0.03452548384666443 0.018246058374643326 0
			vertex 0.03456246480345726 0.018351739272475243 0.003000000026077032
			vertex 0.03456246480345726 0.018351739272475243 0
		endloop
	endfacet
	facet normal -0.8467294806162775 0.5320236711418856 0
		outer loop
			vertex 0.03446591645479202 0.018151255324482918 0
			vertex 0.03446591645479202 0.018151255324482918 0.003000000026077032
			vertex 0.03452548384666443 0.018246058374643326 0.003000000026077032
		endloop
	endfacet
	facet normal -0.8467294806162775 0.5320236711418856 0
		outer loop
			vertex 0.03446591645479202 0.018151255324482918 0
			vertex 0.03452548384666443 0.018246058374643326 0.003000000026077032
			vertex 0.03452548384666443 0.018246058374643326 0
		endloop
	endfacet
	facet normal -0.707115099160199 0.7070984631150475 0
		outer loop
			vertex 0.03438674658536911 0.018072083592414856 0
			vertex 0.03438674658536911 0.018072083592414856 0.003000000026077032
			vertex 0.03446591645479202 0.018151255324482918 0.003000000026077032
		endloop
	endfacet
	facet normal -0.707115099160199 0.7070984631150475 0
		outer loop
			vertex 0.03438674658536911 0.018072083592414856 0
			vertex 0.03446591645479202 0.018151255324482918 0.003000000026077032
			vertex 0.03446591645479202 0.018151255324482918 0
		endloop
	endfacet
	facet normal -0.5320161769773692 0.846734189361918 0
		outer loop
			vertex 0.03429194167256355 0.01801251620054245 0
			vertex 0.03429194167256355 0.01801251620054245 0.003000000026077032
			vertex 0.03438674658536911 0.018072083592414856 0.003000000026077032
		endloop
	endfacet
	facet normal -0.5320161769773692 0.846734189361918 0
		outer loop
			vertex 0.03429194167256355 0.01801251620054245 0
			vertex 0.03438674658536911 0.018072083592414856 0.003000000026077032
			vertex 0.03438674658536911 0.018072083592414856 0
		endloop
	endfacet
	facet normal -0.33028669672630545 0.9438806587517437 0
		outer loop
			vertex 0.03418625891208649 0.01797553524374962 0
			vertex 0.03418625891208649 0.01797553524374962 0.003000000026077032
			vertex 0.03429194167256355 0.01801251620054245 0.003000000026077032
		endloop
	endfacet
	facet normal -0.33028669672630545 0.9438806587517437 0
		outer loop
			vertex 0.03418625891208649 0.01797553524374962 0
			vertex 0.03429194167256355 0.01801251620054245 0.003000000026077032
			vertex 0.03429194167256355 0.01801251620054245 0
		endloop
	endfacet
	facet normal -0.111961518371504 0.9937125431451229 0
		outer loop
			vertex 0.03407499939203262 0.017962999641895294 0
			vertex 0.03407499939203262 0.017962999641895294 0.003000000026077032
			vertex 0.03418625891208649 0.01797553524374962 0.003000000026077032
		endloop
	endfacet
	facet normal -0.111961518371504 0.9937125431451229 0
		outer loop
			vertex 0.03407499939203262 0.017962999641895294 0
			vertex 0.03418625891208649 0.01797553524374962 0.003000000026077032
			vertex 0.03418625891208649 0.01797553524374962 0
		endloop
	endfacet
	facet normal 0 1 0
		outer loop
			vertex 0.03407499939203262 0.017962999641895294 0
			vertex 0.020075000822544098 0.017962999641895294 0.003000000026077032
			vertex 0.03407499939203262 0.017962999641895294 0.003000000026077032
		endloop
	endfacet
	facet normal 0 1 0
		outer loop
			vertex 0.03407499939203262 0.017962999641895294 0
			vertex 0.020075000822544098 0.017962999641895294 0
			vertex 0.020075000822544098 0.017962999641895294 0.003000000026077032
		endloop
	endfacet
	facet normal 0.11195966750058142 0.9937127516808664 0
		outer loop
			vertex 0.019963739439845085 0.01797553524374962 0
			vertex 0.020075000822544098 0.017962999641895294 0.003000000026077032
			vertex 0.020075000822544098 0.017962999641895294 0
		endloop
	endfacet
	facet normal 0.11195966750058142 0.9937127516808664 0
		outer loop
			vertex 0.019963739439845085 0.01797553524374962 0
			vertex 0.019963739439845085 0.01797553524374962 0.003000000026077032
			vertex 0.020075000822544098 0.017962999641895294 0.003000000026077032
		endloop
	endfacet
	facet normal 0.330291883026301 0.9438788439238059 0
		outer loop
			vertex 0.01985805854201317 0.01801251620054245 0
			vertex 0.01985805854201317 0.01801251620054245 0.003000000026077032
			vertex 0.019963739439845085 0.01797553524374962 0.003000000026077032
		endloop
	endfacet
	facet normal 0.330291883026301 0.9438788439238059 0
		outer loop
			vertex 0.01985805854201317 0.01801251620054245 0
			vertex 0.019963739439845085 0.01797553524374962 0.003000000026077032
			vertex 0.019963739439845085 0.01797553524374962 0
		endloop
	endfacet
	facet normal 0.5320236711418856 0.8467294806162775 0
		outer loop
			vertex 0.01976325549185276 0.018072083592414856 0
			vertex 0.01976325549185276 0.018072083592414856 0.003000000026077032
			vertex 0.01985805854201317 0.01801251620054245 0.003000000026077032
		endloop
	endfacet
	facet normal 0.5320236711418856 0.8467294806162775 0
		outer loop
			vertex 0.01976325549185276 0.018072083592414856 0
			vertex 0.01985805854201317 0.01801251620054245 0.003000000026077032
			vertex 0.01985805854201317 0.01801251620054245 0
		endloop
	endfacet
	facet normal 0.7071067811865476 0.7071067811865476 0
		outer loop
			vertex 0.0196840837597847 0.018151255324482918 0
			vertex 0.0196840837597847 0.018151255324482918 0.003000000026077032
			vertex 0.01976325549185276 0.018072083592414856 0.003000000026077032
		endloop
	endfacet
	facet normal 0.7071067811865476 0.7071067811865476 0
		outer loop
			vertex 0.0196840837597847 0.018151255324482918 0
			vertex 0.01976325549185276 0.018072083592414856 0.003000000026077032
			vertex 0.01976325549185276 0.018072083592414856 0
		endloop
	endfacet
	facet normal 0.8467294806162775 0.5320236711418856 0
		outer loop
			vertex 0.019624516367912292 0.018246058374643326 0
			vertex 0.019624516367912292 0.018246058374643326 0.003000000026077032
			vertex 0.0196840837597847 0.018151255324482918 0.003000000026077032
		endloop
	endfacet
	facet normal 0.8467294806162775 0.5320236711418856 0
		outer loop
			vertex 0.019624516367912292 0.018246058374643326 0
			vertex 0.0196840837597847 0.018151255324482918 0.003000000026077032
			vertex 0.0196840837597847 0.018151255324482918 0
		endloop
	endfacet
	facet normal 0.9438788439238059 0.330291883026301 0
		outer loop
			vertex 0.01958753541111946 0.018351739272475243 0
			vertex 0.01958753541111946 0.018351739272475243 0.003000000026077032
			vertex 0.019624516367912292 0.018246058374643326 0.003000000026077032
		endloop
	endfacet
	facet normal 0.9438788439238059 0.330291883026301 0
		outer loop
			vertex 0.01958753541111946 0.018351739272475243 0
			vertex 0.019624516367912292 0.018246058374643326 0.003000000026077032
			vertex 0.019624516367912292 0.018246058374643326 0
		endloop
	endfacet
	facet normal 0.9937127516808664 0.11195966750058142 0
		outer loop
			vertex 0.019574999809265137 0.018463000655174255 0
			vertex 0.019574999809265137 0.018463000655174255 0.003000000026077032
			vertex 0.01958753541111946 0.018351739272475243 0.003000000026077032
		endloop
	endfacet
	facet normal 0.9937127516808664 0.11195966750058142 0
		outer loop
			vertex 0.019574999809265137 0.018463000655174255 0
			vertex 0.01958753541111946 0.018351739272475243 0.003000000026077032
			vertex 0.01958753541111946 0.018351739272475243 0
		endloop
	endfacet
	facet normal 1 0 0
		outer loop
			vertex 0.019574999809265137 0.024462999776005745 0
			vertex 0.019574999809265137 0.024462999776005745 0.003000000026077032
			vertex 0.019574999809265137 0.018463000655174255 0.003000000026077032
		endloop
	endfacet
	facet normal 1 0 0
		outer loop
			vertex 0.019574999809265137 0.024462999776005745 0
			vertex 0.019574999809265137 0.018463000655174255 0.003000000026077032
			vertex 0.019574999809265137 0.018463000655174255 0
		endloop
	endfacet
	facet normal 0.9937127516808664 -0.11195966750058142 0
		outer loop
			vertex 0.01958753541111946 0.024574261158704758 0
			vertex 0.019574999809265137 0.024462999776005745 0.003000000026077032
			vertex 0.019574999809265137 0.024462999776005745 0
		endloop
	endfacet
	facet normal 0.9937127516808664 -0.11195966750058142 0
		outer loop
			vertex 0.01958753541111946 0.024574261158704758 0
			vertex 0.01958753541111946 0.024574261158704758 0.003000000026077032
			vertex 0.019574999809265137 0.024462999776005745 0.003000000026077032
		endloop
	endfacet
	facet normal 0.9438788439238059 -0.330291883026301 0
		outer loop
			vertex 0.019624516367912292 0.024679942056536674 0
			vertex 0.019624516367912292 0.024679942056536674 0.003000000026077032
			vertex 0.01958753541111946 0.024574261158704758 0.003000000026077032
		endloop
	endfacet
	facet normal 0.9438788439238059 -0.330291883026301 0
		outer loop
			vertex 0.019624516367912292 0.024679942056536674 0
			vertex 0.01958753541111946 0.024574261158704758 0.003000000026077032
			vertex 0.01958753541111946 0.024574261158704758 0
		endloop
	endfacet
	facet normal 0.8467294806162775 -0.5320236711418856 0
		outer loop
			vertex 0.0196840837597847 0.024774745106697083 0
			vertex 0.0196840837597847 0.024774745106697083 0.003000000026077032
			vertex 0.019624516367912292 0.024679942056536674 0.003000000026077032
		endloop
	endfacet
	facet normal 0.8467294806162775 -0.5320236711418856 0
		outer loop
			vertex 0.0196840837597847 0.024774745106697083 0
			vertex 0.019624516367912292 0.024679942056536674 0.003000000026077032
			vertex 0.019624516367912292 0.024679942056536674 0
		endloop
	endfacet
	facet normal 0.7070984631150475 -0.707115099160199 0
		outer loop
			vertex 0.01976325549185276 0.024853914976119995 0
			vertex 0.01976325549185276 0.024853914976119995 0.003000000026077032
			vertex 0.0196840837597847 0.024774745106697083 0.003000000026077032
		endloop
	endfacet
	facet normal 0.7070984631150475 -0.707115099160199 0
		outer loop
			vertex 0.01976325549185276 0.024853914976119995 0
			vertex 0.0196840837597847 0.024774745106697083 0.003000000026077032
			vertex 0.0196840837597847 0.024774745106697083 0
		endloop
	endfacet
	facet normal 0.5320355982757113 -0.84672198634936 0
		outer loop
			vertex 0.01985805854201317 0.02491348423063755 0
			vertex 0.01985805854201317 0.02491348423063755 0.003000000026077032
			vertex 0.01976325549185276 0.024853914976119995 0.003000000026077032
		endloop
	endfacet
	facet normal 0.5320355982757113 -0.84672198634936 0
		outer loop
			vertex 0.01985805854201317 0.02491348423063755 0
			vertex 0.01976325549185276 0.024853914976119995 0.003000000026077032
			vertex 0.01976325549185276 0.024853914976119995 0
		endloop
	endfacet
	facet normal 0.33027706173760474 -0.943884030212385 0
		outer loop
			vertex 0.019963739439845085 0.024950463324785233 0
			vertex 0.019963739439845085 0.024950463324785233 0.003000000026077032
			vertex 0.01985805854201317 0.02491348423063755 0.003000000026077032
		endloop
	endfacet
	facet normal 0.33027706173760474 -0.943884030212385 0
		outer loop
			vertex 0.019963739439845085 0.024950463324785233 0
			vertex 0.01985805854201317 0.02491348423063755 0.003000000026077032
			vertex 0.01985805854201317 0.02491348423063755 0
		endloop
	endfacet
	facet normal 0.1119760948331011 -0.9937109007080119 0
		outer loop
			vertex 0.020075000822544098 0.024963000789284706 0
			vertex 0.020075000822544098 0.024963000789284706 0.003000000026077032
			vertex 0.019963739439845085 0.024950463324785233 0.003000000026077032
		endloop
	endfacet
	facet normal 0.1119760948331011 -0.9937109007080119 0
		outer loop
			vertex 0.020075000822544098 0.024963000789284706 0
			vertex 0.019963739439845085 0.024950463324785233 0.003000000026077032
			vertex 0.019963739439845085 0.024950463324785233 0
		endloop
	endfacet
	facet normal -0.111961518371504 -0.9937125431451229 0
		outer loop
			vertex 0.03518626093864441 0.016512464731931686 0
			vertex 0.035075001418590546 0.01652500033378601 0.003000000026077032
			vertex 0.035075001418590546 0.01652500033378601 0
		endloop
	endfacet
	facet normal -0.111961518371504 -0.9937125431451229 0
		outer loop
			vertex 0.03518626093864441 0.016512464731931686 0
			vertex 0.03518626093864441 0.016512464731931686 0.003000000026077032
			vertex 0.035075001418590546 0.01652500033378601 0.003000000026077032
		endloop
	endfacet
	facet normal -0.33028669672630545 -0.9438806587517437 0
		outer loop
			vertex 0.035291943699121475 0.016475483775138855 0
			vertex 0.035291943699121475 0.016475483775138855 0.003000000026077032
			vertex 0.03518626093864441 0.016512464731931686 0.003000000026077032
		endloop
	endfacet
	facet normal -0.33028669672630545 -0.9438806587517437 0
		outer loop
			vertex 0.035291943699121475 0.016475483775138855 0
			vertex 0.03518626093864441 0.016512464731931686 0.003000000026077032
			vertex 0.03518626093864441 0.016512464731931686 0
		endloop
	endfacet
	facet normal -0.5320311654758574 -0.8467247716716461 0
		outer loop
			vertex 0.035386744886636734 0.01641591638326645 0
			vertex 0.035386744886636734 0.01641591638326645 0.003000000026077032
			vertex 0.035291943699121475 0.016475483775138855 0.003000000026077032
		endloop
	endfacet
	facet normal -0.5320311654758574 -0.8467247716716461 0
		outer loop
			vertex 0.035386744886636734 0.01641591638326645 0
			vertex 0.035291943699121475 0.016475483775138855 0.003000000026077032
			vertex 0.035291943699121475 0.016475483775138855 0
		endloop
	endfacet
	facet normal -0.707115099160199 -0.7070984631150475 0
		outer loop
			vertex 0.03546591475605965 0.016336744651198387 0
			vertex 0.03546591475605965 0.016336744651198387 0.003000000026077032
			vertex 0.035386744886636734 0.01641591638326645 0.003000000026077032
		endloop
	endfacet
	facet normal -0.707115099160199 -0.7070984631150475 0
		outer loop
			vertex 0.03546591475605965 0.016336744651198387 0
			vertex 0.035386744886636734 0.01641591638326645 0.003000000026077032
			vertex 0.035386744886636734 0.01641591638326645 0
		endloop
	endfacet
	facet normal -0.8467144920471017 -0.5320475250928425 0
		outer loop
			vertex 0.03552548587322235 0.01624194160103798 0
			vertex 0.03552548587322235 0.01624194160103798 0.003000000026077032
			vertex 0.03546591475605965 0.016336744651198387 0.003000000026077032
		endloop
	endfacet
	facet normal -0.8467144920471017 -0.5320475250928425 0
		outer loop
			vertex 0.03552548587322235 0.01624194160103798 0
			vertex 0.03546591475605965 0.016336744651198387 0.003000000026077032
			vertex 0.03546591475605965 0.016336744651198387 0
		endloop
	endfacet
	facet normal -0.9438892163252213 -0.33026224020459827 0
		outer loop
			vertex 0.035562463104724884 0.016136260703206062 0
			vertex 0.035562463104724884 0.016136260703206062 0.003000000026077032
			vertex 0.03552548587322235 0.01624194160103798 0.003000000026077032
		endloop
	endfacet
	facet normal -0.9438892163252213 -0.33026224020459827 0
		outer loop
			vertex 0.035562463104724884 0.016136260703206062 0
			vertex 0.03552548587322235 0.01624194160103798 0.003000000026077032
			vertex 0.03552548587322235 0.01624194160103798 0
		endloop
	endfacet
	facet normal -0.9937127516808664 -0.11195966750058142 0
		outer loop
			vertex 0.03557499870657921 0.01602499932050705 0
			vertex 0.03557499870657921 0.01602499932050705 0.003000000026077032
			vertex 0.035562463104724884 0.016136260703206062 0.003000000026077032
		endloop
	endfacet
	facet normal -0.9937127516808664 -0.11195966750058142 0
		outer loop
			vertex 0.03557499870657921 0.01602499932050705 0
			vertex 0.035562463104724884 0.016136260703206062 0.003000000026077032
			vertex 0.035562463104724884 0.016136260703206062 0
		endloop
	endfacet
	facet normal -1 0 0
		outer loop
			vertex 0.03557499870657921 0.01602499932050705 0
			vertex 0.03557499870657921 0.0030249999836087227 0.003000000026077032
			vertex 0.03557499870657921 0.01602499932050705 0.003000000026077032
		endloop
	endfacet
	facet normal -1 0 0
		outer loop
			vertex 0.03557499870657921 0.01602499932050705 0
			vertex 0.03557499870657921 0.0030249999836087227 0
			vertex 0.03557499870657921 0.0030249999836087227 0.003000000026077032
		endloop
	endfacet
	facet normal -0.9937126474142874 0.11196059292844188 0
		outer loop
			vertex 0.035562463104724884 0.0029137395322322845 0
			vertex 0.03557499870657921 0.0030249999836087227 0.003000000026077032
			vertex 0.03557499870657921 0.0030249999836087227 0
		endloop
	endfacet
	facet normal -0.9937126474142874 0.11196059292844188 0
		outer loop
			vertex 0.035562463104724884 0.0029137395322322845 0
			vertex 0.035562463104724884 0.0029137395322322845 0.003000000026077032
			vertex 0.03557499870657921 0.0030249999836087227 0.003000000026077032
		endloop
	endfacet
	facet normal -0.9438896699637697 0.330260943703136 0
		outer loop
			vertex 0.03552548587322235 0.0028080581687390804 0
			vertex 0.03552548587322235 0.0028080581687390804 0.003000000026077032
			vertex 0.035562463104724884 0.0029137395322322845 0.003000000026077032
		endloop
	endfacet
	facet normal -0.9438896699637697 0.330260943703136 0
		outer loop
			vertex 0.03552548587322235 0.0028080581687390804 0
			vertex 0.035562463104724884 0.0029137395322322845 0.003000000026077032
			vertex 0.035562463104724884 0.0029137395322322845 0
		endloop
	endfacet
	facet normal -0.8467144920471017 0.5320475250928425 0
		outer loop
			vertex 0.03546591475605965 0.0027132551185786724 0
			vertex 0.03546591475605965 0.0027132551185786724 0.003000000026077032
			vertex 0.03552548587322235 0.0028080581687390804 0.003000000026077032
		endloop
	endfacet
	facet normal -0.8467144920471017 0.5320475250928425 0
		outer loop
			vertex 0.03546591475605965 0.0027132551185786724 0
			vertex 0.03552548587322235 0.0028080581687390804 0.003000000026077032
			vertex 0.03552548587322235 0.0028080581687390804 0
		endloop
	endfacet
	facet normal -0.7071109402100667 0.707102622138566 0
		outer loop
			vertex 0.035386744886636734 0.002634084317833185 0
			vertex 0.035386744886636734 0.002634084317833185 0.003000000026077032
			vertex 0.03546591475605965 0.0027132551185786724 0.003000000026077032
		endloop
	endfacet
	facet normal -0.7071109402100667 0.707102622138566 0
		outer loop
			vertex 0.035386744886636734 0.002634084317833185 0
			vertex 0.03546591475605965 0.0027132551185786724 0.003000000026077032
			vertex 0.03546591475605965 0.0027132551185786724 0
		endloop
	endfacet
	facet normal -0.5320401108824258 0.8467191508476799 0
		outer loop
			vertex 0.035291943699121475 0.0025745155289769173 0
			vertex 0.035291943699121475 0.0025745155289769173 0.003000000026077032
			vertex 0.035386744886636734 0.002634084317833185 0.003000000026077032
		endloop
	endfacet
	facet normal -0.5320401108824258 0.8467191508476799 0
		outer loop
			vertex 0.035291943699121475 0.0025745155289769173 0
			vertex 0.035386744886636734 0.002634084317833185 0.003000000026077032
			vertex 0.035386744886636734 0.002634084317833185 0
		endloop
	endfacet
	facet normal -0.3302755809144887 0.9438845483699778 0
		outer loop
			vertex 0.03518626093864441 0.0025375359691679478 0
			vertex 0.03518626093864441 0.0025375359691679478 0.003000000026077032
			vertex 0.035291943699121475 0.0025745155289769173 0.003000000026077032
		endloop
	endfacet
	facet normal -0.3302755809144887 0.9438845483699778 0
		outer loop
			vertex 0.03518626093864441 0.0025375359691679478 0
			vertex 0.035291943699121475 0.0025745155289769173 0.003000000026077032
			vertex 0.035291943699121475 0.0025745155289769173 0
		endloop
	endfacet
	facet normal -0.11196562527940855 0.9937120804115199 0
		outer loop
			vertex 0.035075001418590546 0.002524999901652336 0
			vertex 0.035075001418590546 0.002524999901652336 0.003000000026077032
			vertex 0.03518626093864441 0.0025375359691679478 0.003000000026077032
		endloop
	endfacet
	facet normal -0.11196562527940855 0.9937120804115199 0
		outer loop
			vertex 0.035075001418590546 0.002524999901652336 0
			vertex 0.03518626093864441 0.0025375359691679478 0.003000000026077032
			vertex 0.03518626093864441 0.0025375359691679478 0
		endloop
	endfacet
	facet normal 0 1 0
		outer loop
			vertex 0.035075001418590546 0.002524999901652336 0
			vertex 0.022074999287724495 0.002524999901652336 0.003000000026077032
			vertex 0.035075001418590546 0.002524999901652336 0.003000000026077032
		endloop
	endfacet
	facet normal 0 1 0
		outer loop
			vertex 0.035075001418590546 0.002524999901652336 0
			vertex 0.022074999287724495 0.002524999901652336 0
			vertex 0.022074999287724495 0.002524999901652336 0.003000000026077032
		endloop
	endfacet
	facet normal 0.11196562527940855 0.9937120804115199 0
		outer loop
			vertex 0.02196373976767063 0.0025375359691679478 0
			vertex 0.022074999287724495 0.002524999901652336 0.003000000026077032
			vertex 0.022074999287724495 0.002524999901652336 0
		endloop
	endfacet
	facet normal 0.11196562527940855 0.9937120804115199 0
		outer loop
			vertex 0.02196373976767063 0.0025375359691679478 0
			vertex 0.02196373976767063 0.0025375359691679478 0.003000000026077032
			vertex 0.022074999287724495 0.002524999901652336 0.003000000026077032
		endloop
	endfacet
	facet normal 0.3302807670826831 0.9438827336567157 0
		outer loop
			vertex 0.021858058869838715 0.0025745155289769173 0
			vertex 0.021858058869838715 0.0025745155289769173 0.003000000026077032
			vertex 0.02196373976767063 0.0025375359691679478 0.003000000026077032
		endloop
	endfacet
	facet normal 0.3302807670826831 0.9438827336567157 0
		outer loop
			vertex 0.021858058869838715 0.0025745155289769173 0
			vertex 0.02196373976767063 0.0025375359691679478 0.003000000026077032
			vertex 0.02196373976767063 0.0025375359691679478 0
		endloop
	endfacet
	facet normal 0.5320326165219452 0.8467238599194031 0
		outer loop
			vertex 0.021763255819678307 0.002634084317833185 0
			vertex 0.021763255819678307 0.002634084317833185 0.003000000026077032
			vertex 0.021858058869838715 0.0025745155289769173 0.003000000026077032
		endloop
	endfacet
	facet normal 0.5320326165219452 0.8467238599194031 0
		outer loop
			vertex 0.021763255819678307 0.002634084317833185 0
			vertex 0.021858058869838715 0.0025745155289769173 0.003000000026077032
			vertex 0.021858058869838715 0.0025745155289769173 0
		endloop
	endfacet
	facet normal 0.7071026221874905 0.7071109401611426 0
		outer loop
			vertex 0.021684084087610245 0.0027132551185786724 0
			vertex 0.021684084087610245 0.0027132551185786724 0.003000000026077032
			vertex 0.021763255819678307 0.002634084317833185 0.003000000026077032
		endloop
	endfacet
	facet normal 0.7071026221874905 0.7071109401611426 0
		outer loop
			vertex 0.021684084087610245 0.0027132551185786724 0
			vertex 0.021763255819678307 0.002634084317833185 0.003000000026077032
			vertex 0.021763255819678307 0.002634084317833185 0
		endloop
	endfacet
	facet normal 0.84672198634936 0.5320355982757113 0
		outer loop
			vertex 0.02162451483309269 0.0028080581687390804 0
			vertex 0.02162451483309269 0.0028080581687390804 0.003000000026077032
			vertex 0.021684084087610245 0.0027132551185786724 0.003000000026077032
		endloop
	endfacet
	facet normal 0.84672198634936 0.5320355982757113 0
		outer loop
			vertex 0.02162451483309269 0.0028080581687390804 0
			vertex 0.021684084087610245 0.0027132551185786724 0.003000000026077032
			vertex 0.021684084087610245 0.0027132551185786724 0
		endloop
	endfacet
	facet normal 0.9438844838891585 0.33027576519220553 0
		outer loop
			vertex 0.021587535738945007 0.0029137395322322845 0
			vertex 0.021587535738945007 0.0029137395322322845 0.003000000026077032
			vertex 0.02162451483309269 0.0028080581687390804 0.003000000026077032
		endloop
	endfacet
	facet normal 0.9438844838891585 0.33027576519220553 0
		outer loop
			vertex 0.021587535738945007 0.0029137395322322845 0
			vertex 0.02162451483309269 0.0028080581687390804 0.003000000026077032
			vertex 0.02162451483309269 0.0028080581687390804 0
		endloop
	endfacet
	facet normal 0.9937126474142874 0.11196059292844188 0
		outer loop
			vertex 0.021575000137090683 0.0030249999836087227 0
			vertex 0.021575000137090683 0.0030249999836087227 0.003000000026077032
			vertex 0.021587535738945007 0.0029137395322322845 0.003000000026077032
		endloop
	endfacet
	facet normal 0.9937126474142874 0.11196059292844188 0
		outer loop
			vertex 0.021575000137090683 0.0030249999836087227 0
			vertex 0.021587535738945007 0.0029137395322322845 0.003000000026077032
			vertex 0.021587535738945007 0.0029137395322322845 0
		endloop
	endfacet
	facet normal 1 0 0
		outer loop
			vertex 0.021575000137090683 0.01602499932050705 0
			vertex 0.021575000137090683 0.01602499932050705 0.003000000026077032
			vertex 0.021575000137090683 0.0030249999836087227 0.003000000026077032
		endloop
	endfacet
	facet normal 1 0 0
		outer loop
			vertex 0.021575000137090683 0.01602499932050705 0
			vertex 0.021575000137090683 0.0030249999836087227 0.003000000026077032
			vertex 0.021575000137090683 0.0030249999836087227 0
		endloop
	endfacet
	facet normal 0.9937127516808664 -0.11195966750058142 0
		outer loop
			vertex 0.021587535738945007 0.016136260703206062 0
			vertex 0.021575000137090683 0.01602499932050705 0.003000000026077032
			vertex 0.021575000137090683 0.01602499932050705 0
		endloop
	endfacet
	facet normal 0.9937127516808664 -0.11195966750058142 0
		outer loop
			vertex 0.021587535738945007 0.016136260703206062 0
			vertex 0.021587535738945007 0.016136260703206062 0.003000000026077032
			vertex 0.021575000137090683 0.01602499932050705 0.003000000026077032
		endloop
	endfacet
	facet normal 0.943884030212385 -0.33027706173760474 0
		outer loop
			vertex 0.02162451483309269 0.01624194160103798 0
			vertex 0.02162451483309269 0.01624194160103798 0.003000000026077032
			vertex 0.021587535738945007 0.016136260703206062 0.003000000026077032
		endloop
	endfacet
	facet normal 0.943884030212385 -0.33027706173760474 0
		outer loop
			vertex 0.02162451483309269 0.01624194160103798 0
			vertex 0.021587535738945007 0.016136260703206062 0.003000000026077032
			vertex 0.021587535738945007 0.016136260703206062 0
		endloop
	endfacet
	facet normal 0.84672198634936 -0.5320355982757113 0
		outer loop
			vertex 0.021684084087610245 0.016336744651198387 0
			vertex 0.021684084087610245 0.016336744651198387 0.003000000026077032
			vertex 0.02162451483309269 0.01624194160103798 0.003000000026077032
		endloop
	endfacet
	facet normal 0.84672198634936 -0.5320355982757113 0
		outer loop
			vertex 0.021684084087610245 0.016336744651198387 0
			vertex 0.02162451483309269 0.01624194160103798 0.003000000026077032
			vertex 0.02162451483309269 0.01624194160103798 0
		endloop
	endfacet
	facet normal 0.7071067811865476 -0.7071067811865476 0
		outer loop
			vertex 0.021763255819678307 0.01641591638326645 0
			vertex 0.021763255819678307 0.01641591638326645 0.003000000026077032
			vertex 0.021684084087610245 0.016336744651198387 0.003000000026077032
		endloop
	endfacet
	facet normal 0.7071067811865476 -0.7071067811865476 0
		outer loop
			vertex 0.021763255819678307 0.01641591638326645 0
			vertex 0.021684084087610245 0.016336744651198387 0.003000000026077032
			vertex 0.021684084087610245 0.016336744651198387 0
		endloop
	endfacet
	facet normal 0.5320236711418856 -0.8467294806162775 0
		outer loop
			vertex 0.021858058869838715 0.016475483775138855 0
			vertex 0.021858058869838715 0.016475483775138855 0.003000000026077032
			vertex 0.021763255819678307 0.01641591638326645 0.003000000026077032
		endloop
	endfacet
	facet normal 0.5320236711418856 -0.8467294806162775 0
		outer loop
			vertex 0.021858058869838715 0.016475483775138855 0
			vertex 0.021763255819678307 0.01641591638326645 0.003000000026077032
			vertex 0.021763255819678307 0.01641591638326645 0
		endloop
	endfacet
	facet normal 0.330291883026301 -0.9438788439238059 0
		outer loop
			vertex 0.02196373976767063 0.016512464731931686 0
			vertex 0.02196373976767063 0.016512464731931686 0.003000000026077032
			vertex 0.021858058869838715 0.016475483775138855 0.003000000026077032
		endloop
	endfacet
	facet normal 0.330291883026301 -0.9438788439238059 0
		outer loop
			vertex 0.02196373976767063 0.016512464731931686 0
			vertex 0.021858058869838715 0.016475483775138855 0.003000000026077032
			vertex 0.021858058869838715 0.016475483775138855 0
		endloop
	endfacet
	facet normal 0.111961518371504 -0.9937125431451229 0
		outer loop
			vertex 0.022074999287724495 0.01652500033378601 0
			vertex 0.022074999287724495 0.01652500033378601 0.003000000026077032
			vertex 0.02196373976767063 0.016512464731931686 0.003000000026077032
		endloop
	endfacet
	facet normal 0.111961518371504 -0.9937125431451229 0
		outer loop
			vertex 0.022074999287724495 0.01652500033378601 0
			vertex 0.02196373976767063 0.016512464731931686 0.003000000026077032
			vertex 0.02196373976767063 0.016512464731931686 0
		endloop
	endfacet
	facet normal 0.9937120804115199 -0.11196562527940855 0
		outer loop
			vertex 0.0025375359691679478 0.02566125988960266 0
			vertex 0.002524999901652336 0.025550000369548798 0.003000000026077032
			vertex 0.002524999901652336 0.025550000369548798 0
		endloop
	endfacet
	facet normal 0.9937120804115199 -0.11196562527940855 0
		outer loop
			vertex 0.0025375359691679478 0.02566125988960266 0
			vertex 0.0025375359691679478 0.02566125988960266 0.003000000026077032
			vertex 0.002524999901652336 0.025550000369548798 0.003000000026077032
		endloop
	endfacet
	facet normal 0.9438845483699778 -0.3302755809144887 0
		outer loop
			vertex 0.0025745155289769173 0.025766942650079727 0
			vertex 0.0025745155289769173 0.025766942650079727 0.003000000026077032
			vertex 0.0025375359691679478 0.02566125988960266 0.003000000026077032
		endloop
	endfacet
	facet normal 0.9438845483699778 -0.3302755809144887 0
		outer loop
			vertex 0.0025745155289769173 0.025766942650079727 0
			vertex 0.0025375359691679478 0.02566125988960266 0.003000000026077032
			vertex 0.0025375359691679478 0.02566125988960266 0
		endloop
	endfacet
	facet normal 0.8467238599194031 -0.5320326165219452 0
		outer loop
			vertex 0.002634084317833185 0.025861745700240135 0
			vertex 0.002634084317833185 0.025861745700240135 0.003000000026077032
			vertex 0.0025745155289769173 0.025766942650079727 0.003000000026077032
		endloop
	endfacet
	facet normal 0.8467238599194031 -0.5320326165219452 0
		outer loop
			vertex 0.002634084317833185 0.025861745700240135 0
			vertex 0.0025745155289769173 0.025766942650079727 0.003000000026077032
			vertex 0.0025745155289769173 0.025766942650079727 0
		endloop
	endfacet
	facet normal 0.707102622138566 -0.7071109402100667 0
		outer loop
			vertex 0.0027132551185786724 0.025940915569663048 0
			vertex 0.0027132551185786724 0.025940915569663048 0.003000000026077032
			vertex 0.002634084317833185 0.025861745700240135 0.003000000026077032
		endloop
	endfacet
	facet normal 0.707102622138566 -0.7071109402100667 0
		outer loop
			vertex 0.0027132551185786724 0.025940915569663048 0
			vertex 0.002634084317833185 0.025861745700240135 0.003000000026077032
			vertex 0.002634084317833185 0.025861745700240135 0
		endloop
	endfacet
	facet normal 0.5320355982757113 -0.84672198634936 0
		outer loop
			vertex 0.0028080581687390804 0.026000484824180603 0
			vertex 0.0028080581687390804 0.026000484824180603 0.003000000026077032
			vertex 0.0027132551185786724 0.025940915569663048 0.003000000026077032
		endloop
	endfacet
	facet normal 0.5320355982757113 -0.84672198634936 0
		outer loop
			vertex 0.0028080581687390804 0.026000484824180603 0
			vertex 0.0027132551185786724 0.025940915569663048 0.003000000026077032
			vertex 0.0027132551185786724 0.025940915569663048 0
		endloop
	endfacet
	facet normal 0.33027576519220553 -0.9438844838891585 0
		outer loop
			vertex 0.0029137395322322845 0.026037463918328285 0
			vertex 0.0029137395322322845 0.026037463918328285 0.003000000026077032
			vertex 0.0028080581687390804 0.026000484824180603 0.003000000026077032
		endloop
	endfacet
	facet normal 0.33027576519220553 -0.9438844838891585 0
		outer loop
			vertex 0.0029137395322322845 0.026037463918328285 0
			vertex 0.0028080581687390804 0.026000484824180603 0.003000000026077032
			vertex 0.0028080581687390804 0.026000484824180603 0
		endloop
	endfacet
	facet normal 0.11196059292844188 -0.9937126474142874 0
		outer loop
			vertex 0.0030249999836087227 0.02604999952018261 0
			vertex 0.0030249999836087227 0.02604999952018261 0.003000000026077032
			vertex 0.0029137395322322845 0.026037463918328285 0.003000000026077032
		endloop
	endfacet
	facet normal 0.11196059292844188 -0.9937126474142874 0
		outer loop
			vertex 0.0030249999836087227 0.02604999952018261 0
			vertex 0.0029137395322322845 0.026037463918328285 0.003000000026077032
			vertex 0.0029137395322322845 0.026037463918328285 0
		endloop
	endfacet
	facet normal 0 -1 0
		outer loop
			vertex 0.01602499932050705 0.02604999952018261 0.003000000026077032
			vertex 0.0030249999836087227 0.02604999952018261 0.003000000026077032
			vertex 0.0030249999836087227 0.02604999952018261 0
		endloop
	endfacet
	facet normal 0 -1 0
		outer loop
			vertex 0.01602499932050705 0.02604999952018261 0.003000000026077032
			vertex 0.0030249999836087227 0.02604999952018261 0
			vertex 0.01602499932050705 0.02604999952018261 0
		endloop
	endfacet
	facet normal -0.11195966750058142 -0.9937127516808664 0
		outer loop
			vertex 0.016136260703206062 0.026037463918328285 0
			vertex 0.01602499932050705 0.02604999952018261 0.003000000026077032
			vertex 0.01602499932050705 0.02604999952018261 0
		endloop
	endfacet
	facet normal -0.11195966750058142 -0.9937127516808664 0
		outer loop
			vertex 0.016136260703206062 0.026037463918328285 0
			vertex 0.016136260703206062 0.026037463918328285 0.003000000026077032
			vertex 0.01602499932050705 0.02604999952018261 0.003000000026077032
		endloop
	endfacet
	facet normal -0.33027706173760474 -0.943884030212385 0
		outer loop
			vertex 0.01624194160103798 0.026000484824180603 0
			vertex 0.01624194160103798 0.026000484824180603 0.003000000026077032
			vertex 0.016136260703206062 0.026037463918328285 0.003000000026077032
		endloop
	endfacet
	facet normal -0.33027706173760474 -0.943884030212385 0
		outer loop
			vertex 0.01624194160103798 0.026000484824180603 0
			vertex 0.016136260703206062 0.026037463918328285 0.003000000026077032
			vertex 0.016136260703206062 0.026037463918328285 0
		endloop
	endfacet
	facet normal -0.5320355982757113 -0.84672198634936 0
		outer loop
			vertex 0.016336744651198387 0.025940915569663048 0
			vertex 0.016336744651198387 0.025940915569663048 0.003000000026077032
			vertex 0.01624194160103798 0.026000484824180603 0.003000000026077032
		endloop
	endfacet
	facet normal -0.5320355982757113 -0.84672198634936 0
		outer loop
			vertex 0.016336744651198387 0.025940915569663048 0
			vertex 0.01624194160103798 0.026000484824180603 0.003000000026077032
			vertex 0.01624194160103798 0.026000484824180603 0
		endloop
	endfacet
	facet normal -0.7070984631150475 -0.707115099160199 0
		outer loop
			vertex 0.01641591638326645 0.025861745700240135 0
			vertex 0.01641591638326645 0.025861745700240135 0.003000000026077032
			vertex 0.016336744651198387 0.025940915569663048 0.003000000026077032
		endloop
	endfacet
	facet normal -0.7070984631150475 -0.707115099160199 0
		outer loop
			vertex 0.01641591638326645 0.025861745700240135 0
			vertex 0.016336744651198387 0.025940915569663048 0.003000000026077032
			vertex 0.016336744651198387 0.025940915569663048 0
		endloop
	endfacet
	facet normal -0.8467294806162775 -0.5320236711418856 0
		outer loop
			vertex 0.016475483775138855 0.025766942650079727 0
			vertex 0.016475483775138855 0.025766942650079727 0.003000000026077032
			vertex 0.01641591638326645 0.025861745700240135 0.003000000026077032
		endloop
	endfacet
	facet normal -0.8467294806162775 -0.5320236711418856 0
		outer loop
			vertex 0.016475483775138855 0.025766942650079727 0
			vertex 0.01641591638326645 0.025861745700240135 0.003000000026077032
			vertex 0.01641591638326645 0.025861745700240135 0
		endloop
	endfacet
	facet normal -0.9438806587517437 -0.33028669672630545 0
		outer loop
			vertex 0.016512464731931686 0.02566125988960266 0
			vertex 0.016512464731931686 0.02566125988960266 0.003000000026077032
			vertex 0.016475483775138855 0.025766942650079727 0.003000000026077032
		endloop
	endfacet
	facet normal -0.9438806587517437 -0.33028669672630545 0
		outer loop
			vertex 0.016512464731931686 0.02566125988960266 0
			vertex 0.016475483775138855 0.025766942650079727 0.003000000026077032
			vertex 0.016475483775138855 0.025766942650079727 0
		endloop
	endfacet
	facet normal -0.9937125431451229 -0.111961518371504 0
		outer loop
			vertex 0.01652500033378601 0.025550000369548798 0
			vertex 0.01652500033378601 0.025550000369548798 0.003000000026077032
			vertex 0.016512464731931686 0.02566125988960266 0.003000000026077032
		endloop
	endfacet
	facet normal -0.9937125431451229 -0.111961518371504 0
		outer loop
			vertex 0.01652500033378601 0.025550000369548798 0
			vertex 0.016512464731931686 0.02566125988960266 0.003000000026077032
			vertex 0.016512464731931686 0.02566125988960266 0
		endloop
	endfacet
	facet normal -1 0 0
		outer loop
			vertex 0.01652500033378601 0.025550000369548798 0
			vertex 0.01652500033378601 0.012550000101327896 0.003000000026077032
			vertex 0.01652500033378601 0.025550000369548798 0.003000000026077032
		endloop
	endfacet
	facet normal -1 0 0
		outer loop
			vertex 0.01652500033378601 0.025550000369548798 0
			vertex 0.01652500033378601 0.012550000101327896 0
			vertex 0.01652500033378601 0.012550000101327896 0.003000000026077032
		endloop
	endfacet
	facet normal -0.9937126474142874 0.11196059292844188 0
		outer loop
			vertex 0.016512464731931686 0.012438739649951458 0
			vertex 0.01652500033378601 0.012550000101327896 0.003000000026077032
			vertex 0.01652500033378601 0.012550000101327896 0
		endloop
	endfacet
	facet normal -0.9937126474142874 0.11196059292844188 0
		outer loop
			vertex 0.016512464731931686 0.012438739649951458 0
			vertex 0.016512464731931686 0.012438739649951458 0.003000000026077032
			vertex 0.01652500033378601 0.012550000101327896 0.003000000026077032
		endloop
	endfacet
	facet normal -0.9438797513484611 0.3302892898571905 0
		outer loop
			vertex 0.016475483775138855 0.012333057820796967 0
			vertex 0.016475483775138855 0.012333057820796967 0.003000000026077032
			vertex 0.016512464731931686 0.012438739649951458 0.003000000026077032
		endloop
	endfacet
	facet normal -0.9438797513484611 0.3302892898571905 0
		outer loop
			vertex 0.016475483775138855 0.012333057820796967 0
			vertex 0.016512464731931686 0.012438739649951458 0.003000000026077032
			vertex 0.016512464731931686 0.012438739649951458 0
		endloop
	endfacet
	facet normal -0.8467294806162775 0.5320236711418856 0
		outer loop
			vertex 0.01641591638326645 0.012238254770636559 0
			vertex 0.01641591638326645 0.012238254770636559 0.003000000026077032
			vertex 0.016475483775138855 0.012333057820796967 0.003000000026077032
		endloop
	endfacet
	facet normal -0.8467294806162775 0.5320236711418856 0
		outer loop
			vertex 0.01641591638326645 0.012238254770636559 0
			vertex 0.016475483775138855 0.012333057820796967 0.003000000026077032
			vertex 0.016475483775138855 0.012333057820796967 0
		endloop
	endfacet
	facet normal -0.7071026221874905 0.7071109401611426 0
		outer loop
			vertex 0.016336744651198387 0.012159083969891071 0
			vertex 0.016336744651198387 0.012159083969891071 0.003000000026077032
			vertex 0.01641591638326645 0.012238254770636559 0.003000000026077032
		endloop
	endfacet
	facet normal -0.7071026221874905 0.7071109401611426 0
		outer loop
			vertex 0.016336744651198387 0.012159083969891071 0
			vertex 0.01641591638326645 0.012238254770636559 0.003000000026077032
			vertex 0.01641591638326645 0.012238254770636559 0
		endloop
	endfacet
	facet normal -0.5320296347483856 0.8467257334872369 0
		outer loop
			vertex 0.01624194160103798 0.01209951564669609 0
			vertex 0.01624194160103798 0.01209951564669609 0.003000000026077032
			vertex 0.016336744651198387 0.012159083969891071 0.003000000026077032
		endloop
	endfacet
	facet normal -0.5320296347483856 0.8467257334872369 0
		outer loop
			vertex 0.01624194160103798 0.01209951564669609 0
			vertex 0.016336744651198387 0.012159083969891071 0.003000000026077032
			vertex 0.016336744651198387 0.012159083969891071 0
		endloop
	endfacet
	facet normal -0.330284472412492 0.9438814370900626 0
		outer loop
			vertex 0.016136260703206062 0.012062535621225834 0
			vertex 0.016136260703206062 0.012062535621225834 0.003000000026077032
			vertex 0.01624194160103798 0.01209951564669609 0.003000000026077032
		endloop
	endfacet
	facet normal -0.330284472412492 0.9438814370900626 0
		outer loop
			vertex 0.016136260703206062 0.012062535621225834 0
			vertex 0.01624194160103798 0.01209951564669609 0.003000000026077032
			vertex 0.01624194160103798 0.01209951564669609 0
		endloop
	endfacet
	facet normal -0.11195966750058142 0.9937127516808664 0
		outer loop
			vertex 0.01602499932050705 0.01205000001937151 0
			vertex 0.01602499932050705 0.01205000001937151 0.003000000026077032
			vertex 0.016136260703206062 0.012062535621225834 0.003000000026077032
		endloop
	endfacet
	facet normal -0.11195966750058142 0.9937127516808664 0
		outer loop
			vertex 0.01602499932050705 0.01205000001937151 0
			vertex 0.016136260703206062 0.012062535621225834 0.003000000026077032
			vertex 0.016136260703206062 0.012062535621225834 0
		endloop
	endfacet
	facet normal 0 1 0
		outer loop
			vertex 0.01602499932050705 0.01205000001937151 0.003000000026077032
			vertex 0.01602499932050705 0.01205000001937151 0
			vertex 0.0030249999836087227 0.01205000001937151 0
		endloop
	endfacet
	facet normal 0 1 0
		outer loop
			vertex 0.01602499932050705 0.01205000001937151 0.003000000026077032
			vertex 0.0030249999836087227 0.01205000001937151 0
			vertex 0.0030249999836087227 0.01205000001937151 0.003000000026077032
		endloop
	endfacet
	facet normal 0.11196059292844188 0.9937126474142874 0
		outer loop
			vertex 0.0029137395322322845 0.012062535621225834 0
			vertex 0.0030249999836087227 0.01205000001937151 0.003000000026077032
			vertex 0.0030249999836087227 0.01205000001937151 0
		endloop
	endfacet
	facet normal 0.11196059292844188 0.9937126474142874 0
		outer loop
			vertex 0.0029137395322322845 0.012062535621225834 0
			vertex 0.0029137395322322845 0.012062535621225834 0.003000000026077032
			vertex 0.0030249999836087227 0.01205000001937151 0.003000000026077032
		endloop
	endfacet
	facet normal 0.33028317584512534 0.943881890785949 0
		outer loop
			vertex 0.0028080581687390804 0.01209951564669609 0
			vertex 0.0028080581687390804 0.01209951564669609 0.003000000026077032
			vertex 0.0029137395322322845 0.012062535621225834 0.003000000026077032
		endloop
	endfacet
	facet normal 0.33028317584512534 0.943881890785949 0
		outer loop
			vertex 0.0028080581687390804 0.01209951564669609 0
			vertex 0.0029137395322322845 0.012062535621225834 0.003000000026077032
			vertex 0.0029137395322322845 0.012062535621225834 0
		endloop
	endfacet
	facet normal 0.5320296347483856 0.8467257334872369 0
		outer loop
			vertex 0.0027132551185786724 0.012159083969891071 0
			vertex 0.0027132551185786724 0.012159083969891071 0.003000000026077032
			vertex 0.0028080581687390804 0.01209951564669609 0.003000000026077032
		endloop
	endfacet
	facet normal 0.5320296347483856 0.8467257334872369 0
		outer loop
			vertex 0.0027132551185786724 0.012159083969891071 0
			vertex 0.0028080581687390804 0.01209951564669609 0.003000000026077032
			vertex 0.0028080581687390804 0.01209951564669609 0
		endloop
	endfacet
	facet normal 0.7071067811865476 0.7071067811865476 0
		outer loop
			vertex 0.002634084317833185 0.012238254770636559 0
			vertex 0.002634084317833185 0.012238254770636559 0.003000000026077032
			vertex 0.0027132551185786724 0.012159083969891071 0.003000000026077032
		endloop
	endfacet
	facet normal 0.7071067811865476 0.7071067811865476 0
		outer loop
			vertex 0.002634084317833185 0.012238254770636559 0
			vertex 0.0027132551185786724 0.012159083969891071 0.003000000026077032
			vertex 0.0027132551185786724 0.012159083969891071 0
		endloop
	endfacet
	facet normal 0.8467238599194031 0.5320326165219452 0
		outer loop
			vertex 0.0025745155289769173 0.012333057820796967 0
			vertex 0.0025745155289769173 0.012333057820796967 0.003000000026077032
			vertex 0.002634084317833185 0.012238254770636559 0.003000000026077032
		endloop
	endfacet
	facet normal 0.8467238599194031 0.5320326165219452 0
		outer loop
			vertex 0.0025745155289769173 0.012333057820796967 0
			vertex 0.002634084317833185 0.012238254770636559 0.003000000026077032
			vertex 0.002634084317833185 0.012238254770636559 0
		endloop
	endfacet
	facet normal 0.9438836410240325 0.33027817397947346 0
		outer loop
			vertex 0.0025375359691679478 0.012438739649951458 0
			vertex 0.0025375359691679478 0.012438739649951458 0.003000000026077032
			vertex 0.0025745155289769173 0.012333057820796967 0.003000000026077032
		endloop
	endfacet
	facet normal 0.9438836410240325 0.33027817397947346 0
		outer loop
			vertex 0.0025375359691679478 0.012438739649951458 0
			vertex 0.0025745155289769173 0.012333057820796967 0.003000000026077032
			vertex 0.0025745155289769173 0.012333057820796967 0
		endloop
	endfacet
	facet normal 0.9937121846882858 0.1119646998032618 0
		outer loop
			vertex 0.002524999901652336 0.012550000101327896 0
			vertex 0.002524999901652336 0.012550000101327896 0.003000000026077032
			vertex 0.0025375359691679478 0.012438739649951458 0.003000000026077032
		endloop
	endfacet
	facet normal 0.9937121846882858 0.1119646998032618 0
		outer loop
			vertex 0.002524999901652336 0.012550000101327896 0
			vertex 0.0025375359691679478 0.012438739649951458 0.003000000026077032
			vertex 0.0025375359691679478 0.012438739649951458 0
		endloop
	endfacet
	facet normal 0.9937125431451229 -0.111961518371504 0
		outer loop
			vertex -0.016512464731931686 0.02566125988960266 0
			vertex -0.01652500033378601 0.025550000369548798 0.003000000026077032
			vertex -0.01652500033378601 0.025550000369548798 0
		endloop
	endfacet
	facet normal 0.9937125431451229 -0.111961518371504 0
		outer loop
			vertex -0.016512464731931686 0.02566125988960266 0
			vertex -0.016512464731931686 0.02566125988960266 0.003000000026077032
			vertex -0.01652500033378601 0.025550000369548798 0.003000000026077032
		endloop
	endfacet
	facet normal 0.9438806587517437 -0.33028669672630545 0
		outer loop
			vertex -0.016475483775138855 0.025766942650079727 0
			vertex -0.016475483775138855 0.025766942650079727 0.003000000026077032
			vertex -0.016512464731931686 0.02566125988960266 0.003000000026077032
		endloop
	endfacet
	facet normal 0.9438806587517437 -0.33028669672630545 0
		outer loop
			vertex -0.016475483775138855 0.025766942650079727 0
			vertex -0.016512464731931686 0.02566125988960266 0.003000000026077032
			vertex -0.016512464731931686 0.02566125988960266 0
		endloop
	endfacet
	facet normal 0.8467294806162775 -0.5320236711418856 0
		outer loop
			vertex -0.01641591638326645 0.025861745700240135 0
			vertex -0.01641591638326645 0.025861745700240135 0.003000000026077032
			vertex -0.016475483775138855 0.025766942650079727 0.003000000026077032
		endloop
	endfacet
	facet normal 0.8467294806162775 -0.5320236711418856 0
		outer loop
			vertex -0.01641591638326645 0.025861745700240135 0
			vertex -0.016475483775138855 0.025766942650079727 0.003000000026077032
			vertex -0.016475483775138855 0.025766942650079727 0
		endloop
	endfacet
	facet normal 0.7070984631150475 -0.707115099160199 0
		outer loop
			vertex -0.016336744651198387 0.025940915569663048 0
			vertex -0.016336744651198387 0.025940915569663048 0.003000000026077032
			vertex -0.01641591638326645 0.025861745700240135 0.003000000026077032
		endloop
	endfacet
	facet normal 0.7070984631150475 -0.707115099160199 0
		outer loop
			vertex -0.016336744651198387 0.025940915569663048 0
			vertex -0.01641591638326645 0.025861745700240135 0.003000000026077032
			vertex -0.01641591638326645 0.025861745700240135 0
		endloop
	endfacet
	facet normal 0.5320355982757113 -0.84672198634936 0
		outer loop
			vertex -0.01624194160103798 0.026000484824180603 0
			vertex -0.01624194160103798 0.026000484824180603 0.003000000026077032
			vertex -0.016336744651198387 0.025940915569663048 0.003000000026077032
		endloop
	endfacet
	facet normal 0.5320355982757113 -0.84672198634936 0
		outer loop
			vertex -0.01624194160103798 0.026000484824180603 0
			vertex -0.016336744651198387 0.025940915569663048 0.003000000026077032
			vertex -0.016336744651198387 0.025940915569663048 0
		endloop
	endfacet
	facet normal 0.33027706173760474 -0.943884030212385 0
		outer loop
			vertex -0.016136260703206062 0.026037463918328285 0
			vertex -0.016136260703206062 0.026037463918328285 0.003000000026077032
			vertex -0.01624194160103798 0.026000484824180603 0.003000000026077032
		endloop
	endfacet
	facet normal 0.33027706173760474 -0.943884030212385 0
		outer loop
			vertex -0.016136260703206062 0.026037463918328285 0
			vertex -0.01624194160103798 0.026000484824180603 0.003000000026077032
			vertex -0.01624194160103798 0.026000484824180603 0
		endloop
	endfacet
	facet normal 0.11195966750058142 -0.9937127516808664 0
		outer loop
			vertex -0.01602499932050705 0.02604999952018261 0
			vertex -0.01602499932050705 0.02604999952018261 0.003000000026077032
			vertex -0.016136260703206062 0.026037463918328285 0.003000000026077032
		endloop
	endfacet
	facet normal 0.11195966750058142 -0.9937127516808664 0
		outer loop
			vertex -0.01602499932050705 0.02604999952018261 0
			vertex -0.016136260703206062 0.026037463918328285 0.003000000026077032
			vertex -0.016136260703206062 0.026037463918328285 0
		endloop
	endfacet
	facet normal 0 -1 0
		outer loop
			vertex -0.0030249999836087227 0.02604999952018261 0.003000000026077032
			vertex -0.01602499932050705 0.02604999952018261 0.003000000026077032
			vertex -0.01602499932050705 0.02604999952018261 0
		endloop
	endfacet
	facet normal 0 -1 0
		outer loop
			vertex -0.0030249999836087227 0.02604999952018261 0.003000000026077032
			vertex -0.01602499932050705 0.02604999952018261 0
			vertex -0.0030249999836087227 0.02604999952018261 0
		endloop
	endfacet
	facet normal -0.11196059292844188 -0.9937126474142874 0
		outer loop
			vertex -0.0029137395322322845 0.026037463918328285 0
			vertex -0.0030249999836087227 0.02604999952018261 0.003000000026077032
			vertex -0.0030249999836087227 0.02604999952018261 0
		endloop
	endfacet
	facet normal -0.11196059292844188 -0.9937126474142874 0
		outer loop
			vertex -0.0029137395322322845 0.026037463918328285 0
			vertex -0.0029137395322322845 0.026037463918328285 0.003000000026077032
			vertex -0.0030249999836087227 0.02604999952018261 0.003000000026077032
		endloop
	endfacet
	facet normal -0.33027576519220553 -0.9438844838891585 0
		outer loop
			vertex -0.0028080581687390804 0.026000484824180603 0
			vertex -0.0028080581687390804 0.026000484824180603 0.003000000026077032
			vertex -0.0029137395322322845 0.026037463918328285 0.003000000026077032
		endloop
	endfacet
	facet normal -0.33027576519220553 -0.9438844838891585 0
		outer loop
			vertex -0.0028080581687390804 0.026000484824180603 0
			vertex -0.0029137395322322845 0.026037463918328285 0.003000000026077032
			vertex -0.0029137395322322845 0.026037463918328285 0
		endloop
	endfacet
	facet normal -0.5320355982757113 -0.84672198634936 0
		outer loop
			vertex -0.0027132551185786724 0.025940915569663048 0
			vertex -0.0027132551185786724 0.025940915569663048 0.003000000026077032
			vertex -0.0028080581687390804 0.026000484824180603 0.003000000026077032
		endloop
	endfacet
	facet normal -0.5320355982757113 -0.84672198634936 0
		outer loop
			vertex -0.0027132551185786724 0.025940915569663048 0
			vertex -0.0028080581687390804 0.026000484824180603 0.003000000026077032
			vertex -0.0028080581687390804 0.026000484824180603 0
		endloop
	endfacet
	facet normal -0.707102622138566 -0.7071109402100667 0
		outer loop
			vertex -0.002634084317833185 0.025861745700240135 0
			vertex -0.002634084317833185 0.025861745700240135 0.003000000026077032
			vertex -0.0027132551185786724 0.025940915569663048 0.003000000026077032
		endloop
	endfacet
	facet normal -0.707102622138566 -0.7071109402100667 0
		outer loop
			vertex -0.002634084317833185 0.025861745700240135 0
			vertex -0.0027132551185786724 0.025940915569663048 0.003000000026077032
			vertex -0.0027132551185786724 0.025940915569663048 0
		endloop
	endfacet
	facet normal -0.8467238599194031 -0.5320326165219452 0
		outer loop
			vertex -0.0025745155289769173 0.025766942650079727 0
			vertex -0.0025745155289769173 0.025766942650079727 0.003000000026077032
			vertex -0.002634084317833185 0.025861745700240135 0.003000000026077032
		endloop
	endfacet
	facet normal -0.8467238599194031 -0.5320326165219452 0
		outer loop
			vertex -0.0025745155289769173 0.025766942650079727 0
			vertex -0.002634084317833185 0.025861745700240135 0.003000000026077032
			vertex -0.002634084317833185 0.025861745700240135 0
		endloop
	endfacet
	facet normal -0.9438845483699778 -0.3302755809144887 0
		outer loop
			vertex -0.0025375359691679478 0.02566125988960266 0
			vertex -0.0025375359691679478 0.02566125988960266 0.003000000026077032
			vertex -0.0025745155289769173 0.025766942650079727 0.003000000026077032
		endloop
	endfacet
	facet normal -0.9438845483699778 -0.3302755809144887 0
		outer loop
			vertex -0.0025375359691679478 0.02566125988960266 0
			vertex -0.0025745155289769173 0.025766942650079727 0.003000000026077032
			vertex -0.0025745155289769173 0.025766942650079727 0
		endloop
	endfacet
	facet normal -0.9937120804115199 -0.11196562527940855 0
		outer loop
			vertex -0.002524999901652336 0.025550000369548798 0
			vertex -0.002524999901652336 0.025550000369548798 0.003000000026077032
			vertex -0.0025375359691679478 0.02566125988960266 0.003000000026077032
		endloop
	endfacet
	facet normal -0.9937120804115199 -0.11196562527940855 0
		outer loop
			vertex -0.002524999901652336 0.025550000369548798 0
			vertex -0.0025375359691679478 0.02566125988960266 0.003000000026077032
			vertex -0.0025375359691679478 0.02566125988960266 0
		endloop
	endfacet
	facet normal -1 0 0
		outer loop
			vertex -0.002524999901652336 0.025550000369548798 0
			vertex -0.002524999901652336 0.012550000101327896 0.003000000026077032
			vertex -0.002524999901652336 0.025550000369548798 0.003000000026077032
		endloop
	endfacet
	facet normal -1 0 0
		outer loop
			vertex -0.002524999901652336 0.025550000369548798 0
			vertex -0.002524999901652336 0.012550000101327896 0
			vertex -0.002524999901652336 0.012550000101327896 0.003000000026077032
		endloop
	endfacet
	facet normal -0.9937121846882858 0.1119646998032618 0
		outer loop
			vertex -0.0025375359691679478 0.012438739649951458 0
			vertex -0.002524999901652336 0.012550000101327896 0.003000000026077032
			vertex -0.002524999901652336 0.012550000101327896 0
		endloop
	endfacet
	facet normal -0.9937121846882858 0.1119646998032618 0
		outer loop
			vertex -0.0025375359691679478 0.012438739649951458 0
			vertex -0.0025375359691679478 0.012438739649951458 0.003000000026077032
			vertex -0.002524999901652336 0.012550000101327896 0.003000000026077032
		endloop
	endfacet
	facet normal -0.9438836410240325 0.33027817397947346 0
		outer loop
			vertex -0.0025745155289769173 0.012333057820796967 0
			vertex -0.0025745155289769173 0.012333057820796967 0.003000000026077032
			vertex -0.0025375359691679478 0.012438739649951458 0.003000000026077032
		endloop
	endfacet
	facet normal -0.9438836410240325 0.33027817397947346 0
		outer loop
			vertex -0.0025745155289769173 0.012333057820796967 0
			vertex -0.0025375359691679478 0.012438739649951458 0.003000000026077032
			vertex -0.0025375359691679478 0.012438739649951458 0
		endloop
	endfacet
	facet normal -0.8467238599194031 0.5320326165219452 0
		outer loop
			vertex -0.002634084317833185 0.012238254770636559 0
			vertex -0.002634084317833185 0.012238254770636559 0.003000000026077032
			vertex -0.0025745155289769173 0.012333057820796967 0.003000000026077032
		endloop
	endfacet
	facet normal -0.8467238599194031 0.5320326165219452 0
		outer loop
			vertex -0.002634084317833185 0.012238254770636559 0
			vertex -0.0025745155289769173 0.012333057820796967 0.003000000026077032
			vertex -0.0025745155289769173 0.012333057820796967 0
		endloop
	endfacet
	facet normal -0.7071067811865476 0.7071067811865476 0
		outer loop
			vertex -0.0027132551185786724 0.012159083969891071 0
			vertex -0.0027132551185786724 0.012159083969891071 0.003000000026077032
			vertex -0.002634084317833185 0.012238254770636559 0.003000000026077032
		endloop
	endfacet
	facet normal -0.7071067811865476 0.7071067811865476 0
		outer loop
			vertex -0.0027132551185786724 0.012159083969891071 0
			vertex -0.002634084317833185 0.012238254770636559 0.003000000026077032
			vertex -0.002634084317833185 0.012238254770636559 0
		endloop
	endfacet
	facet normal -0.5320296347483856 0.8467257334872369 0
		outer loop
			vertex -0.0028080581687390804 0.01209951564669609 0
			vertex -0.0028080581687390804 0.01209951564669609 0.003000000026077032
			vertex -0.0027132551185786724 0.012159083969891071 0.003000000026077032
		endloop
	endfacet
	facet normal -0.5320296347483856 0.8467257334872369 0
		outer loop
			vertex -0.0028080581687390804 0.01209951564669609 0
			vertex -0.0027132551185786724 0.012159083969891071 0.003000000026077032
			vertex -0.0027132551185786724 0.012159083969891071 0
		endloop
	endfacet
	facet normal -0.33028317584512534 0.943881890785949 0
		outer loop
			vertex -0.0029137395322322845 0.012062535621225834 0
			vertex -0.0029137395322322845 0.012062535621225834 0.003000000026077032
			vertex -0.0028080581687390804 0.01209951564669609 0.003000000026077032
		endloop
	endfacet
	facet normal -0.33028317584512534 0.943881890785949 0
		outer loop
			vertex -0.0029137395322322845 0.012062535621225834 0
			vertex -0.0028080581687390804 0.01209951564669609 0.003000000026077032
			vertex -0.0028080581687390804 0.01209951564669609 0
		endloop
	endfacet
	facet normal -0.11196059292844188 0.9937126474142874 0
		outer loop
			vertex -0.0030249999836087227 0.01205000001937151 0
			vertex -0.0030249999836087227 0.01205000001937151 0.003000000026077032
			vertex -0.0029137395322322845 0.012062535621225834 0.003000000026077032
		endloop
	endfacet
	facet normal -0.11196059292844188 0.9937126474142874 0
		outer loop
			vertex -0.0030249999836087227 0.01205000001937151 0
			vertex -0.0029137395322322845 0.012062535621225834 0.003000000026077032
			vertex -0.0029137395322322845 0.012062535621225834 0
		endloop
	endfacet
	facet normal 0 1 0
		outer loop
			vertex -0.0030249999836087227 0.01205000001937151 0.003000000026077032
			vertex -0.0030249999836087227 0.01205000001937151 0
			vertex -0.01602499932050705 0.01205000001937151 0
		endloop
	endfacet
	facet normal 0 1 0
		outer loop
			vertex -0.0030249999836087227 0.01205000001937151 0.003000000026077032
			vertex -0.01602499932050705 0.01205000001937151 0
			vertex -0.01602499932050705 0.01205000001937151 0.003000000026077032
		endloop
	endfacet
	facet normal 0.11195966750058142 0.9937127516808664 0
		outer loop
			vertex -0.016136260703206062 0.012062535621225834 0
			vertex -0.01602499932050705 0.01205000001937151 0.003000000026077032
			vertex -0.01602499932050705 0.01205000001937151 0
		endloop
	endfacet
	facet normal 0.11195966750058142 0.9937127516808664 0
		outer loop
			vertex -0.016136260703206062 0.012062535621225834 0
			vertex -0.016136260703206062 0.012062535621225834 0.003000000026077032
			vertex -0.01602499932050705 0.01205000001937151 0.003000000026077032
		endloop
	endfacet
	facet normal 0.330284472412492 0.9438814370900626 0
		outer loop
			vertex -0.01624194160103798 0.01209951564669609 0
			vertex -0.01624194160103798 0.01209951564669609 0.003000000026077032
			vertex -0.016136260703206062 0.012062535621225834 0.003000000026077032
		endloop
	endfacet
	facet normal 0.330284472412492 0.9438814370900626 0
		outer loop
			vertex -0.01624194160103798 0.01209951564669609 0
			vertex -0.016136260703206062 0.012062535621225834 0.003000000026077032
			vertex -0.016136260703206062 0.012062535621225834 0
		endloop
	endfacet
	facet normal 0.5320296347483856 0.8467257334872369 0
		outer loop
			vertex -0.016336744651198387 0.012159083969891071 0
			vertex -0.016336744651198387 0.012159083969891071 0.003000000026077032
			vertex -0.01624194160103798 0.01209951564669609 0.003000000026077032
		endloop
	endfacet
	facet normal 0.5320296347483856 0.8467257334872369 0
		outer loop
			vertex -0.016336744651198387 0.012159083969891071 0
			vertex -0.01624194160103798 0.01209951564669609 0.003000000026077032
			vertex -0.01624194160103798 0.01209951564669609 0
		endloop
	endfacet
	facet normal 0.7071026221874905 0.7071109401611426 0
		outer loop
			vertex -0.01641591638326645 0.012238254770636559 0
			vertex -0.01641591638326645 0.012238254770636559 0.003000000026077032
			vertex -0.016336744651198387 0.012159083969891071 0.003000000026077032
		endloop
	endfacet
	facet normal 0.7071026221874905 0.7071109401611426 0
		outer loop
			vertex -0.01641591638326645 0.012238254770636559 0
			vertex -0.016336744651198387 0.012159083969891071 0.003000000026077032
			vertex -0.016336744651198387 0.012159083969891071 0
		endloop
	endfacet
	facet normal 0.8467294806162775 0.5320236711418856 0
		outer loop
			vertex -0.016475483775138855 0.012333057820796967 0
			vertex -0.016475483775138855 0.012333057820796967 0.003000000026077032
			vertex -0.01641591638326645 0.012238254770636559 0.003000000026077032
		endloop
	endfacet
	facet normal 0.8467294806162775 0.5320236711418856 0
		outer loop
			vertex -0.016475483775138855 0.012333057820796967 0
			vertex -0.01641591638326645 0.012238254770636559 0.003000000026077032
			vertex -0.01641591638326645 0.012238254770636559 0
		endloop
	endfacet
	facet normal 0.9438797513484611 0.3302892898571905 0
		outer loop
			vertex -0.016512464731931686 0.012438739649951458 0
			vertex -0.016512464731931686 0.012438739649951458 0.003000000026077032
			vertex -0.016475483775138855 0.012333057820796967 0.003000000026077032
		endloop
	endfacet
	facet normal 0.9438797513484611 0.3302892898571905 0
		outer loop
			vertex -0.016512464731931686 0.012438739649951458 0
			vertex -0.016475483775138855 0.012333057820796967 0.003000000026077032
			vertex -0.016475483775138855 0.012333057820796967 0
		endloop
	endfacet
	facet normal 0.9937126474142874 0.11196059292844188 0
		outer loop
			vertex -0.01652500033378601 0.012550000101327896 0
			vertex -0.01652500033378601 0.012550000101327896 0.003000000026077032
			vertex -0.016512464731931686 0.012438739649951458 0.003000000026077032
		endloop
	endfacet
	facet normal 0.9937126474142874 0.11196059292844188 0
		outer loop
			vertex -0.01652500033378601 0.012550000101327896 0
			vertex -0.016512464731931686 0.012438739649951458 0.003000000026077032
			vertex -0.016512464731931686 0.012438739649951458 0
		endloop
	endfacet
	facet normal 0.9937125431451229 -0.111961518371504 0
		outer loop
			vertex -0.035562463104724884 0.02566125988960266 0
			vertex -0.03557499870657921 0.025550000369548798 0.003000000026077032
			vertex -0.03557499870657921 0.025550000369548798 0
		endloop
	endfacet
	facet normal 0.9937125431451229 -0.111961518371504 0
		outer loop
			vertex -0.035562463104724884 0.02566125988960266 0
			vertex -0.035562463104724884 0.02566125988960266 0.003000000026077032
			vertex -0.03557499870657921 0.025550000369548798 0.003000000026077032
		endloop
	endfacet
	facet normal 0.9438910308473606 -0.3302570542560859 0
		outer loop
			vertex -0.03552548587322235 0.025766942650079727 0
			vertex -0.03552548587322235 0.025766942650079727 0.003000000026077032
			vertex -0.035562463104724884 0.02566125988960266 0.003000000026077032
		endloop
	endfacet
	facet normal 0.9438910308473606 -0.3302570542560859 0
		outer loop
			vertex -0.03552548587322235 0.025766942650079727 0
			vertex -0.035562463104724884 0.02566125988960266 0.003000000026077032
			vertex -0.035562463104724884 0.02566125988960266 0
		endloop
	endfacet
	facet normal 0.8467144920471017 -0.5320475250928425 0
		outer loop
			vertex -0.03546591475605965 0.025861745700240135 0
			vertex -0.03546591475605965 0.025861745700240135 0.003000000026077032
			vertex -0.03552548587322235 0.025766942650079727 0.003000000026077032
		endloop
	endfacet
	facet normal 0.8467144920471017 -0.5320475250928425 0
		outer loop
			vertex -0.03546591475605965 0.025861745700240135 0
			vertex -0.03552548587322235 0.025766942650079727 0.003000000026077032
			vertex -0.03552548587322235 0.025766942650079727 0
		endloop
	endfacet
	facet normal 0.7071067811865476 -0.7071067811865476 0
		outer loop
			vertex -0.035386744886636734 0.025940915569663048 0
			vertex -0.035386744886636734 0.025940915569663048 0.003000000026077032
			vertex -0.03546591475605965 0.025861745700240135 0.003000000026077032
		endloop
	endfacet
	facet normal 0.7071067811865476 -0.7071067811865476 0
		outer loop
			vertex -0.035386744886636734 0.025940915569663048 0
			vertex -0.03546591475605965 0.025861745700240135 0.003000000026077032
			vertex -0.03546591475605965 0.025861745700240135 0
		endloop
	endfacet
	facet normal 0.5320430926450269 -0.8467172772352739 0
		outer loop
			vertex -0.035291943699121475 0.026000484824180603 0
			vertex -0.035291943699121475 0.026000484824180603 0.003000000026077032
			vertex -0.035386744886636734 0.025940915569663048 0.003000000026077032
		endloop
	endfacet
	facet normal 0.5320430926450269 -0.8467172772352739 0
		outer loop
			vertex -0.035291943699121475 0.026000484824180603 0
			vertex -0.035386744886636734 0.025940915569663048 0.003000000026077032
			vertex -0.035386744886636734 0.025940915569663048 0
		endloop
	endfacet
	facet normal 0.3302718756133454 -0.9438858448874222 0
		outer loop
			vertex -0.03518626093864441 0.026037463918328285 0
			vertex -0.03518626093864441 0.026037463918328285 0.003000000026077032
			vertex -0.035291943699121475 0.026000484824180603 0.003000000026077032
		endloop
	endfacet
	facet normal 0.3302718756133454 -0.9438858448874222 0
		outer loop
			vertex -0.03518626093864441 0.026037463918328285 0
			vertex -0.035291943699121475 0.026000484824180603 0.003000000026077032
			vertex -0.035291943699121475 0.026000484824180603 0
		endloop
	endfacet
	facet normal 0.111961518371504 -0.9937125431451229 0
		outer loop
			vertex -0.035075001418590546 0.02604999952018261 0
			vertex -0.035075001418590546 0.02604999952018261 0.003000000026077032
			vertex -0.03518626093864441 0.026037463918328285 0.003000000026077032
		endloop
	endfacet
	facet normal 0.111961518371504 -0.9937125431451229 0
		outer loop
			vertex -0.035075001418590546 0.02604999952018261 0
			vertex -0.03518626093864441 0.026037463918328285 0.003000000026077032
			vertex -0.03518626093864441 0.026037463918328285 0
		endloop
	endfacet
	facet normal 0 -1 0
		outer loop
			vertex -0.022074999287724495 0.02604999952018261 0.003000000026077032
			vertex -0.035075001418590546 0.02604999952018261 0.003000000026077032
			vertex -0.035075001418590546 0.02604999952018261 0
		endloop
	endfacet
	facet normal 0 -1 0
		outer loop
			vertex -0.022074999287724495 0.02604999952018261 0.003000000026077032
			vertex -0.035075001418590546 0.02604999952018261 0
			vertex -0.022074999287724495 0.02604999952018261 0
		endloop
	endfacet
	facet normal -0.111961518371504 -0.9937125431451229 0
		outer loop
			vertex -0.02196373976767063 0.026037463918328285 0
			vertex -0.022074999287724495 0.02604999952018261 0.003000000026077032
			vertex -0.022074999287724495 0.02604999952018261 0
		endloop
	endfacet
	facet normal -0.111961518371504 -0.9937125431451229 0
		outer loop
			vertex -0.02196373976767063 0.026037463918328285 0
			vertex -0.02196373976767063 0.026037463918328285 0.003000000026077032
			vertex -0.022074999287724495 0.02604999952018261 0.003000000026077032
		endloop
	endfacet
	facet normal -0.33027706173760474 -0.943884030212385 0
		outer loop
			vertex -0.021858058869838715 0.026000484824180603 0
			vertex -0.021858058869838715 0.026000484824180603 0.003000000026077032
			vertex -0.02196373976767063 0.026037463918328285 0.003000000026077032
		endloop
	endfacet
	facet normal -0.33027706173760474 -0.943884030212385 0
		outer loop
			vertex -0.021858058869838715 0.026000484824180603 0
			vertex -0.02196373976767063 0.026037463918328285 0.003000000026077032
			vertex -0.02196373976767063 0.026037463918328285 0
		endloop
	endfacet
	facet normal -0.5320355982757113 -0.84672198634936 0
		outer loop
			vertex -0.021763255819678307 0.025940915569663048 0
			vertex -0.021763255819678307 0.025940915569663048 0.003000000026077032
			vertex -0.021858058869838715 0.026000484824180603 0.003000000026077032
		endloop
	endfacet
	facet normal -0.5320355982757113 -0.84672198634936 0
		outer loop
			vertex -0.021763255819678307 0.025940915569663048 0
			vertex -0.021858058869838715 0.026000484824180603 0.003000000026077032
			vertex -0.021858058869838715 0.026000484824180603 0
		endloop
	endfacet
	facet normal -0.7070984631150475 -0.707115099160199 0
		outer loop
			vertex -0.021684084087610245 0.025861745700240135 0
			vertex -0.021684084087610245 0.025861745700240135 0.003000000026077032
			vertex -0.021763255819678307 0.025940915569663048 0.003000000026077032
		endloop
	endfacet
	facet normal -0.7070984631150475 -0.707115099160199 0
		outer loop
			vertex -0.021684084087610245 0.025861745700240135 0
			vertex -0.021763255819678307 0.025940915569663048 0.003000000026077032
			vertex -0.021763255819678307 0.025940915569663048 0
		endloop
	endfacet
	facet normal -0.84672198634936 -0.5320355982757113 0
		outer loop
			vertex -0.02162451483309269 0.025766942650079727 0
			vertex -0.02162451483309269 0.025766942650079727 0.003000000026077032
			vertex -0.021684084087610245 0.025861745700240135 0.003000000026077032
		endloop
	endfacet
	facet normal -0.84672198634936 -0.5320355982757113 0
		outer loop
			vertex -0.02162451483309269 0.025766942650079727 0
			vertex -0.021684084087610245 0.025861745700240135 0.003000000026077032
			vertex -0.021684084087610245 0.025861745700240135 0
		endloop
	endfacet
	facet normal -0.9438858448874222 -0.3302718756133454 0
		outer loop
			vertex -0.021587535738945007 0.02566125988960266 0
			vertex -0.021587535738945007 0.02566125988960266 0.003000000026077032
			vertex -0.02162451483309269 0.025766942650079727 0.003000000026077032
		endloop
	endfacet
	facet normal -0.9438858448874222 -0.3302718756133454 0
		outer loop
			vertex -0.021587535738945007 0.02566125988960266 0
			vertex -0.02162451483309269 0.025766942650079727 0.003000000026077032
			vertex -0.02162451483309269 0.025766942650079727 0
		endloop
	endfacet
	facet normal -0.9937125431451229 -0.111961518371504 0
		outer loop
			vertex -0.021575000137090683 0.025550000369548798 0
			vertex -0.021575000137090683 0.025550000369548798 0.003000000026077032
			vertex -0.021587535738945007 0.02566125988960266 0.003000000026077032
		endloop
	endfacet
	facet normal -0.9937125431451229 -0.111961518371504 0
		outer loop
			vertex -0.021575000137090683 0.025550000369548798 0
			vertex -0.021587535738945007 0.02566125988960266 0.003000000026077032
			vertex -0.021587535738945007 0.02566125988960266 0
		endloop
	endfacet
	facet normal -1 0 0
		outer loop
			vertex -0.021575000137090683 0.025550000369548798 0
			vertex -0.021575000137090683 0.012550000101327896 0.003000000026077032
			vertex -0.021575000137090683 0.025550000369548798 0.003000000026077032
		endloop
	endfacet
	facet normal -1 0 0
		outer loop
			vertex -0.021575000137090683 0.025550000369548798 0
			vertex -0.021575000137090683 0.012550000101327896 0
			vertex -0.021575000137090683 0.012550000101327896 0.003000000026077032
		endloop
	endfacet
	facet normal -0.9937126474142874 0.11196059292844188 0
		outer loop
			vertex -0.021587535738945007 0.012438739649951458 0
			vertex -0.021575000137090683 0.012550000101327896 0.003000000026077032
			vertex -0.021575000137090683 0.012550000101327896 0
		endloop
	endfacet
	facet normal -0.9937126474142874 0.11196059292844188 0
		outer loop
			vertex -0.021587535738945007 0.012438739649951458 0
			vertex -0.021587535738945007 0.012438739649951458 0.003000000026077032
			vertex -0.021575000137090683 0.012550000101327896 0.003000000026077032
		endloop
	endfacet
	facet normal -0.9438849375605892 0.3302744686563627 0
		outer loop
			vertex -0.02162451483309269 0.012333057820796967 0
			vertex -0.02162451483309269 0.012333057820796967 0.003000000026077032
			vertex -0.021587535738945007 0.012438739649951458 0.003000000026077032
		endloop
	endfacet
	facet normal -0.9438849375605892 0.3302744686563627 0
		outer loop
			vertex -0.02162451483309269 0.012333057820796967 0
			vertex -0.021587535738945007 0.012438739649951458 0.003000000026077032
			vertex -0.021587535738945007 0.012438739649951458 0
		endloop
	endfacet
	facet normal -0.84672198634936 0.5320355982757113 0
		outer loop
			vertex -0.021684084087610245 0.012238254770636559 0
			vertex -0.021684084087610245 0.012238254770636559 0.003000000026077032
			vertex -0.02162451483309269 0.012333057820796967 0.003000000026077032
		endloop
	endfacet
	facet normal -0.84672198634936 0.5320355982757113 0
		outer loop
			vertex -0.021684084087610245 0.012238254770636559 0
			vertex -0.02162451483309269 0.012333057820796967 0.003000000026077032
			vertex -0.02162451483309269 0.012333057820796967 0
		endloop
	endfacet
	facet normal -0.7071026221874905 0.7071109401611426 0
		outer loop
			vertex -0.021763255819678307 0.012159083969891071 0
			vertex -0.021763255819678307 0.012159083969891071 0.003000000026077032
			vertex -0.021684084087610245 0.012238254770636559 0.003000000026077032
		endloop
	endfacet
	facet normal -0.7071026221874905 0.7071109401611426 0
		outer loop
			vertex -0.021763255819678307 0.012159083969891071 0
			vertex -0.021684084087610245 0.012238254770636559 0.003000000026077032
			vertex -0.021684084087610245 0.012238254770636559 0
		endloop
	endfacet
	facet normal -0.5320296347483856 0.8467257334872369 0
		outer loop
			vertex -0.021858058869838715 0.01209951564669609 0
			vertex -0.021858058869838715 0.01209951564669609 0.003000000026077032
			vertex -0.021763255819678307 0.012159083969891071 0.003000000026077032
		endloop
	endfacet
	facet normal -0.5320296347483856 0.8467257334872369 0
		outer loop
			vertex -0.021858058869838715 0.01209951564669609 0
			vertex -0.021763255819678307 0.012159083969891071 0.003000000026077032
			vertex -0.021763255819678307 0.012159083969891071 0
		endloop
	endfacet
	facet normal -0.330284472412492 0.9438814370900626 0
		outer loop
			vertex -0.02196373976767063 0.012062535621225834 0
			vertex -0.02196373976767063 0.012062535621225834 0.003000000026077032
			vertex -0.021858058869838715 0.01209951564669609 0.003000000026077032
		endloop
	endfacet
	facet normal -0.330284472412492 0.9438814370900626 0
		outer loop
			vertex -0.02196373976767063 0.012062535621225834 0
			vertex -0.021858058869838715 0.01209951564669609 0.003000000026077032
			vertex -0.021858058869838715 0.01209951564669609 0
		endloop
	endfacet
	facet normal -0.111961518371504 0.9937125431451229 0
		outer loop
			vertex -0.022074999287724495 0.01205000001937151 0
			vertex -0.022074999287724495 0.01205000001937151 0.003000000026077032
			vertex -0.02196373976767063 0.012062535621225834 0.003000000026077032
		endloop
	endfacet
	facet normal -0.111961518371504 0.9937125431451229 0
		outer loop
			vertex -0.022074999287724495 0.01205000001937151 0
			vertex -0.02196373976767063 0.012062535621225834 0.003000000026077032
			vertex -0.02196373976767063 0.012062535621225834 0
		endloop
	endfacet
	facet normal 0 1 0
		outer loop
			vertex -0.022074999287724495 0.01205000001937151 0.003000000026077032
			vertex -0.022074999287724495 0.01205000001937151 0
			vertex -0.035075001418590546 0.01205000001937151 0
		endloop
	endfacet
	facet normal 0 1 0
		outer loop
			vertex -0.022074999287724495 0.01205000001937151 0.003000000026077032
			vertex -0.035075001418590546 0.01205000001937151 0
			vertex -0.035075001418590546 0.01205000001937151 0.003000000026077032
		endloop
	endfacet
	facet normal 0.111961518371504 0.9937125431451229 0
		outer loop
			vertex -0.03518626093864441 0.012062535621225834 0
			vertex -0.035075001418590546 0.01205000001937151 0.003000000026077032
			vertex -0.035075001418590546 0.01205000001937151 0
		endloop
	endfacet
	facet normal 0.111961518371504 0.9937125431451229 0
		outer loop
			vertex -0.03518626093864441 0.012062535621225834 0
			vertex -0.03518626093864441 0.012062535621225834 0.003000000026077032
			vertex -0.035075001418590546 0.01205000001937151 0.003000000026077032
		endloop
	endfacet
	facet normal 0.3302792862003633 0.94388325184155 0
		outer loop
			vertex -0.035291943699121475 0.01209951564669609 0
			vertex -0.035291943699121475 0.01209951564669609 0.003000000026077032
			vertex -0.03518626093864441 0.012062535621225834 0.003000000026077032
		endloop
	endfacet
	facet normal 0.3302792862003633 0.94388325184155 0
		outer loop
			vertex -0.035291943699121475 0.01209951564669609 0
			vertex -0.03518626093864441 0.012062535621225834 0.003000000026077032
			vertex -0.03518626093864441 0.012062535621225834 0
		endloop
	endfacet
	facet normal 0.5320371291000305 0.8467210244578776 0
		outer loop
			vertex -0.035386744886636734 0.012159083969891071 0
			vertex -0.035386744886636734 0.012159083969891071 0.003000000026077032
			vertex -0.035291943699121475 0.01209951564669609 0.003000000026077032
		endloop
	endfacet
	facet normal 0.5320371291000305 0.8467210244578776 0
		outer loop
			vertex -0.035386744886636734 0.012159083969891071 0
			vertex -0.035291943699121475 0.01209951564669609 0.003000000026077032
			vertex -0.035291943699121475 0.01209951564669609 0
		endloop
	endfacet
	facet normal 0.7071109402100667 0.707102622138566 0
		outer loop
			vertex -0.03546591475605965 0.012238254770636559 0
			vertex -0.03546591475605965 0.012238254770636559 0.003000000026077032
			vertex -0.035386744886636734 0.012159083969891071 0.003000000026077032
		endloop
	endfacet
	facet normal 0.7071109402100667 0.707102622138566 0
		outer loop
			vertex -0.03546591475605965 0.012238254770636559 0
			vertex -0.035386744886636734 0.012159083969891071 0.003000000026077032
			vertex -0.035386744886636734 0.012159083969891071 0
		endloop
	endfacet
	facet normal 0.8467144920471017 0.5320475250928425 0
		outer loop
			vertex -0.03552548587322235 0.012333057820796967 0
			vertex -0.03552548587322235 0.012333057820796967 0.003000000026077032
			vertex -0.03546591475605965 0.012238254770636559 0.003000000026077032
		endloop
	endfacet
	facet normal 0.8467144920471017 0.5320475250928425 0
		outer loop
			vertex -0.03552548587322235 0.012333057820796967 0
			vertex -0.03546591475605965 0.012238254770636559 0.003000000026077032
			vertex -0.03546591475605965 0.012238254770636559 0
		endloop
	endfacet
	facet normal 0.9438901235969757 0.33025964721122997 0
		outer loop
			vertex -0.035562463104724884 0.012438739649951458 0
			vertex -0.035562463104724884 0.012438739649951458 0.003000000026077032
			vertex -0.03552548587322235 0.012333057820796967 0.003000000026077032
		endloop
	endfacet
	facet normal 0.9438901235969757 0.33025964721122997 0
		outer loop
			vertex -0.035562463104724884 0.012438739649951458 0
			vertex -0.03552548587322235 0.012333057820796967 0.003000000026077032
			vertex -0.03552548587322235 0.012333057820796967 0
		endloop
	endfacet
	facet normal 0.9937126474142874 0.11196059292844188 0
		outer loop
			vertex -0.03557499870657921 0.012550000101327896 0
			vertex -0.03557499870657921 0.012550000101327896 0.003000000026077032
			vertex -0.035562463104724884 0.012438739649951458 0.003000000026077032
		endloop
	endfacet
	facet normal 0.9937126474142874 0.11196059292844188 0
		outer loop
			vertex -0.03557499870657921 0.012550000101327896 0
			vertex -0.035562463104724884 0.012438739649951458 0.003000000026077032
			vertex -0.035562463104724884 0.012438739649951458 0
		endloop
	endfacet
	facet normal 0.9937129602062683 -0.11195781669046416 0
		outer loop
			vertex 0.021587535738945007 0.04471126198768616 0
			vertex 0.021575000137090683 0.044599998742341995 0.003000000026077032
			vertex 0.021575000137090683 0.044599998742341995 0
		endloop
	endfacet
	facet normal 0.9937129602062683 -0.11195781669046416 0
		outer loop
			vertex 0.021587535738945007 0.04471126198768616 0
			vertex 0.021587535738945007 0.04471126198768616 0.003000000026077032
			vertex 0.021575000137090683 0.044599998742341995 0.003000000026077032
		endloop
	endfacet
	facet normal 0.9438822154518606 -0.3302822480147664 0
		outer loop
			vertex 0.02162451483309269 0.044816941022872925 0
			vertex 0.02162451483309269 0.044816941022872925 0.003000000026077032
			vertex 0.021587535738945007 0.04471126198768616 0.003000000026077032
		endloop
	endfacet
	facet normal 0.9438822154518606 -0.3302822480147664 0
		outer loop
			vertex 0.02162451483309269 0.044816941022872925 0
			vertex 0.021587535738945007 0.04471126198768616 0.003000000026077032
			vertex 0.021587535738945007 0.04471126198768616 0
		endloop
	endfacet
	facet normal 0.846726695264452 -0.5320281040758466 0
		outer loop
			vertex 0.021684084087610245 0.04491174593567848 0
			vertex 0.021684084087610245 0.04491174593567848 0.003000000026077032
			vertex 0.02162451483309269 0.044816941022872925 0.003000000026077032
		endloop
	endfacet
	facet normal 0.846726695264452 -0.5320281040758466 0
		outer loop
			vertex 0.021684084087610245 0.04491174593567848 0
			vertex 0.02162451483309269 0.044816941022872925 0.003000000026077032
			vertex 0.02162451483309269 0.044816941022872925 0
		endloop
	endfacet
	facet normal 0.7070984631150475 -0.707115099160199 0
		outer loop
			vertex 0.021763255819678307 0.044990915805101395 0
			vertex 0.021763255819678307 0.044990915805101395 0.003000000026077032
			vertex 0.021684084087610245 0.04491174593567848 0.003000000026077032
		endloop
	endfacet
	facet normal 0.7070984631150475 -0.707115099160199 0
		outer loop
			vertex 0.021763255819678307 0.044990915805101395 0
			vertex 0.021684084087610245 0.04491174593567848 0.003000000026077032
			vertex 0.021684084087610245 0.04491174593567848 0
		endloop
	endfacet
	facet normal 0.5320236711418856 -0.8467294806162775 0
		outer loop
			vertex 0.021858058869838715 0.0450504831969738 0
			vertex 0.021858058869838715 0.0450504831969738 0.003000000026077032
			vertex 0.021763255819678307 0.044990915805101395 0.003000000026077032
		endloop
	endfacet
	facet normal 0.5320236711418856 -0.8467294806162775 0
		outer loop
			vertex 0.021858058869838715 0.0450504831969738 0
			vertex 0.021763255819678307 0.044990915805101395 0.003000000026077032
			vertex 0.021763255819678307 0.044990915805101395 0
		endloop
	endfacet
	facet normal 0.330291883026301 -0.9438788439238059 0
		outer loop
			vertex 0.02196373976767063 0.04508746415376663 0
			vertex 0.02196373976767063 0.04508746415376663 0.003000000026077032
			vertex 0.021858058869838715 0.0450504831969738 0.003000000026077032
		endloop
	endfacet
	facet normal 0.330291883026301 -0.9438788439238059 0
		outer loop
			vertex 0.02196373976767063 0.04508746415376663 0
			vertex 0.021858058869838715 0.0450504831969738 0.003000000026077032
			vertex 0.021858058869838715 0.0450504831969738 0
		endloop
	endfacet
	facet normal 0.111961518371504 -0.9937125431451229 0
		outer loop
			vertex 0.022074999287724495 0.045099999755620956 0
			vertex 0.022074999287724495 0.045099999755620956 0.003000000026077032
			vertex 0.02196373976767063 0.04508746415376663 0.003000000026077032
		endloop
	endfacet
	facet normal 0.111961518371504 -0.9937125431451229 0
		outer loop
			vertex 0.022074999287724495 0.045099999755620956 0
			vertex 0.02196373976767063 0.04508746415376663 0.003000000026077032
			vertex 0.02196373976767063 0.04508746415376663 0
		endloop
	endfacet
	facet normal 0 -1 0
		outer loop
			vertex 0.035075001418590546 0.045099999755620956 0.003000000026077032
			vertex 0.022074999287724495 0.045099999755620956 0.003000000026077032
			vertex 0.022074999287724495 0.045099999755620956 0
		endloop
	endfacet
	facet normal 0 -1 0
		outer loop
			vertex 0.035075001418590546 0.045099999755620956 0.003000000026077032
			vertex 0.022074999287724495 0.045099999755620956 0
			vertex 0.035075001418590546 0.045099999755620956 0
		endloop
	endfacet
	facet normal -0.111961518371504 -0.9937125431451229 0
		outer loop
			vertex 0.03518626093864441 0.04508746415376663 0
			vertex 0.035075001418590546 0.045099999755620956 0.003000000026077032
			vertex 0.035075001418590546 0.045099999755620956 0
		endloop
	endfacet
	facet normal -0.111961518371504 -0.9937125431451229 0
		outer loop
			vertex 0.03518626093864441 0.04508746415376663 0
			vertex 0.03518626093864441 0.04508746415376663 0.003000000026077032
			vertex 0.035075001418590546 0.045099999755620956 0.003000000026077032
		endloop
	endfacet
	facet normal -0.33028669672630545 -0.9438806587517437 0
		outer loop
			vertex 0.035291943699121475 0.0450504831969738 0
			vertex 0.035291943699121475 0.0450504831969738 0.003000000026077032
			vertex 0.03518626093864441 0.04508746415376663 0.003000000026077032
		endloop
	endfacet
	facet normal -0.33028669672630545 -0.9438806587517437 0
		outer loop
			vertex 0.035291943699121475 0.0450504831969738 0
			vertex 0.03518626093864441 0.04508746415376663 0.003000000026077032
			vertex 0.03518626093864441 0.04508746415376663 0
		endloop
	endfacet
	facet normal -0.5320311654758574 -0.8467247716716461 0
		outer loop
			vertex 0.035386744886636734 0.044990915805101395 0
			vertex 0.035386744886636734 0.044990915805101395 0.003000000026077032
			vertex 0.035291943699121475 0.0450504831969738 0.003000000026077032
		endloop
	endfacet
	facet normal -0.5320311654758574 -0.8467247716716461 0
		outer loop
			vertex 0.035386744886636734 0.044990915805101395 0
			vertex 0.035291943699121475 0.0450504831969738 0.003000000026077032
			vertex 0.035291943699121475 0.0450504831969738 0
		endloop
	endfacet
	facet normal -0.7071067811865476 -0.7071067811865476 0
		outer loop
			vertex 0.03546591475605965 0.04491174593567848 0
			vertex 0.03546591475605965 0.04491174593567848 0.003000000026077032
			vertex 0.035386744886636734 0.044990915805101395 0.003000000026077032
		endloop
	endfacet
	facet normal -0.7071067811865476 -0.7071067811865476 0
		outer loop
			vertex 0.03546591475605965 0.04491174593567848 0
			vertex 0.035386744886636734 0.044990915805101395 0.003000000026077032
			vertex 0.035386744886636734 0.044990915805101395 0
		endloop
	endfacet
	facet normal -0.8467192011316399 -0.532040030857639 0
		outer loop
			vertex 0.03552548587322235 0.044816941022872925 0
			vertex 0.03552548587322235 0.044816941022872925 0.003000000026077032
			vertex 0.03546591475605965 0.04491174593567848 0.003000000026077032
		endloop
	endfacet
	facet normal -0.8467192011316399 -0.532040030857639 0
		outer loop
			vertex 0.03552548587322235 0.044816941022872925 0
			vertex 0.03546591475605965 0.04491174593567848 0.003000000026077032
			vertex 0.03546591475605965 0.04491174593567848 0
		endloop
	endfacet
	facet normal -0.943887401717601 -0.3302674263060105 0
		outer loop
			vertex 0.035562463104724884 0.04471126198768616 0
			vertex 0.035562463104724884 0.04471126198768616 0.003000000026077032
			vertex 0.03552548587322235 0.044816941022872925 0.003000000026077032
		endloop
	endfacet
	facet normal -0.943887401717601 -0.3302674263060105 0
		outer loop
			vertex 0.035562463104724884 0.04471126198768616 0
			vertex 0.03552548587322235 0.044816941022872925 0.003000000026077032
			vertex 0.03552548587322235 0.044816941022872925 0
		endloop
	endfacet
	facet normal -0.9937129602062683 -0.11195781669046416 0
		outer loop
			vertex 0.03557499870657921 0.044599998742341995 0
			vertex 0.03557499870657921 0.044599998742341995 0.003000000026077032
			vertex 0.035562463104724884 0.04471126198768616 0.003000000026077032
		endloop
	endfacet
	facet normal -0.9937129602062683 -0.11195781669046416 0
		outer loop
			vertex 0.03557499870657921 0.044599998742341995 0
			vertex 0.035562463104724884 0.04471126198768616 0.003000000026077032
			vertex 0.035562463104724884 0.04471126198768616 0
		endloop
	endfacet
	facet normal -1 0 0
		outer loop
			vertex 0.03557499870657921 0.044599998742341995 0
			vertex 0.03557499870657921 0.031599998474121094 0.003000000026077032
			vertex 0.03557499870657921 0.044599998742341995 0.003000000026077032
		endloop
	endfacet
	facet normal -1 0 0
		outer loop
			vertex 0.03557499870657921 0.044599998742341995 0
			vertex 0.03557499870657921 0.031599998474121094 0
			vertex 0.03557499870657921 0.031599998474121094 0.003000000026077032
		endloop
	endfacet
	facet normal -0.9937125431451229 0.111961518371504 0
		outer loop
			vertex 0.035562463104724884 0.03148873895406723 0
			vertex 0.03557499870657921 0.031599998474121094 0.003000000026077032
			vertex 0.03557499870657921 0.031599998474121094 0
		endloop
	endfacet
	facet normal -0.9937125431451229 0.111961518371504 0
		outer loop
			vertex 0.035562463104724884 0.03148873895406723 0
			vertex 0.035562463104724884 0.03148873895406723 0.003000000026077032
			vertex 0.03557499870657921 0.031599998474121094 0.003000000026077032
		endloop
	endfacet
	facet normal -0.943887401717601 0.3302674263060105 0
		outer loop
			vertex 0.03552548587322235 0.03138305991888046 0
			vertex 0.03552548587322235 0.03138305991888046 0.003000000026077032
			vertex 0.035562463104724884 0.03148873895406723 0.003000000026077032
		endloop
	endfacet
	facet normal -0.943887401717601 0.3302674263060105 0
		outer loop
			vertex 0.03552548587322235 0.03138305991888046 0
			vertex 0.035562463104724884 0.03148873895406723 0.003000000026077032
			vertex 0.035562463104724884 0.03148873895406723 0
		endloop
	endfacet
	facet normal -0.8467192011316399 0.532040030857639 0
		outer loop
			vertex 0.03546591475605965 0.031288255006074905 0
			vertex 0.03546591475605965 0.031288255006074905 0.003000000026077032
			vertex 0.03552548587322235 0.03138305991888046 0.003000000026077032
		endloop
	endfacet
	facet normal -0.8467192011316399 0.532040030857639 0
		outer loop
			vertex 0.03546591475605965 0.031288255006074905 0
			vertex 0.03552548587322235 0.03138305991888046 0.003000000026077032
			vertex 0.03552548587322235 0.03138305991888046 0
		endloop
	endfacet
	facet normal -0.7071067811865476 0.7071067811865476 0
		outer loop
			vertex 0.035386744886636734 0.031209085136651993 0
			vertex 0.035386744886636734 0.031209085136651993 0.003000000026077032
			vertex 0.03546591475605965 0.031288255006074905 0.003000000026077032
		endloop
	endfacet
	facet normal -0.7071067811865476 0.7071067811865476 0
		outer loop
			vertex 0.035386744886636734 0.031209085136651993 0
			vertex 0.03546591475605965 0.031288255006074905 0.003000000026077032
			vertex 0.03546591475605965 0.031288255006074905 0
		endloop
	endfacet
	facet normal -0.5320430926450269 0.8467172772352739 0
		outer loop
			vertex 0.035291943699121475 0.031149515882134438 0
			vertex 0.035291943699121475 0.031149515882134438 0.003000000026077032
			vertex 0.035386744886636734 0.031209085136651993 0.003000000026077032
		endloop
	endfacet
	facet normal -0.5320430926450269 0.8467172772352739 0
		outer loop
			vertex 0.035291943699121475 0.031149515882134438 0
			vertex 0.035386744886636734 0.031209085136651993 0.003000000026077032
			vertex 0.035386744886636734 0.031209085136651993 0
		endloop
	endfacet
	facet normal -0.3302718756133454 0.9438858448874222 0
		outer loop
			vertex 0.03518626093864441 0.031112536787986755 0
			vertex 0.03518626093864441 0.031112536787986755 0.003000000026077032
			vertex 0.035291943699121475 0.031149515882134438 0.003000000026077032
		endloop
	endfacet
	facet normal -0.3302718756133454 0.9438858448874222 0
		outer loop
			vertex 0.03518626093864441 0.031112536787986755 0
			vertex 0.035291943699121475 0.031149515882134438 0.003000000026077032
			vertex 0.035291943699121475 0.031149515882134438 0
		endloop
	endfacet
	facet normal -0.11197794596869719 0.9937106921114575 0
		outer loop
			vertex 0.035075001418590546 0.031099999323487282 0
			vertex 0.035075001418590546 0.031099999323487282 0.003000000026077032
			vertex 0.03518626093864441 0.031112536787986755 0.003000000026077032
		endloop
	endfacet
	facet normal -0.11197794596869719 0.9937106921114575 0
		outer loop
			vertex 0.035075001418590546 0.031099999323487282 0
			vertex 0.03518626093864441 0.031112536787986755 0.003000000026077032
			vertex 0.03518626093864441 0.031112536787986755 0
		endloop
	endfacet
	facet normal 0 1 0
		outer loop
			vertex 0.035075001418590546 0.031099999323487282 0.003000000026077032
			vertex 0.035075001418590546 0.031099999323487282 0
			vertex 0.022074999287724495 0.031099999323487282 0
		endloop
	endfacet
	facet normal 0 1 0
		outer loop
			vertex 0.035075001418590546 0.031099999323487282 0.003000000026077032
			vertex 0.022074999287724495 0.031099999323487282 0
			vertex 0.022074999287724495 0.031099999323487282 0.003000000026077032
		endloop
	endfacet
	facet normal 0.11197794596869719 0.9937106921114575 0
		outer loop
			vertex 0.02196373976767063 0.031112536787986755 0
			vertex 0.022074999287724495 0.031099999323487282 0.003000000026077032
			vertex 0.022074999287724495 0.031099999323487282 0
		endloop
	endfacet
	facet normal 0.11197794596869719 0.9937106921114575 0
		outer loop
			vertex 0.02196373976767063 0.031112536787986755 0
			vertex 0.02196373976767063 0.031112536787986755 0.003000000026077032
			vertex 0.022074999287724495 0.031099999323487282 0.003000000026077032
		endloop
	endfacet
	facet normal 0.33027706173760474 0.943884030212385 0
		outer loop
			vertex 0.021858058869838715 0.031149515882134438 0
			vertex 0.021858058869838715 0.031149515882134438 0.003000000026077032
			vertex 0.02196373976767063 0.031112536787986755 0.003000000026077032
		endloop
	endfacet
	facet normal 0.33027706173760474 0.943884030212385 0
		outer loop
			vertex 0.021858058869838715 0.031149515882134438 0
			vertex 0.02196373976767063 0.031112536787986755 0.003000000026077032
			vertex 0.02196373976767063 0.031112536787986755 0
		endloop
	endfacet
	facet normal 0.5320355982757113 0.84672198634936 0
		outer loop
			vertex 0.021763255819678307 0.031209085136651993 0
			vertex 0.021763255819678307 0.031209085136651993 0.003000000026077032
			vertex 0.021858058869838715 0.031149515882134438 0.003000000026077032
		endloop
	endfacet
	facet normal 0.5320355982757113 0.84672198634936 0
		outer loop
			vertex 0.021763255819678307 0.031209085136651993 0
			vertex 0.021858058869838715 0.031149515882134438 0.003000000026077032
			vertex 0.021858058869838715 0.031149515882134438 0
		endloop
	endfacet
	facet normal 0.7070984631150475 0.707115099160199 0
		outer loop
			vertex 0.021684084087610245 0.031288255006074905 0
			vertex 0.021684084087610245 0.031288255006074905 0.003000000026077032
			vertex 0.021763255819678307 0.031209085136651993 0.003000000026077032
		endloop
	endfacet
	facet normal 0.7070984631150475 0.707115099160199 0
		outer loop
			vertex 0.021684084087610245 0.031288255006074905 0
			vertex 0.021763255819678307 0.031209085136651993 0.003000000026077032
			vertex 0.021763255819678307 0.031209085136651993 0
		endloop
	endfacet
	facet normal 0.846726695264452 0.5320281040758466 0
		outer loop
			vertex 0.02162451483309269 0.03138305991888046 0
			vertex 0.02162451483309269 0.03138305991888046 0.003000000026077032
			vertex 0.021684084087610245 0.031288255006074905 0.003000000026077032
		endloop
	endfacet
	facet normal 0.846726695264452 0.5320281040758466 0
		outer loop
			vertex 0.02162451483309269 0.03138305991888046 0
			vertex 0.021684084087610245 0.031288255006074905 0.003000000026077032
			vertex 0.021684084087610245 0.031288255006074905 0
		endloop
	endfacet
	facet normal 0.9438822154518606 0.3302822480147664 0
		outer loop
			vertex 0.021587535738945007 0.03148873895406723 0
			vertex 0.021587535738945007 0.03148873895406723 0.003000000026077032
			vertex 0.02162451483309269 0.03138305991888046 0.003000000026077032
		endloop
	endfacet
	facet normal 0.9438822154518606 0.3302822480147664 0
		outer loop
			vertex 0.021587535738945007 0.03148873895406723 0
			vertex 0.02162451483309269 0.03138305991888046 0.003000000026077032
			vertex 0.02162451483309269 0.03138305991888046 0
		endloop
	endfacet
	facet normal 0.9937125431451229 0.111961518371504 0
		outer loop
			vertex 0.021575000137090683 0.031599998474121094 0
			vertex 0.021575000137090683 0.031599998474121094 0.003000000026077032
			vertex 0.021587535738945007 0.03148873895406723 0.003000000026077032
		endloop
	endfacet
	facet normal 0.9937125431451229 0.111961518371504 0
		outer loop
			vertex 0.021575000137090683 0.031599998474121094 0
			vertex 0.021587535738945007 0.03148873895406723 0.003000000026077032
			vertex 0.021587535738945007 0.03148873895406723 0
		endloop
	endfacet
	facet normal 0.9937124975030688 -0.11196192346603323 0
		outer loop
			vertex 0.0025375359691679478 0.04471126198768616 0
			vertex 0.002524999901652336 0.044599998742341995 0.003000000026077032
			vertex 0.002524999901652336 0.044599998742341995 0
		endloop
	endfacet
	facet normal 0.9937124975030688 -0.11196192346603323 0
		outer loop
			vertex 0.0025375359691679478 0.04471126198768616 0
			vertex 0.0025375359691679478 0.04471126198768616 0.003000000026077032
			vertex 0.002524999901652336 0.044599998742341995 0.003000000026077032
		endloop
	endfacet
	facet normal 0.9438809188579648 -0.3302859534037805 0
		outer loop
			vertex 0.0025745155289769173 0.044816941022872925 0
			vertex 0.0025745155289769173 0.044816941022872925 0.003000000026077032
			vertex 0.0025375359691679478 0.04471126198768616 0.003000000026077032
		endloop
	endfacet
	facet normal 0.9438809188579648 -0.3302859534037805 0
		outer loop
			vertex 0.0025745155289769173 0.044816941022872925 0
			vertex 0.0025375359691679478 0.04471126198768616 0.003000000026077032
			vertex 0.0025375359691679478 0.04471126198768616 0
		endloop
	endfacet
	facet normal 0.8467285687921327 -0.5320251223309166 0
		outer loop
			vertex 0.002634084317833185 0.04491174593567848 0
			vertex 0.002634084317833185 0.04491174593567848 0.003000000026077032
			vertex 0.0025745155289769173 0.044816941022872925 0.003000000026077032
		endloop
	endfacet
	facet normal 0.8467285687921327 -0.5320251223309166 0
		outer loop
			vertex 0.002634084317833185 0.04491174593567848 0
			vertex 0.0025745155289769173 0.044816941022872925 0.003000000026077032
			vertex 0.0025745155289769173 0.044816941022872925 0
		endloop
	endfacet
	facet normal 0.707102622138566 -0.7071109402100667 0
		outer loop
			vertex 0.0027132551185786724 0.044990915805101395 0
			vertex 0.0027132551185786724 0.044990915805101395 0.003000000026077032
			vertex 0.002634084317833185 0.04491174593567848 0.003000000026077032
		endloop
	endfacet
	facet normal 0.707102622138566 -0.7071109402100667 0
		outer loop
			vertex 0.0027132551185786724 0.044990915805101395 0
			vertex 0.002634084317833185 0.04491174593567848 0.003000000026077032
			vertex 0.002634084317833185 0.04491174593567848 0
		endloop
	endfacet
	facet normal 0.5320236711418856 -0.8467294806162775 0
		outer loop
			vertex 0.0028080581687390804 0.0450504831969738 0
			vertex 0.0028080581687390804 0.0450504831969738 0.003000000026077032
			vertex 0.0027132551185786724 0.044990915805101395 0.003000000026077032
		endloop
	endfacet
	facet normal 0.5320236711418856 -0.8467294806162775 0
		outer loop
			vertex 0.0028080581687390804 0.0450504831969738 0
			vertex 0.0027132551185786724 0.044990915805101395 0.003000000026077032
			vertex 0.0027132551185786724 0.044990915805101395 0
		endloop
	endfacet
	facet normal 0.3302905864369675 -0.9438792976388051 0
		outer loop
			vertex 0.0029137395322322845 0.04508746415376663 0
			vertex 0.0029137395322322845 0.04508746415376663 0.003000000026077032
			vertex 0.0028080581687390804 0.0450504831969738 0.003000000026077032
		endloop
	endfacet
	facet normal 0.3302905864369675 -0.9438792976388051 0
		outer loop
			vertex 0.0029137395322322845 0.04508746415376663 0
			vertex 0.0028080581687390804 0.0450504831969738 0.003000000026077032
			vertex 0.0028080581687390804 0.0450504831969738 0
		endloop
	endfacet
	facet normal 0.11196059292844188 -0.9937126474142874 0
		outer loop
			vertex 0.0030249999836087227 0.045099999755620956 0
			vertex 0.0030249999836087227 0.045099999755620956 0.003000000026077032
			vertex 0.0029137395322322845 0.04508746415376663 0.003000000026077032
		endloop
	endfacet
	facet normal 0.11196059292844188 -0.9937126474142874 0
		outer loop
			vertex 0.0030249999836087227 0.045099999755620956 0
			vertex 0.0029137395322322845 0.04508746415376663 0.003000000026077032
			vertex 0.0029137395322322845 0.04508746415376663 0
		endloop
	endfacet
	facet normal 0 -1 0
		outer loop
			vertex 0.01602499932050705 0.045099999755620956 0.003000000026077032
			vertex 0.0030249999836087227 0.045099999755620956 0.003000000026077032
			vertex 0.0030249999836087227 0.045099999755620956 0
		endloop
	endfacet
	facet normal 0 -1 0
		outer loop
			vertex 0.01602499932050705 0.045099999755620956 0.003000000026077032
			vertex 0.0030249999836087227 0.045099999755620956 0
			vertex 0.01602499932050705 0.045099999755620956 0
		endloop
	endfacet
	facet normal -0.11195966750058142 -0.9937127516808664 0
		outer loop
			vertex 0.016136260703206062 0.04508746415376663 0
			vertex 0.01602499932050705 0.045099999755620956 0.003000000026077032
			vertex 0.01602499932050705 0.045099999755620956 0
		endloop
	endfacet
	facet normal -0.11195966750058142 -0.9937127516808664 0
		outer loop
			vertex 0.016136260703206062 0.04508746415376663 0
			vertex 0.016136260703206062 0.04508746415376663 0.003000000026077032
			vertex 0.01602499932050705 0.045099999755620956 0.003000000026077032
		endloop
	endfacet
	facet normal -0.330291883026301 -0.9438788439238059 0
		outer loop
			vertex 0.01624194160103798 0.0450504831969738 0
			vertex 0.01624194160103798 0.0450504831969738 0.003000000026077032
			vertex 0.016136260703206062 0.04508746415376663 0.003000000026077032
		endloop
	endfacet
	facet normal -0.330291883026301 -0.9438788439238059 0
		outer loop
			vertex 0.01624194160103798 0.0450504831969738 0
			vertex 0.016136260703206062 0.04508746415376663 0.003000000026077032
			vertex 0.016136260703206062 0.04508746415376663 0
		endloop
	endfacet
	facet normal -0.5320236711418856 -0.8467294806162775 0
		outer loop
			vertex 0.016336744651198387 0.044990915805101395 0
			vertex 0.016336744651198387 0.044990915805101395 0.003000000026077032
			vertex 0.01624194160103798 0.0450504831969738 0.003000000026077032
		endloop
	endfacet
	facet normal -0.5320236711418856 -0.8467294806162775 0
		outer loop
			vertex 0.016336744651198387 0.044990915805101395 0
			vertex 0.01624194160103798 0.0450504831969738 0.003000000026077032
			vertex 0.01624194160103798 0.0450504831969738 0
		endloop
	endfacet
	facet normal -0.7070984631150475 -0.707115099160199 0
		outer loop
			vertex 0.01641591638326645 0.04491174593567848 0
			vertex 0.01641591638326645 0.04491174593567848 0.003000000026077032
			vertex 0.016336744651198387 0.044990915805101395 0.003000000026077032
		endloop
	endfacet
	facet normal -0.7070984631150475 -0.707115099160199 0
		outer loop
			vertex 0.01641591638326645 0.04491174593567848 0
			vertex 0.016336744651198387 0.044990915805101395 0.003000000026077032
			vertex 0.016336744651198387 0.044990915805101395 0
		endloop
	endfacet
	facet normal -0.846734189361918 -0.5320161769773692 0
		outer loop
			vertex 0.016475483775138855 0.044816941022872925 0
			vertex 0.016475483775138855 0.044816941022872925 0.003000000026077032
			vertex 0.01641591638326645 0.04491174593567848 0.003000000026077032
		endloop
	endfacet
	facet normal -0.846734189361918 -0.5320161769773692 0
		outer loop
			vertex 0.016475483775138855 0.044816941022872925 0
			vertex 0.01641591638326645 0.04491174593567848 0.003000000026077032
			vertex 0.01641591638326645 0.04491174593567848 0
		endloop
	endfacet
	facet normal -0.9438770290103746 -0.3302970694792015 0
		outer loop
			vertex 0.016512464731931686 0.04471126198768616 0
			vertex 0.016512464731931686 0.04471126198768616 0.003000000026077032
			vertex 0.016475483775138855 0.044816941022872925 0.003000000026077032
		endloop
	endfacet
	facet normal -0.9438770290103746 -0.3302970694792015 0
		outer loop
			vertex 0.016512464731931686 0.04471126198768616 0
			vertex 0.016475483775138855 0.044816941022872925 0.003000000026077032
			vertex 0.016475483775138855 0.044816941022872925 0
		endloop
	endfacet
	facet normal -0.9937129602062683 -0.11195781669046416 0
		outer loop
			vertex 0.01652500033378601 0.044599998742341995 0
			vertex 0.01652500033378601 0.044599998742341995 0.003000000026077032
			vertex 0.016512464731931686 0.04471126198768616 0.003000000026077032
		endloop
	endfacet
	facet normal -0.9937129602062683 -0.11195781669046416 0
		outer loop
			vertex 0.01652500033378601 0.044599998742341995 0
			vertex 0.016512464731931686 0.04471126198768616 0.003000000026077032
			vertex 0.016512464731931686 0.04471126198768616 0
		endloop
	endfacet
	facet normal -1 0 0
		outer loop
			vertex 0.01652500033378601 0.044599998742341995 0
			vertex 0.01652500033378601 0.031599998474121094 0.003000000026077032
			vertex 0.01652500033378601 0.044599998742341995 0.003000000026077032
		endloop
	endfacet
	facet normal -1 0 0
		outer loop
			vertex 0.01652500033378601 0.044599998742341995 0
			vertex 0.01652500033378601 0.031599998474121094 0
			vertex 0.01652500033378601 0.031599998474121094 0.003000000026077032
		endloop
	endfacet
	facet normal -0.9937125431451229 0.111961518371504 0
		outer loop
			vertex 0.016512464731931686 0.03148873895406723 0
			vertex 0.01652500033378601 0.031599998474121094 0.003000000026077032
			vertex 0.01652500033378601 0.031599998474121094 0
		endloop
	endfacet
	facet normal -0.9937125431451229 0.111961518371504 0
		outer loop
			vertex 0.016512464731931686 0.03148873895406723 0
			vertex 0.016512464731931686 0.03148873895406723 0.003000000026077032
			vertex 0.01652500033378601 0.031599998474121094 0.003000000026077032
		endloop
	endfacet
	facet normal -0.9438770290103746 0.3302970694792015 0
		outer loop
			vertex 0.016475483775138855 0.03138305991888046 0
			vertex 0.016475483775138855 0.03138305991888046 0.003000000026077032
			vertex 0.016512464731931686 0.03148873895406723 0.003000000026077032
		endloop
	endfacet
	facet normal -0.9438770290103746 0.3302970694792015 0
		outer loop
			vertex 0.016475483775138855 0.03138305991888046 0
			vertex 0.016512464731931686 0.03148873895406723 0.003000000026077032
			vertex 0.016512464731931686 0.03148873895406723 0
		endloop
	endfacet
	facet normal -0.846734189361918 0.5320161769773692 0
		outer loop
			vertex 0.01641591638326645 0.031288255006074905 0
			vertex 0.01641591638326645 0.031288255006074905 0.003000000026077032
			vertex 0.016475483775138855 0.03138305991888046 0.003000000026077032
		endloop
	endfacet
	facet normal -0.846734189361918 0.5320161769773692 0
		outer loop
			vertex 0.01641591638326645 0.031288255006074905 0
			vertex 0.016475483775138855 0.03138305991888046 0.003000000026077032
			vertex 0.016475483775138855 0.03138305991888046 0
		endloop
	endfacet
	facet normal -0.7070984631150475 0.707115099160199 0
		outer loop
			vertex 0.016336744651198387 0.031209085136651993 0
			vertex 0.016336744651198387 0.031209085136651993 0.003000000026077032
			vertex 0.01641591638326645 0.031288255006074905 0.003000000026077032
		endloop
	endfacet
	facet normal -0.7070984631150475 0.707115099160199 0
		outer loop
			vertex 0.016336744651198387 0.031209085136651993 0
			vertex 0.01641591638326645 0.031288255006074905 0.003000000026077032
			vertex 0.01641591638326645 0.031288255006074905 0
		endloop
	endfacet
	facet normal -0.5320355982757113 0.84672198634936 0
		outer loop
			vertex 0.01624194160103798 0.031149515882134438 0
			vertex 0.01624194160103798 0.031149515882134438 0.003000000026077032
			vertex 0.016336744651198387 0.031209085136651993 0.003000000026077032
		endloop
	endfacet
	facet normal -0.5320355982757113 0.84672198634936 0
		outer loop
			vertex 0.01624194160103798 0.031149515882134438 0
			vertex 0.016336744651198387 0.031209085136651993 0.003000000026077032
			vertex 0.016336744651198387 0.031209085136651993 0
		endloop
	endfacet
	facet normal -0.33027706173760474 0.943884030212385 0
		outer loop
			vertex 0.016136260703206062 0.031112536787986755 0
			vertex 0.016136260703206062 0.031112536787986755 0.003000000026077032
			vertex 0.01624194160103798 0.031149515882134438 0.003000000026077032
		endloop
	endfacet
	facet normal -0.33027706173760474 0.943884030212385 0
		outer loop
			vertex 0.016136260703206062 0.031112536787986755 0
			vertex 0.01624194160103798 0.031149515882134438 0.003000000026077032
			vertex 0.01624194160103798 0.031149515882134438 0
		endloop
	endfacet
	facet normal -0.1119760948331011 0.9937109007080119 0
		outer loop
			vertex 0.01602499932050705 0.031099999323487282 0
			vertex 0.01602499932050705 0.031099999323487282 0.003000000026077032
			vertex 0.016136260703206062 0.031112536787986755 0.003000000026077032
		endloop
	endfacet
	facet normal -0.1119760948331011 0.9937109007080119 0
		outer loop
			vertex 0.01602499932050705 0.031099999323487282 0
			vertex 0.016136260703206062 0.031112536787986755 0.003000000026077032
			vertex 0.016136260703206062 0.031112536787986755 0
		endloop
	endfacet
	facet normal 0 1 0
		outer loop
			vertex 0.01602499932050705 0.031099999323487282 0.003000000026077032
			vertex 0.01602499932050705 0.031099999323487282 0
			vertex 0.0030249999836087227 0.031099999323487282 0
		endloop
	endfacet
	facet normal 0 1 0
		outer loop
			vertex 0.01602499932050705 0.031099999323487282 0.003000000026077032
			vertex 0.0030249999836087227 0.031099999323487282 0
			vertex 0.0030249999836087227 0.031099999323487282 0.003000000026077032
		endloop
	endfacet
	facet normal 0.11197702039329727 0.9937107964110279 0
		outer loop
			vertex 0.0029137395322322845 0.031112536787986755 0
			vertex 0.0030249999836087227 0.031099999323487282 0.003000000026077032
			vertex 0.0030249999836087227 0.031099999323487282 0
		endloop
	endfacet
	facet normal 0.11197702039329727 0.9937107964110279 0
		outer loop
			vertex 0.0029137395322322845 0.031112536787986755 0
			vertex 0.0029137395322322845 0.031112536787986755 0.003000000026077032
			vertex 0.0030249999836087227 0.031099999323487282 0.003000000026077032
		endloop
	endfacet
	facet normal 0.33027576519220553 0.9438844838891585 0
		outer loop
			vertex 0.0028080581687390804 0.031149515882134438 0
			vertex 0.0028080581687390804 0.031149515882134438 0.003000000026077032
			vertex 0.0029137395322322845 0.031112536787986755 0.003000000026077032
		endloop
	endfacet
	facet normal 0.33027576519220553 0.9438844838891585 0
		outer loop
			vertex 0.0028080581687390804 0.031149515882134438 0
			vertex 0.0029137395322322845 0.031112536787986755 0.003000000026077032
			vertex 0.0029137395322322845 0.031112536787986755 0
		endloop
	endfacet
	facet normal 0.5320355982757113 0.84672198634936 0
		outer loop
			vertex 0.0027132551185786724 0.031209085136651993 0
			vertex 0.0027132551185786724 0.031209085136651993 0.003000000026077032
			vertex 0.0028080581687390804 0.031149515882134438 0.003000000026077032
		endloop
	endfacet
	facet normal 0.5320355982757113 0.84672198634936 0
		outer loop
			vertex 0.0027132551185786724 0.031209085136651993 0
			vertex 0.0028080581687390804 0.031149515882134438 0.003000000026077032
			vertex 0.0028080581687390804 0.031149515882134438 0
		endloop
	endfacet
	facet normal 0.707102622138566 0.7071109402100667 0
		outer loop
			vertex 0.002634084317833185 0.031288255006074905 0
			vertex 0.002634084317833185 0.031288255006074905 0.003000000026077032
			vertex 0.0027132551185786724 0.031209085136651993 0.003000000026077032
		endloop
	endfacet
	facet normal 0.707102622138566 0.7071109402100667 0
		outer loop
			vertex 0.002634084317833185 0.031288255006074905 0
			vertex 0.0027132551185786724 0.031209085136651993 0.003000000026077032
			vertex 0.0027132551185786724 0.031209085136651993 0
		endloop
	endfacet
	facet normal 0.8467285687921327 0.5320251223309166 0
		outer loop
			vertex 0.0025745155289769173 0.03138305991888046 0
			vertex 0.0025745155289769173 0.03138305991888046 0.003000000026077032
			vertex 0.002634084317833185 0.031288255006074905 0.003000000026077032
		endloop
	endfacet
	facet normal 0.8467285687921327 0.5320251223309166 0
		outer loop
			vertex 0.0025745155289769173 0.03138305991888046 0
			vertex 0.002634084317833185 0.031288255006074905 0.003000000026077032
			vertex 0.002634084317833185 0.031288255006074905 0
		endloop
	endfacet
	facet normal 0.9438809188579648 0.3302859534037805 0
		outer loop
			vertex 0.0025375359691679478 0.03148873895406723 0
			vertex 0.0025375359691679478 0.03148873895406723 0.003000000026077032
			vertex 0.0025745155289769173 0.03138305991888046 0.003000000026077032
		endloop
	endfacet
	facet normal 0.9438809188579648 0.3302859534037805 0
		outer loop
			vertex 0.0025375359691679478 0.03148873895406723 0
			vertex 0.0025745155289769173 0.03138305991888046 0.003000000026077032
			vertex 0.0025745155289769173 0.03138305991888046 0
		endloop
	endfacet
	facet normal 0.9937120804115199 0.11196562527940855 0
		outer loop
			vertex 0.002524999901652336 0.031599998474121094 0
			vertex 0.002524999901652336 0.031599998474121094 0.003000000026077032
			vertex 0.0025375359691679478 0.03148873895406723 0.003000000026077032
		endloop
	endfacet
	facet normal 0.9937120804115199 0.11196562527940855 0
		outer loop
			vertex 0.002524999901652336 0.031599998474121094 0
			vertex 0.0025375359691679478 0.03148873895406723 0.003000000026077032
			vertex 0.0025375359691679478 0.03148873895406723 0
		endloop
	endfacet
	facet normal 0.9937129602062683 -0.11195781669046416 0
		outer loop
			vertex -0.016512464731931686 0.04471126198768616 0
			vertex -0.01652500033378601 0.044599998742341995 0.003000000026077032
			vertex -0.01652500033378601 0.044599998742341995 0
		endloop
	endfacet
	facet normal 0.9937129602062683 -0.11195781669046416 0
		outer loop
			vertex -0.016512464731931686 0.04471126198768616 0
			vertex -0.016512464731931686 0.04471126198768616 0.003000000026077032
			vertex -0.01652500033378601 0.044599998742341995 0.003000000026077032
		endloop
	endfacet
	facet normal 0.9438770290103746 -0.3302970694792015 0
		outer loop
			vertex -0.016475483775138855 0.044816941022872925 0
			vertex -0.016475483775138855 0.044816941022872925 0.003000000026077032
			vertex -0.016512464731931686 0.04471126198768616 0.003000000026077032
		endloop
	endfacet
	facet normal 0.9438770290103746 -0.3302970694792015 0
		outer loop
			vertex -0.016475483775138855 0.044816941022872925 0
			vertex -0.016512464731931686 0.04471126198768616 0.003000000026077032
			vertex -0.016512464731931686 0.04471126198768616 0
		endloop
	endfacet
	facet normal 0.846734189361918 -0.5320161769773692 0
		outer loop
			vertex -0.01641591638326645 0.04491174593567848 0
			vertex -0.01641591638326645 0.04491174593567848 0.003000000026077032
			vertex -0.016475483775138855 0.044816941022872925 0.003000000026077032
		endloop
	endfacet
	facet normal 0.846734189361918 -0.5320161769773692 0
		outer loop
			vertex -0.01641591638326645 0.04491174593567848 0
			vertex -0.016475483775138855 0.044816941022872925 0.003000000026077032
			vertex -0.016475483775138855 0.044816941022872925 0
		endloop
	endfacet
	facet normal 0.7070984631150475 -0.707115099160199 0
		outer loop
			vertex -0.016336744651198387 0.044990915805101395 0
			vertex -0.016336744651198387 0.044990915805101395 0.003000000026077032
			vertex -0.01641591638326645 0.04491174593567848 0.003000000026077032
		endloop
	endfacet
	facet normal 0.7070984631150475 -0.707115099160199 0
		outer loop
			vertex -0.016336744651198387 0.044990915805101395 0
			vertex -0.01641591638326645 0.04491174593567848 0.003000000026077032
			vertex -0.01641591638326645 0.04491174593567848 0
		endloop
	endfacet
	facet normal 0.5320236711418856 -0.8467294806162775 0
		outer loop
			vertex -0.01624194160103798 0.0450504831969738 0
			vertex -0.01624194160103798 0.0450504831969738 0.003000000026077032
			vertex -0.016336744651198387 0.044990915805101395 0.003000000026077032
		endloop
	endfacet
	facet normal 0.5320236711418856 -0.8467294806162775 0
		outer loop
			vertex -0.01624194160103798 0.0450504831969738 0
			vertex -0.016336744651198387 0.044990915805101395 0.003000000026077032
			vertex -0.016336744651198387 0.044990915805101395 0
		endloop
	endfacet
	facet normal 0.330291883026301 -0.9438788439238059 0
		outer loop
			vertex -0.016136260703206062 0.04508746415376663 0
			vertex -0.016136260703206062 0.04508746415376663 0.003000000026077032
			vertex -0.01624194160103798 0.0450504831969738 0.003000000026077032
		endloop
	endfacet
	facet normal 0.330291883026301 -0.9438788439238059 0
		outer loop
			vertex -0.016136260703206062 0.04508746415376663 0
			vertex -0.01624194160103798 0.0450504831969738 0.003000000026077032
			vertex -0.01624194160103798 0.0450504831969738 0
		endloop
	endfacet
	facet normal 0.11195966750058142 -0.9937127516808664 0
		outer loop
			vertex -0.01602499932050705 0.045099999755620956 0
			vertex -0.01602499932050705 0.045099999755620956 0.003000000026077032
			vertex -0.016136260703206062 0.04508746415376663 0.003000000026077032
		endloop
	endfacet
	facet normal 0.11195966750058142 -0.9937127516808664 0
		outer loop
			vertex -0.01602499932050705 0.045099999755620956 0
			vertex -0.016136260703206062 0.04508746415376663 0.003000000026077032
			vertex -0.016136260703206062 0.04508746415376663 0
		endloop
	endfacet
	facet normal 0 -1 0
		outer loop
			vertex -0.0030249999836087227 0.045099999755620956 0.003000000026077032
			vertex -0.01602499932050705 0.045099999755620956 0.003000000026077032
			vertex -0.01602499932050705 0.045099999755620956 0
		endloop
	endfacet
	facet normal 0 -1 0
		outer loop
			vertex -0.0030249999836087227 0.045099999755620956 0.003000000026077032
			vertex -0.01602499932050705 0.045099999755620956 0
			vertex -0.0030249999836087227 0.045099999755620956 0
		endloop
	endfacet
	facet normal -0.11196059292844188 -0.9937126474142874 0
		outer loop
			vertex -0.0029137395322322845 0.04508746415376663 0
			vertex -0.0030249999836087227 0.045099999755620956 0.003000000026077032
			vertex -0.0030249999836087227 0.045099999755620956 0
		endloop
	endfacet
	facet normal -0.11196059292844188 -0.9937126474142874 0
		outer loop
			vertex -0.0029137395322322845 0.04508746415376663 0
			vertex -0.0029137395322322845 0.04508746415376663 0.003000000026077032
			vertex -0.0030249999836087227 0.045099999755620956 0.003000000026077032
		endloop
	endfacet
	facet normal -0.3302905864369675 -0.9438792976388051 0
		outer loop
			vertex -0.0028080581687390804 0.0450504831969738 0
			vertex -0.0028080581687390804 0.0450504831969738 0.003000000026077032
			vertex -0.0029137395322322845 0.04508746415376663 0.003000000026077032
		endloop
	endfacet
	facet normal -0.3302905864369675 -0.9438792976388051 0
		outer loop
			vertex -0.0028080581687390804 0.0450504831969738 0
			vertex -0.0029137395322322845 0.04508746415376663 0.003000000026077032
			vertex -0.0029137395322322845 0.04508746415376663 0
		endloop
	endfacet
	facet normal -0.5320236711418856 -0.8467294806162775 0
		outer loop
			vertex -0.0027132551185786724 0.044990915805101395 0
			vertex -0.0027132551185786724 0.044990915805101395 0.003000000026077032
			vertex -0.0028080581687390804 0.0450504831969738 0.003000000026077032
		endloop
	endfacet
	facet normal -0.5320236711418856 -0.8467294806162775 0
		outer loop
			vertex -0.0027132551185786724 0.044990915805101395 0
			vertex -0.0028080581687390804 0.0450504831969738 0.003000000026077032
			vertex -0.0028080581687390804 0.0450504831969738 0
		endloop
	endfacet
	facet normal -0.707102622138566 -0.7071109402100667 0
		outer loop
			vertex -0.002634084317833185 0.04491174593567848 0
			vertex -0.002634084317833185 0.04491174593567848 0.003000000026077032
			vertex -0.0027132551185786724 0.044990915805101395 0.003000000026077032
		endloop
	endfacet
	facet normal -0.707102622138566 -0.7071109402100667 0
		outer loop
			vertex -0.002634084317833185 0.04491174593567848 0
			vertex -0.0027132551185786724 0.044990915805101395 0.003000000026077032
			vertex -0.0027132551185786724 0.044990915805101395 0
		endloop
	endfacet
	facet normal -0.8467285687921327 -0.5320251223309166 0
		outer loop
			vertex -0.0025745155289769173 0.044816941022872925 0
			vertex -0.0025745155289769173 0.044816941022872925 0.003000000026077032
			vertex -0.002634084317833185 0.04491174593567848 0.003000000026077032
		endloop
	endfacet
	facet normal -0.8467285687921327 -0.5320251223309166 0
		outer loop
			vertex -0.0025745155289769173 0.044816941022872925 0
			vertex -0.002634084317833185 0.04491174593567848 0.003000000026077032
			vertex -0.002634084317833185 0.04491174593567848 0
		endloop
	endfacet
	facet normal -0.9438809188579648 -0.3302859534037805 0
		outer loop
			vertex -0.0025375359691679478 0.04471126198768616 0
			vertex -0.0025375359691679478 0.04471126198768616 0.003000000026077032
			vertex -0.0025745155289769173 0.044816941022872925 0.003000000026077032
		endloop
	endfacet
	facet normal -0.9438809188579648 -0.3302859534037805 0
		outer loop
			vertex -0.0025375359691679478 0.04471126198768616 0
			vertex -0.0025745155289769173 0.044816941022872925 0.003000000026077032
			vertex -0.0025745155289769173 0.044816941022872925 0
		endloop
	endfacet
	facet normal -0.9937124975030688 -0.11196192346603323 0
		outer loop
			vertex -0.002524999901652336 0.044599998742341995 0
			vertex -0.002524999901652336 0.044599998742341995 0.003000000026077032
			vertex -0.0025375359691679478 0.04471126198768616 0.003000000026077032
		endloop
	endfacet
	facet normal -0.9937124975030688 -0.11196192346603323 0
		outer loop
			vertex -0.002524999901652336 0.044599998742341995 0
			vertex -0.0025375359691679478 0.04471126198768616 0.003000000026077032
			vertex -0.0025375359691679478 0.04471126198768616 0
		endloop
	endfacet
	facet normal -1 0 0
		outer loop
			vertex -0.002524999901652336 0.044599998742341995 0
			vertex -0.002524999901652336 0.031599998474121094 0.003000000026077032
			vertex -0.002524999901652336 0.044599998742341995 0.003000000026077032
		endloop
	endfacet
	facet normal -1 0 0
		outer loop
			vertex -0.002524999901652336 0.044599998742341995 0
			vertex -0.002524999901652336 0.031599998474121094 0
			vertex -0.002524999901652336 0.031599998474121094 0.003000000026077032
		endloop
	endfacet
	facet normal -0.9937120804115199 0.11196562527940855 0
		outer loop
			vertex -0.0025375359691679478 0.03148873895406723 0
			vertex -0.002524999901652336 0.031599998474121094 0.003000000026077032
			vertex -0.002524999901652336 0.031599998474121094 0
		endloop
	endfacet
	facet normal -0.9937120804115199 0.11196562527940855 0
		outer loop
			vertex -0.0025375359691679478 0.03148873895406723 0
			vertex -0.0025375359691679478 0.03148873895406723 0.003000000026077032
			vertex -0.002524999901652336 0.031599998474121094 0.003000000026077032
		endloop
	endfacet
	facet normal -0.9438809188579648 0.3302859534037805 0
		outer loop
			vertex -0.0025745155289769173 0.03138305991888046 0
			vertex -0.0025745155289769173 0.03138305991888046 0.003000000026077032
			vertex -0.0025375359691679478 0.03148873895406723 0.003000000026077032
		endloop
	endfacet
	facet normal -0.9438809188579648 0.3302859534037805 0
		outer loop
			vertex -0.0025745155289769173 0.03138305991888046 0
			vertex -0.0025375359691679478 0.03148873895406723 0.003000000026077032
			vertex -0.0025375359691679478 0.03148873895406723 0
		endloop
	endfacet
	facet normal -0.8467285687921327 0.5320251223309166 0
		outer loop
			vertex -0.002634084317833185 0.031288255006074905 0
			vertex -0.002634084317833185 0.031288255006074905 0.003000000026077032
			vertex -0.0025745155289769173 0.03138305991888046 0.003000000026077032
		endloop
	endfacet
	facet normal -0.8467285687921327 0.5320251223309166 0
		outer loop
			vertex -0.002634084317833185 0.031288255006074905 0
			vertex -0.0025745155289769173 0.03138305991888046 0.003000000026077032
			vertex -0.0025745155289769173 0.03138305991888046 0
		endloop
	endfacet
	facet normal -0.707102622138566 0.7071109402100667 0
		outer loop
			vertex -0.0027132551185786724 0.031209085136651993 0
			vertex -0.0027132551185786724 0.031209085136651993 0.003000000026077032
			vertex -0.002634084317833185 0.031288255006074905 0.003000000026077032
		endloop
	endfacet
	facet normal -0.707102622138566 0.7071109402100667 0
		outer loop
			vertex -0.0027132551185786724 0.031209085136651993 0
			vertex -0.002634084317833185 0.031288255006074905 0.003000000026077032
			vertex -0.002634084317833185 0.031288255006074905 0
		endloop
	endfacet
	facet normal -0.5320355982757113 0.84672198634936 0
		outer loop
			vertex -0.0028080581687390804 0.031149515882134438 0
			vertex -0.0028080581687390804 0.031149515882134438 0.003000000026077032
			vertex -0.0027132551185786724 0.031209085136651993 0.003000000026077032
		endloop
	endfacet
	facet normal -0.5320355982757113 0.84672198634936 0
		outer loop
			vertex -0.0028080581687390804 0.031149515882134438 0
			vertex -0.0027132551185786724 0.031209085136651993 0.003000000026077032
			vertex -0.0027132551185786724 0.031209085136651993 0
		endloop
	endfacet
	facet normal -0.33027576519220553 0.9438844838891585 0
		outer loop
			vertex -0.0029137395322322845 0.031112536787986755 0
			vertex -0.0029137395322322845 0.031112536787986755 0.003000000026077032
			vertex -0.0028080581687390804 0.031149515882134438 0.003000000026077032
		endloop
	endfacet
	facet normal -0.33027576519220553 0.9438844838891585 0
		outer loop
			vertex -0.0029137395322322845 0.031112536787986755 0
			vertex -0.0028080581687390804 0.031149515882134438 0.003000000026077032
			vertex -0.0028080581687390804 0.031149515882134438 0
		endloop
	endfacet
	facet normal -0.11197702039329727 0.9937107964110279 0
		outer loop
			vertex -0.0030249999836087227 0.031099999323487282 0
			vertex -0.0030249999836087227 0.031099999323487282 0.003000000026077032
			vertex -0.0029137395322322845 0.031112536787986755 0.003000000026077032
		endloop
	endfacet
	facet normal -0.11197702039329727 0.9937107964110279 0
		outer loop
			vertex -0.0030249999836087227 0.031099999323487282 0
			vertex -0.0029137395322322845 0.031112536787986755 0.003000000026077032
			vertex -0.0029137395322322845 0.031112536787986755 0
		endloop
	endfacet
	facet normal 0 1 0
		outer loop
			vertex -0.0030249999836087227 0.031099999323487282 0.003000000026077032
			vertex -0.0030249999836087227 0.031099999323487282 0
			vertex -0.01602499932050705 0.031099999323487282 0
		endloop
	endfacet
	facet normal 0 1 0
		outer loop
			vertex -0.0030249999836087227 0.031099999323487282 0.003000000026077032
			vertex -0.01602499932050705 0.031099999323487282 0
			vertex -0.01602499932050705 0.031099999323487282 0.003000000026077032
		endloop
	endfacet
	facet normal 0.1119760948331011 0.9937109007080119 0
		outer loop
			vertex -0.016136260703206062 0.031112536787986755 0
			vertex -0.01602499932050705 0.031099999323487282 0.003000000026077032
			vertex -0.01602499932050705 0.031099999323487282 0
		endloop
	endfacet
	facet normal 0.1119760948331011 0.9937109007080119 0
		outer loop
			vertex -0.016136260703206062 0.031112536787986755 0
			vertex -0.016136260703206062 0.031112536787986755 0.003000000026077032
			vertex -0.01602499932050705 0.031099999323487282 0.003000000026077032
		endloop
	endfacet
	facet normal 0.33027706173760474 0.943884030212385 0
		outer loop
			vertex -0.01624194160103798 0.031149515882134438 0
			vertex -0.01624194160103798 0.031149515882134438 0.003000000026077032
			vertex -0.016136260703206062 0.031112536787986755 0.003000000026077032
		endloop
	endfacet
	facet normal 0.33027706173760474 0.943884030212385 0
		outer loop
			vertex -0.01624194160103798 0.031149515882134438 0
			vertex -0.016136260703206062 0.031112536787986755 0.003000000026077032
			vertex -0.016136260703206062 0.031112536787986755 0
		endloop
	endfacet
	facet normal 0.5320355982757113 0.84672198634936 0
		outer loop
			vertex -0.016336744651198387 0.031209085136651993 0
			vertex -0.016336744651198387 0.031209085136651993 0.003000000026077032
			vertex -0.01624194160103798 0.031149515882134438 0.003000000026077032
		endloop
	endfacet
	facet normal 0.5320355982757113 0.84672198634936 0
		outer loop
			vertex -0.016336744651198387 0.031209085136651993 0
			vertex -0.01624194160103798 0.031149515882134438 0.003000000026077032
			vertex -0.01624194160103798 0.031149515882134438 0
		endloop
	endfacet
	facet normal 0.7070984631150475 0.707115099160199 0
		outer loop
			vertex -0.01641591638326645 0.031288255006074905 0
			vertex -0.01641591638326645 0.031288255006074905 0.003000000026077032
			vertex -0.016336744651198387 0.031209085136651993 0.003000000026077032
		endloop
	endfacet
	facet normal 0.7070984631150475 0.707115099160199 0
		outer loop
			vertex -0.01641591638326645 0.031288255006074905 0
			vertex -0.016336744651198387 0.031209085136651993 0.003000000026077032
			vertex -0.016336744651198387 0.031209085136651993 0
		endloop
	endfacet
	facet normal 0.846734189361918 0.5320161769773692 0
		outer loop
			vertex -0.016475483775138855 0.03138305991888046 0
			vertex -0.016475483775138855 0.03138305991888046 0.003000000026077032
			vertex -0.01641591638326645 0.031288255006074905 0.003000000026077032
		endloop
	endfacet
	facet normal 0.846734189361918 0.5320161769773692 0
		outer loop
			vertex -0.016475483775138855 0.03138305991888046 0
			vertex -0.01641591638326645 0.031288255006074905 0.003000000026077032
			vertex -0.01641591638326645 0.031288255006074905 0
		endloop
	endfacet
	facet normal 0.9438770290103746 0.3302970694792015 0
		outer loop
			vertex -0.016512464731931686 0.03148873895406723 0
			vertex -0.016512464731931686 0.03148873895406723 0.003000000026077032
			vertex -0.016475483775138855 0.03138305991888046 0.003000000026077032
		endloop
	endfacet
	facet normal 0.9438770290103746 0.3302970694792015 0
		outer loop
			vertex -0.016512464731931686 0.03148873895406723 0
			vertex -0.016475483775138855 0.03138305991888046 0.003000000026077032
			vertex -0.016475483775138855 0.03138305991888046 0
		endloop
	endfacet
	facet normal 0.9937125431451229 0.111961518371504 0
		outer loop
			vertex -0.01652500033378601 0.031599998474121094 0
			vertex -0.01652500033378601 0.031599998474121094 0.003000000026077032
			vertex -0.016512464731931686 0.03148873895406723 0.003000000026077032
		endloop
	endfacet
	facet normal 0.9937125431451229 0.111961518371504 0
		outer loop
			vertex -0.01652500033378601 0.031599998474121094 0
			vertex -0.016512464731931686 0.03148873895406723 0.003000000026077032
			vertex -0.016512464731931686 0.03148873895406723 0
		endloop
	endfacet
	facet normal 0.9937129602062683 -0.11195781669046416 0
		outer loop
			vertex -0.035562463104724884 0.04471126198768616 0
			vertex -0.03557499870657921 0.044599998742341995 0.003000000026077032
			vertex -0.03557499870657921 0.044599998742341995 0
		endloop
	endfacet
	facet normal 0.9937129602062683 -0.11195781669046416 0
		outer loop
			vertex -0.035562463104724884 0.04471126198768616 0
			vertex -0.035562463104724884 0.04471126198768616 0.003000000026077032
			vertex -0.03557499870657921 0.044599998742341995 0.003000000026077032
		endloop
	endfacet
	facet normal 0.943887401717601 -0.3302674263060105 0
		outer loop
			vertex -0.03552548587322235 0.044816941022872925 0
			vertex -0.03552548587322235 0.044816941022872925 0.003000000026077032
			vertex -0.035562463104724884 0.04471126198768616 0.003000000026077032
		endloop
	endfacet
	facet normal 0.943887401717601 -0.3302674263060105 0
		outer loop
			vertex -0.03552548587322235 0.044816941022872925 0
			vertex -0.035562463104724884 0.04471126198768616 0.003000000026077032
			vertex -0.035562463104724884 0.04471126198768616 0
		endloop
	endfacet
	facet normal 0.8467192011316399 -0.532040030857639 0
		outer loop
			vertex -0.03546591475605965 0.04491174593567848 0
			vertex -0.03546591475605965 0.04491174593567848 0.003000000026077032
			vertex -0.03552548587322235 0.044816941022872925 0.003000000026077032
		endloop
	endfacet
	facet normal 0.8467192011316399 -0.532040030857639 0
		outer loop
			vertex -0.03546591475605965 0.04491174593567848 0
			vertex -0.03552548587322235 0.044816941022872925 0.003000000026077032
			vertex -0.03552548587322235 0.044816941022872925 0
		endloop
	endfacet
	facet normal 0.7071067811865476 -0.7071067811865476 0
		outer loop
			vertex -0.035386744886636734 0.044990915805101395 0
			vertex -0.035386744886636734 0.044990915805101395 0.003000000026077032
			vertex -0.03546591475605965 0.04491174593567848 0.003000000026077032
		endloop
	endfacet
	facet normal 0.7071067811865476 -0.7071067811865476 0
		outer loop
			vertex -0.035386744886636734 0.044990915805101395 0
			vertex -0.03546591475605965 0.04491174593567848 0.003000000026077032
			vertex -0.03546591475605965 0.04491174593567848 0
		endloop
	endfacet
	facet normal 0.5320311654758574 -0.8467247716716461 0
		outer loop
			vertex -0.035291943699121475 0.0450504831969738 0
			vertex -0.035291943699121475 0.0450504831969738 0.003000000026077032
			vertex -0.035386744886636734 0.044990915805101395 0.003000000026077032
		endloop
	endfacet
	facet normal 0.5320311654758574 -0.8467247716716461 0
		outer loop
			vertex -0.035291943699121475 0.0450504831969738 0
			vertex -0.035386744886636734 0.044990915805101395 0.003000000026077032
			vertex -0.035386744886636734 0.044990915805101395 0
		endloop
	endfacet
	facet normal 0.33028669672630545 -0.9438806587517437 0
		outer loop
			vertex -0.03518626093864441 0.04508746415376663 0
			vertex -0.03518626093864441 0.04508746415376663 0.003000000026077032
			vertex -0.035291943699121475 0.0450504831969738 0.003000000026077032
		endloop
	endfacet
	facet normal 0.33028669672630545 -0.9438806587517437 0
		outer loop
			vertex -0.03518626093864441 0.04508746415376663 0
			vertex -0.035291943699121475 0.0450504831969738 0.003000000026077032
			vertex -0.035291943699121475 0.0450504831969738 0
		endloop
	endfacet
	facet normal 0.111961518371504 -0.9937125431451229 0
		outer loop
			vertex -0.035075001418590546 0.045099999755620956 0
			vertex -0.035075001418590546 0.045099999755620956 0.003000000026077032
			vertex -0.03518626093864441 0.04508746415376663 0.003000000026077032
		endloop
	endfacet
	facet normal 0.111961518371504 -0.9937125431451229 0
		outer loop
			vertex -0.035075001418590546 0.045099999755620956 0
			vertex -0.03518626093864441 0.04508746415376663 0.003000000026077032
			vertex -0.03518626093864441 0.04508746415376663 0
		endloop
	endfacet
	facet normal 0 -1 0
		outer loop
			vertex -0.022074999287724495 0.045099999755620956 0.003000000026077032
			vertex -0.035075001418590546 0.045099999755620956 0.003000000026077032
			vertex -0.035075001418590546 0.045099999755620956 0
		endloop
	endfacet
	facet normal 0 -1 0
		outer loop
			vertex -0.022074999287724495 0.045099999755620956 0.003000000026077032
			vertex -0.035075001418590546 0.045099999755620956 0
			vertex -0.022074999287724495 0.045099999755620956 0
		endloop
	endfacet
	facet normal -0.111961518371504 -0.9937125431451229 0
		outer loop
			vertex -0.02196373976767063 0.04508746415376663 0
			vertex -0.022074999287724495 0.045099999755620956 0.003000000026077032
			vertex -0.022074999287724495 0.045099999755620956 0
		endloop
	endfacet
	facet normal -0.111961518371504 -0.9937125431451229 0
		outer loop
			vertex -0.02196373976767063 0.04508746415376663 0
			vertex -0.02196373976767063 0.04508746415376663 0.003000000026077032
			vertex -0.022074999287724495 0.045099999755620956 0.003000000026077032
		endloop
	endfacet
	facet normal -0.330291883026301 -0.9438788439238059 0
		outer loop
			vertex -0.021858058869838715 0.0450504831969738 0
			vertex -0.021858058869838715 0.0450504831969738 0.003000000026077032
			vertex -0.02196373976767063 0.04508746415376663 0.003000000026077032
		endloop
	endfacet
	facet normal -0.330291883026301 -0.9438788439238059 0
		outer loop
			vertex -0.021858058869838715 0.0450504831969738 0
			vertex -0.02196373976767063 0.04508746415376663 0.003000000026077032
			vertex -0.02196373976767063 0.04508746415376663 0
		endloop
	endfacet
	facet normal -0.5320236711418856 -0.8467294806162775 0
		outer loop
			vertex -0.021763255819678307 0.044990915805101395 0
			vertex -0.021763255819678307 0.044990915805101395 0.003000000026077032
			vertex -0.021858058869838715 0.0450504831969738 0.003000000026077032
		endloop
	endfacet
	facet normal -0.5320236711418856 -0.8467294806162775 0
		outer loop
			vertex -0.021763255819678307 0.044990915805101395 0
			vertex -0.021858058869838715 0.0450504831969738 0.003000000026077032
			vertex -0.021858058869838715 0.0450504831969738 0
		endloop
	endfacet
	facet normal -0.7070984631150475 -0.707115099160199 0
		outer loop
			vertex -0.021684084087610245 0.04491174593567848 0
			vertex -0.021684084087610245 0.04491174593567848 0.003000000026077032
			vertex -0.021763255819678307 0.044990915805101395 0.003000000026077032
		endloop
	endfacet
	facet normal -0.7070984631150475 -0.707115099160199 0
		outer loop
			vertex -0.021684084087610245 0.04491174593567848 0
			vertex -0.021763255819678307 0.044990915805101395 0.003000000026077032
			vertex -0.021763255819678307 0.044990915805101395 0
		endloop
	endfacet
	facet normal -0.846726695264452 -0.5320281040758466 0
		outer loop
			vertex -0.02162451483309269 0.044816941022872925 0
			vertex -0.02162451483309269 0.044816941022872925 0.003000000026077032
			vertex -0.021684084087610245 0.04491174593567848 0.003000000026077032
		endloop
	endfacet
	facet normal -0.846726695264452 -0.5320281040758466 0
		outer loop
			vertex -0.02162451483309269 0.044816941022872925 0
			vertex -0.021684084087610245 0.04491174593567848 0.003000000026077032
			vertex -0.021684084087610245 0.04491174593567848 0
		endloop
	endfacet
	facet normal -0.9438822154518606 -0.3302822480147664 0
		outer loop
			vertex -0.021587535738945007 0.04471126198768616 0
			vertex -0.021587535738945007 0.04471126198768616 0.003000000026077032
			vertex -0.02162451483309269 0.044816941022872925 0.003000000026077032
		endloop
	endfacet
	facet normal -0.9438822154518606 -0.3302822480147664 0
		outer loop
			vertex -0.021587535738945007 0.04471126198768616 0
			vertex -0.02162451483309269 0.044816941022872925 0.003000000026077032
			vertex -0.02162451483309269 0.044816941022872925 0
		endloop
	endfacet
	facet normal -0.9937129602062683 -0.11195781669046416 0
		outer loop
			vertex -0.021575000137090683 0.044599998742341995 0
			vertex -0.021575000137090683 0.044599998742341995 0.003000000026077032
			vertex -0.021587535738945007 0.04471126198768616 0.003000000026077032
		endloop
	endfacet
	facet normal -0.9937129602062683 -0.11195781669046416 0
		outer loop
			vertex -0.021575000137090683 0.044599998742341995 0
			vertex -0.021587535738945007 0.04471126198768616 0.003000000026077032
			vertex -0.021587535738945007 0.04471126198768616 0
		endloop
	endfacet
	facet normal -1 0 0
		outer loop
			vertex -0.021575000137090683 0.044599998742341995 0
			vertex -0.021575000137090683 0.031599998474121094 0.003000000026077032
			vertex -0.021575000137090683 0.044599998742341995 0.003000000026077032
		endloop
	endfacet
	facet normal -1 0 0
		outer loop
			vertex -0.021575000137090683 0.044599998742341995 0
			vertex -0.021575000137090683 0.031599998474121094 0
			vertex -0.021575000137090683 0.031599998474121094 0.003000000026077032
		endloop
	endfacet
	facet normal -0.9937125431451229 0.111961518371504 0
		outer loop
			vertex -0.021587535738945007 0.03148873895406723 0
			vertex -0.021575000137090683 0.031599998474121094 0.003000000026077032
			vertex -0.021575000137090683 0.031599998474121094 0
		endloop
	endfacet
	facet normal -0.9937125431451229 0.111961518371504 0
		outer loop
			vertex -0.021587535738945007 0.03148873895406723 0
			vertex -0.021587535738945007 0.03148873895406723 0.003000000026077032
			vertex -0.021575000137090683 0.031599998474121094 0.003000000026077032
		endloop
	endfacet
	facet normal -0.9438822154518606 0.3302822480147664 0
		outer loop
			vertex -0.02162451483309269 0.03138305991888046 0
			vertex -0.02162451483309269 0.03138305991888046 0.003000000026077032
			vertex -0.021587535738945007 0.03148873895406723 0.003000000026077032
		endloop
	endfacet
	facet normal -0.9438822154518606 0.3302822480147664 0
		outer loop
			vertex -0.02162451483309269 0.03138305991888046 0
			vertex -0.021587535738945007 0.03148873895406723 0.003000000026077032
			vertex -0.021587535738945007 0.03148873895406723 0
		endloop
	endfacet
	facet normal -0.846726695264452 0.5320281040758466 0
		outer loop
			vertex -0.021684084087610245 0.031288255006074905 0
			vertex -0.021684084087610245 0.031288255006074905 0.003000000026077032
			vertex -0.02162451483309269 0.03138305991888046 0.003000000026077032
		endloop
	endfacet
	facet normal -0.846726695264452 0.5320281040758466 0
		outer loop
			vertex -0.021684084087610245 0.031288255006074905 0
			vertex -0.02162451483309269 0.03138305991888046 0.003000000026077032
			vertex -0.02162451483309269 0.03138305991888046 0
		endloop
	endfacet
	facet normal -0.7070984631150475 0.707115099160199 0
		outer loop
			vertex -0.021763255819678307 0.031209085136651993 0
			vertex -0.021763255819678307 0.031209085136651993 0.003000000026077032
			vertex -0.021684084087610245 0.031288255006074905 0.003000000026077032
		endloop
	endfacet
	facet normal -0.7070984631150475 0.707115099160199 0
		outer loop
			vertex -0.021763255819678307 0.031209085136651993 0
			vertex -0.021684084087610245 0.031288255006074905 0.003000000026077032
			vertex -0.021684084087610245 0.031288255006074905 0
		endloop
	endfacet
	facet normal -0.5320355982757113 0.84672198634936 0
		outer loop
			vertex -0.021858058869838715 0.031149515882134438 0
			vertex -0.021858058869838715 0.031149515882134438 0.003000000026077032
			vertex -0.021763255819678307 0.031209085136651993 0.003000000026077032
		endloop
	endfacet
	facet normal -0.5320355982757113 0.84672198634936 0
		outer loop
			vertex -0.021858058869838715 0.031149515882134438 0
			vertex -0.021763255819678307 0.031209085136651993 0.003000000026077032
			vertex -0.021763255819678307 0.031209085136651993 0
		endloop
	endfacet
	facet normal -0.33027706173760474 0.943884030212385 0
		outer loop
			vertex -0.02196373976767063 0.031112536787986755 0
			vertex -0.02196373976767063 0.031112536787986755 0.003000000026077032
			vertex -0.021858058869838715 0.031149515882134438 0.003000000026077032
		endloop
	endfacet
	facet normal -0.33027706173760474 0.943884030212385 0
		outer loop
			vertex -0.02196373976767063 0.031112536787986755 0
			vertex -0.021858058869838715 0.031149515882134438 0.003000000026077032
			vertex -0.021858058869838715 0.031149515882134438 0
		endloop
	endfacet
	facet normal -0.11197794596869719 0.9937106921114575 0
		outer loop
			vertex -0.022074999287724495 0.031099999323487282 0
			vertex -0.022074999287724495 0.031099999323487282 0.003000000026077032
			vertex -0.02196373976767063 0.031112536787986755 0.003000000026077032
		endloop
	endfacet
	facet normal -0.11197794596869719 0.9937106921114575 0
		outer loop
			vertex -0.022074999287724495 0.031099999323487282 0
			vertex -0.02196373976767063 0.031112536787986755 0.003000000026077032
			vertex -0.02196373976767063 0.031112536787986755 0
		endloop
	endfacet
	facet normal 0 1 0
		outer loop
			vertex -0.022074999287724495 0.031099999323487282 0.003000000026077032
			vertex -0.022074999287724495 0.031099999323487282 0
			vertex -0.035075001418590546 0.031099999323487282 0
		endloop
	endfacet
	facet normal 0 1 0
		outer loop
			vertex -0.022074999287724495 0.031099999323487282 0.003000000026077032
			vertex -0.035075001418590546 0.031099999323487282 0
			vertex -0.035075001418590546 0.031099999323487282 0.003000000026077032
		endloop
	endfacet
	facet normal 0.11197794596869719 0.9937106921114575 0
		outer loop
			vertex -0.03518626093864441 0.031112536787986755 0
			vertex -0.035075001418590546 0.031099999323487282 0.003000000026077032
			vertex -0.035075001418590546 0.031099999323487282 0
		endloop
	endfacet
	facet normal 0.11197794596869719 0.9937106921114575 0
		outer loop
			vertex -0.03518626093864441 0.031112536787986755 0
			vertex -0.03518626093864441 0.031112536787986755 0.003000000026077032
			vertex -0.035075001418590546 0.031099999323487282 0.003000000026077032
		endloop
	endfacet
	facet normal 0.3302718756133454 0.9438858448874222 0
		outer loop
			vertex -0.035291943699121475 0.031149515882134438 0
			vertex -0.035291943699121475 0.031149515882134438 0.003000000026077032
			vertex -0.03518626093864441 0.031112536787986755 0.003000000026077032
		endloop
	endfacet
	facet normal 0.3302718756133454 0.9438858448874222 0
		outer loop
			vertex -0.035291943699121475 0.031149515882134438 0
			vertex -0.03518626093864441 0.031112536787986755 0.003000000026077032
			vertex -0.03518626093864441 0.031112536787986755 0
		endloop
	endfacet
	facet normal 0.5320430926450269 0.8467172772352739 0
		outer loop
			vertex -0.035386744886636734 0.031209085136651993 0
			vertex -0.035386744886636734 0.031209085136651993 0.003000000026077032
			vertex -0.035291943699121475 0.031149515882134438 0.003000000026077032
		endloop
	endfacet
	facet normal 0.5320430926450269 0.8467172772352739 0
		outer loop
			vertex -0.035386744886636734 0.031209085136651993 0
			vertex -0.035291943699121475 0.031149515882134438 0.003000000026077032
			vertex -0.035291943699121475 0.031149515882134438 0
		endloop
	endfacet
	facet normal 0.7071067811865476 0.7071067811865476 0
		outer loop
			vertex -0.03546591475605965 0.031288255006074905 0
			vertex -0.03546591475605965 0.031288255006074905 0.003000000026077032
			vertex -0.035386744886636734 0.031209085136651993 0.003000000026077032
		endloop
	endfacet
	facet normal 0.7071067811865476 0.7071067811865476 0
		outer loop
			vertex -0.03546591475605965 0.031288255006074905 0
			vertex -0.035386744886636734 0.031209085136651993 0.003000000026077032
			vertex -0.035386744886636734 0.031209085136651993 0
		endloop
	endfacet
	facet normal 0.8467192011316399 0.532040030857639 0
		outer loop
			vertex -0.03552548587322235 0.03138305991888046 0
			vertex -0.03552548587322235 0.03138305991888046 0.003000000026077032
			vertex -0.03546591475605965 0.031288255006074905 0.003000000026077032
		endloop
	endfacet
	facet normal 0.8467192011316399 0.532040030857639 0
		outer loop
			vertex -0.03552548587322235 0.03138305991888046 0
			vertex -0.03546591475605965 0.031288255006074905 0.003000000026077032
			vertex -0.03546591475605965 0.031288255006074905 0
		endloop
	endfacet
	facet normal 0.943887401717601 0.3302674263060105 0
		outer loop
			vertex -0.035562463104724884 0.03148873895406723 0
			vertex -0.035562463104724884 0.03148873895406723 0.003000000026077032
			vertex -0.03552548587322235 0.03138305991888046 0.003000000026077032
		endloop
	endfacet
	facet normal 0.943887401717601 0.3302674263060105 0
		outer loop
			vertex -0.035562463104724884 0.03148873895406723 0
			vertex -0.03552548587322235 0.03138305991888046 0.003000000026077032
			vertex -0.03552548587322235 0.03138305991888046 0
		endloop
	endfacet
	facet normal 0.9937125431451229 0.111961518371504 0
		outer loop
			vertex -0.03557499870657921 0.031599998474121094 0
			vertex -0.03557499870657921 0.031599998474121094 0.003000000026077032
			vertex -0.035562463104724884 0.03148873895406723 0.003000000026077032
		endloop
	endfacet
	facet normal 0.9937125431451229 0.111961518371504 0
		outer loop
			vertex -0.03557499870657921 0.031599998474121094 0
			vertex -0.035562463104724884 0.03148873895406723 0.003000000026077032
			vertex -0.035562463104724884 0.03148873895406723 0
		endloop
	endfacet
	facet normal 1 0 0
		outer loop
			vertex 0.002524999901652336 -0.031599998474121094 0
			vertex 0.002524999901652336 -0.031599998474121094 0.003000000026077032
			vertex 0.002524999901652336 -0.044599998742341995 0.003000000026077032
		endloop
	endfacet
	facet normal 1 0 0
		outer loop
			vertex 0.002524999901652336 -0.031599998474121094 0
			vertex 0.002524999901652336 -0.044599998742341995 0.003000000026077032
			vertex 0.002524999901652336 -0.044599998742341995 0
		endloop
	endfacet
	facet normal 1 0 0
		outer loop
			vertex -0.010611999779939651 -0.032600000500679016 0
			vertex -0.010611999779939651 -0.032600000500679016 0.003000000026077032
			vertex -0.010611999779939651 -0.04659999907016754 0.003000000026077032
		endloop
	endfacet
	facet normal 1 0 0
		outer loop
			vertex -0.010611999779939651 -0.032600000500679016 0
			vertex -0.010611999779939651 -0.04659999907016754 0.003000000026077032
			vertex -0.010611999779939651 -0.04659999907016754 0
		endloop
	endfacet
	facet normal 1 0 0
		outer loop
			vertex -0.034487999975681305 -0.032600000500679016 0
			vertex -0.034487999975681305 -0.032600000500679016 0.003000000026077032
			vertex -0.034487999975681305 -0.04659999907016754 0.003000000026077032
		endloop
	endfacet
	facet normal 1 0 0
		outer loop
			vertex -0.034487999975681305 -0.032600000500679016 0
			vertex -0.034487999975681305 -0.04659999907016754 0.003000000026077032
			vertex -0.034487999975681305 -0.04659999907016754 0
		endloop
	endfacet
	facet normal 1 0 0
		outer loop
			vertex -0.02604999952018261 -0.031599998474121094 0
			vertex -0.02604999952018261 -0.031599998474121094 0.003000000026077032
			vertex -0.02604999952018261 -0.044599998742341995 0.003000000026077032
		endloop
	endfacet
	facet normal 1 0 0
		outer loop
			vertex -0.02604999952018261 -0.031599998474121094 0
			vertex -0.02604999952018261 -0.044599998742341995 0.003000000026077032
			vertex -0.02604999952018261 -0.044599998742341995 0
		endloop
	endfacet
	facet normal 0 -1 0
		outer loop
			vertex 0.03407499939203262 -0.03701300173997879 0
			vertex 0.03407499939203262 -0.03701300173997879 0.003000000026077032
			vertex 0.020075000822544098 -0.03701300173997879 0.003000000026077032
		endloop
	endfacet
	facet normal 0 -1 0
		outer loop
			vertex 0.03407499939203262 -0.03701300173997879 0
			vertex 0.020075000822544098 -0.03701300173997879 0.003000000026077032
			vertex 0.020075000822544098 -0.03701300173997879 0
		endloop
	endfacet
	facet normal 0 -1 0
		outer loop
			vertex 0.03407499939203262 -0.013136999681591988 0
			vertex 0.03407499939203262 -0.013136999681591988 0.003000000026077032
			vertex 0.020075000822544098 -0.013136999681591988 0.003000000026077032
		endloop
	endfacet
	facet normal 0 -1 0
		outer loop
			vertex 0.03407499939203262 -0.013136999681591988 0
			vertex 0.020075000822544098 -0.013136999681591988 0.003000000026077032
			vertex 0.020075000822544098 -0.013136999681591988 0
		endloop
	endfacet
	facet normal 0 -1 0
		outer loop
			vertex 0.035075001418590546 -0.021575000137090683 0
			vertex 0.035075001418590546 -0.021575000137090683 0.003000000026077032
			vertex 0.022074999287724495 -0.021575000137090683 0.003000000026077032
		endloop
	endfacet
	facet normal 0 -1 0
		outer loop
			vertex 0.035075001418590546 -0.021575000137090683 0
			vertex 0.022074999287724495 -0.021575000137090683 0.003000000026077032
			vertex 0.022074999287724495 -0.021575000137090683 0
		endloop
	endfacet
	facet normal 1 0 0
		outer loop
			vertex 0.002524999901652336 -0.012550000101327896 0
			vertex 0.002524999901652336 -0.012550000101327896 0.003000000026077032
			vertex 0.002524999901652336 -0.025550000369548798 0.003000000026077032
		endloop
	endfacet
	facet normal 1 0 0
		outer loop
			vertex 0.002524999901652336 -0.012550000101327896 0
			vertex 0.002524999901652336 -0.025550000369548798 0.003000000026077032
			vertex 0.002524999901652336 -0.025550000369548798 0
		endloop
	endfacet
	facet normal 1 0 0
		outer loop
			vertex -0.01652500033378601 -0.012550000101327896 0
			vertex -0.01652500033378601 -0.012550000101327896 0.003000000026077032
			vertex -0.01652500033378601 -0.025550000369548798 0.003000000026077032
		endloop
	endfacet
	facet normal 1 0 0
		outer loop
			vertex -0.01652500033378601 -0.012550000101327896 0
			vertex -0.01652500033378601 -0.025550000369548798 0.003000000026077032
			vertex -0.01652500033378601 -0.025550000369548798 0
		endloop
	endfacet
	facet normal 1 0 0
		outer loop
			vertex -0.03557499870657921 -0.012550000101327896 0
			vertex -0.03557499870657921 -0.012550000101327896 0.003000000026077032
			vertex -0.03557499870657921 -0.025550000369548798 0.003000000026077032
		endloop
	endfacet
	facet normal 1 0 0
		outer loop
			vertex -0.03557499870657921 -0.012550000101327896 0
			vertex -0.03557499870657921 -0.025550000369548798 0.003000000026077032
			vertex -0.03557499870657921 -0.025550000369548798 0
		endloop
	endfacet
	facet normal 1 0 0
		outer loop
			vertex 0.002524999901652336 0.006500000134110451 0
			vertex 0.002524999901652336 0.006500000134110451 0.003000000026077032
			vertex 0.002524999901652336 -0.006500000134110451 0.003000000026077032
		endloop
	endfacet
	facet normal 1 0 0
		outer loop
			vertex 0.002524999901652336 0.006500000134110451 0
			vertex 0.002524999901652336 -0.006500000134110451 0.003000000026077032
			vertex 0.002524999901652336 -0.006500000134110451 0
		endloop
	endfacet
	facet normal 1 0 0
		outer loop
			vertex -0.01652500033378601 0.006500000134110451 0
			vertex -0.01652500033378601 0.006500000134110451 0.003000000026077032
			vertex -0.01652500033378601 -0.006500000134110451 0.003000000026077032
		endloop
	endfacet
	facet normal 1 0 0
		outer loop
			vertex -0.01652500033378601 0.006500000134110451 0
			vertex -0.01652500033378601 -0.006500000134110451 0.003000000026077032
			vertex -0.01652500033378601 -0.006500000134110451 0
		endloop
	endfacet
	facet normal 1 0 0
		outer loop
			vertex -0.03557499870657921 0.006500000134110451 0
			vertex -0.03557499870657921 0.006500000134110451 0.003000000026077032
			vertex -0.03557499870657921 -0.006500000134110451 0.003000000026077032
		endloop
	endfacet
	facet normal 1 0 0
		outer loop
			vertex -0.03557499870657921 0.006500000134110451 0
			vertex -0.03557499870657921 -0.006500000134110451 0.003000000026077032
			vertex -0.03557499870657921 -0.006500000134110451 0
		endloop
	endfacet
	facet normal 0 -1 0
		outer loop
			vertex 0.03407499939203262 0.0010870000114664435 0
			vertex 0.03407499939203262 0.0010870000114664435 0.003000000026077032
			vertex 0.020075000822544098 0.0010870000114664435 0.003000000026077032
		endloop
	endfacet
	facet normal 0 -1 0
		outer loop
			vertex 0.03407499939203262 0.0010870000114664435 0
			vertex 0.020075000822544098 0.0010870000114664435 0.003000000026077032
			vertex 0.020075000822544098 0.0010870000114664435 0
		endloop
	endfacet
	facet normal 0 -1 0
		outer loop
			vertex 0.03407499939203262 0.024963000789284706 0
			vertex 0.03407499939203262 0.024963000789284706 0.003000000026077032
			vertex 0.020075000822544098 0.024963000789284706 0.003000000026077032
		endloop
	endfacet
	facet normal 0 -1 0
		outer loop
			vertex 0.03407499939203262 0.024963000789284706 0
			vertex 0.020075000822544098 0.024963000789284706 0.003000000026077032
			vertex 0.020075000822544098 0.024963000789284706 0
		endloop
	endfacet
	facet normal 0 -1 0
		outer loop
			vertex 0.035075001418590546 0.01652500033378601 0
			vertex 0.035075001418590546 0.01652500033378601 0.003000000026077032
			vertex 0.022074999287724495 0.01652500033378601 0.003000000026077032
		endloop
	endfacet
	facet normal 0 -1 0
		outer loop
			vertex 0.035075001418590546 0.01652500033378601 0
			vertex 0.022074999287724495 0.01652500033378601 0.003000000026077032
			vertex 0.022074999287724495 0.01652500033378601 0
		endloop
	endfacet
	facet normal 1 0 0
		outer loop
			vertex 0.002524999901652336 0.025550000369548798 0
			vertex 0.002524999901652336 0.025550000369548798 0.003000000026077032
			vertex 0.002524999901652336 0.012550000101327896 0.003000000026077032
		endloop
	endfacet
	facet normal 1 0 0
		outer loop
			vertex 0.002524999901652336 0.025550000369548798 0
			vertex 0.002524999901652336 0.012550000101327896 0.003000000026077032
			vertex 0.002524999901652336 0.012550000101327896 0
		endloop
	endfacet
	facet normal 1 0 0
		outer loop
			vertex -0.01652500033378601 0.025550000369548798 0
			vertex -0.01652500033378601 0.025550000369548798 0.003000000026077032
			vertex -0.01652500033378601 0.012550000101327896 0.003000000026077032
		endloop
	endfacet
	facet normal 1 0 0
		outer loop
			vertex -0.01652500033378601 0.025550000369548798 0
			vertex -0.01652500033378601 0.012550000101327896 0.003000000026077032
			vertex -0.01652500033378601 0.012550000101327896 0
		endloop
	endfacet
	facet normal 1 0 0
		outer loop
			vertex -0.03557499870657921 0.025550000369548798 0
			vertex -0.03557499870657921 0.025550000369548798 0.003000000026077032
			vertex -0.03557499870657921 0.012550000101327896 0.003000000026077032
		endloop
	endfacet
	facet normal 1 0 0
		outer loop
			vertex -0.03557499870657921 0.025550000369548798 0
			vertex -0.03557499870657921 0.012550000101327896 0.003000000026077032
			vertex -0.03557499870657921 0.012550000101327896 0
		endloop
	endfacet
	facet normal 1 0 0
		outer loop
			vertex 0.021575000137090683 0.044599998742341995 0
			vertex 0.021575000137090683 0.044599998742341995 0.003000000026077032
			vertex 0.021575000137090683 0.031599998474121094 0.003000000026077032
		endloop
	endfacet
	facet normal 1 0 0
		outer loop
			vertex 0.021575000137090683 0.044599998742341995 0
			vertex 0.021575000137090683 0.031599998474121094 0.003000000026077032
			vertex 0.021575000137090683 0.031599998474121094 0
		endloop
	endfacet
	facet normal 1 0 0
		outer loop
			vertex 0.002524999901652336 0.044599998742341995 0
			vertex 0.002524999901652336 0.044599998742341995 0.003000000026077032
			vertex 0.002524999901652336 0.031599998474121094 0.003000000026077032
		endloop
	endfacet
	facet normal 1 0 0
		outer loop
			vertex 0.002524999901652336 0.044599998742341995 0
			vertex 0.002524999901652336 0.031599998474121094 0.003000000026077032
			vertex 0.002524999901652336 0.031599998474121094 0
		endloop
	endfacet
	facet normal 1 0 0
		outer loop
			vertex -0.01652500033378601 0.044599998742341995 0
			vertex -0.01652500033378601 0.044599998742341995 0.003000000026077032
			vertex -0.01652500033378601 0.031599998474121094 0.003000000026077032
		endloop
	endfacet
	facet normal 1 0 0
		outer loop
			vertex -0.01652500033378601 0.044599998742341995 0
			vertex -0.01652500033378601 0.031599998474121094 0.003000000026077032
			vertex -0.01652500033378601 0.031599998474121094 0
		endloop
	endfacet
	facet normal 1 0 0
		outer loop
			vertex -0.03557499870657921 0.044599998742341995 0
			vertex -0.03557499870657921 0.044599998742341995 0.003000000026077032
			vertex -0.03557499870657921 0.031599998474121094 0.003000000026077032
		endloop
	endfacet
	facet normal 1 0 0
		outer loop
			vertex -0.03557499870657921 0.044599998742341995 0
			vertex -0.03557499870657921 0.031599998474121094 0.003000000026077032
			vertex -0.03557499870657921 0.031599998474121094 0
		endloop
	endfacet
	facet normal 0 1 0
		outer loop
			vertex 0.038100000470876694 0.04762500151991844 0.003000000026077032
			vertex 0.038100000470876694 0.04762500151991844 0
			vertex -0.038100000470876694 0.04762500151991844 0
		endloop
	endfacet
	facet normal 0 1 0
		outer loop
			vertex 0.038100000470876694 0.04762500151991844 0.003000000026077032
			vertex -0.038100000470876694 0.04762500151991844 0
			vertex -0.038100000470876694 0.04762500151991844 0.003000000026077032
		endloop
	endfacet
	facet normal 0 0 1
		outer loop
			vertex -0.03437891602516174 -0.04691174626350403 0.003000000026077032
			vertex -0.038100000470876694 -0.04762500151991844 0.003000000026077032
			vertex -0.03429974615573883 -0.04699091613292694 0.003000000026077032
		endloop
	endfacet
	facet normal 0 0 1
		outer loop
			vertex -0.03443848341703415 -0.04681694135069847 0.003000000026077032
			vertex -0.038100000470876694 -0.04762500151991844 0.003000000026077032
			vertex -0.03437891602516174 -0.04691174626350403 0.003000000026077032
		endloop
	endfacet
	facet normal 0 0 1
		outer loop
			vertex -0.03420494124293327 -0.04705048352479935 0.003000000026077032
			vertex -0.03429974615573883 -0.04699091613292694 0.003000000026077032
			vertex -0.038100000470876694 -0.04762500151991844 0.003000000026077032
		endloop
	endfacet
	facet normal 0 0 1
		outer loop
			vertex -0.034099262207746506 -0.04708746448159218 0.003000000026077032
			vertex -0.03420494124293327 -0.04705048352479935 0.003000000026077032
			vertex -0.038100000470876694 -0.04762500151991844 0.003000000026077032
		endloop
	endfacet
	facet normal 0 0 1
		outer loop
			vertex -0.03447546437382698 -0.046711262315511703 0.003000000026077032
			vertex -0.038100000470876694 -0.04762500151991844 0.003000000026077032
			vertex -0.03443848341703415 -0.04681694135069847 0.003000000026077032
		endloop
	endfacet
	facet normal 0 0 1
		outer loop
			vertex -0.033987998962402344 -0.0471000000834465 0.003000000026077032
			vertex -0.034099262207746506 -0.04708746448159218 0.003000000026077032
			vertex -0.038100000470876694 -0.04762500151991844 0.003000000026077032
		endloop
	endfacet
	facet normal 0 0 1
		outer loop
			vertex -0.034487999975681305 -0.04659999907016754 0.003000000026077032
			vertex -0.038100000470876694 -0.04762500151991844 0.003000000026077032
			vertex -0.03447546437382698 -0.046711262315511703 0.003000000026077032
		endloop
	endfacet
	facet normal 0 0 1
		outer loop
			vertex -0.027987999841570854 -0.0471000000834465 0.003000000026077032
			vertex -0.033987998962402344 -0.0471000000834465 0.003000000026077032
			vertex -0.038100000470876694 -0.04762500151991844 0.003000000026077032
		endloop
	endfacet
	facet normal 0 0 1
		outer loop
			vertex -0.025940915569663048 -0.04491174593567848 0.003000000026077032
			vertex -0.027488000690937042 -0.04659999907016754 0.003000000026077032
			vertex -0.025861745700240135 -0.044990915805101395 0.003000000026077032
		endloop
	endfacet
	facet normal 0 0 1
		outer loop
			vertex -0.026000484824180603 -0.044816941022872925 0.003000000026077032
			vertex -0.027488000690937042 -0.04659999907016754 0.003000000026077032
			vertex -0.025940915569663048 -0.04491174593567848 0.003000000026077032
		endloop
	endfacet
	facet normal 0 0 1
		outer loop
			vertex -0.025766942650079727 -0.0450504831969738 0.003000000026077032
			vertex -0.025861745700240135 -0.044990915805101395 0.003000000026077032
			vertex -0.027488000690937042 -0.04659999907016754 0.003000000026077032
		endloop
	endfacet
	facet normal 0 0 1
		outer loop
			vertex -0.026037463918328285 -0.04471126198768616 0.003000000026077032
			vertex -0.027488000690937042 -0.04659999907016754 0.003000000026077032
			vertex -0.026000484824180603 -0.044816941022872925 0.003000000026077032
		endloop
	endfacet
	facet normal 0 0 1
		outer loop
			vertex -0.02566125988960266 -0.04508746415376663 0.003000000026077032
			vertex -0.025766942650079727 -0.0450504831969738 0.003000000026077032
			vertex -0.027488000690937042 -0.04659999907016754 0.003000000026077032
		endloop
	endfacet
	facet normal 0 0 1
		outer loop
			vertex -0.025550000369548798 -0.045099999755620956 0.003000000026077032
			vertex -0.02753751538693905 -0.04681694135069847 0.003000000026077032
			vertex -0.027597084641456604 -0.04691174626350403 0.003000000026077032
		endloop
	endfacet
	facet normal 0 0 1
		outer loop
			vertex -0.025550000369548798 -0.045099999755620956 0.003000000026077032
			vertex -0.027500536292791367 -0.046711262315511703 0.003000000026077032
			vertex -0.02753751538693905 -0.04681694135069847 0.003000000026077032
		endloop
	endfacet
	facet normal 0 0 1
		outer loop
			vertex -0.025550000369548798 -0.045099999755620956 0.003000000026077032
			vertex -0.027488000690937042 -0.04659999907016754 0.003000000026077032
			vertex -0.027500536292791367 -0.046711262315511703 0.003000000026077032
		endloop
	endfacet
	facet normal 0 0 1
		outer loop
			vertex -0.025550000369548798 -0.045099999755620956 0.003000000026077032
			vertex -0.02566125988960266 -0.04508746415376663 0.003000000026077032
			vertex -0.027488000690937042 -0.04659999907016754 0.003000000026077032
		endloop
	endfacet
	facet normal 0 0 1
		outer loop
			vertex -0.02604999952018261 -0.044599998742341995 0.003000000026077032
			vertex -0.027488000690937042 -0.04659999907016754 0.003000000026077032
			vertex -0.026037463918328285 -0.04471126198768616 0.003000000026077032
		endloop
	endfacet
	facet normal 0 0 1
		outer loop
			vertex -0.034487999975681305 -0.032600000500679016 0.003000000026077032
			vertex -0.038100000470876694 -0.04762500151991844 0.003000000026077032
			vertex -0.034487999975681305 -0.04659999907016754 0.003000000026077032
		endloop
	endfacet
	facet normal 0 0 1
		outer loop
			vertex -0.03546591475605965 -0.025861745700240135 0.003000000026077032
			vertex -0.03447546437382698 -0.03248874098062515 0.003000000026077032
			vertex -0.03443848341703415 -0.03238305822014809 0.003000000026077032
		endloop
	endfacet
	facet normal 0 0 1
		outer loop
			vertex -0.035386744886636734 -0.025940915569663048 0.003000000026077032
			vertex -0.03443848341703415 -0.03238305822014809 0.003000000026077032
			vertex -0.03437891602516174 -0.03228825330734253 0.003000000026077032
		endloop
	endfacet
	facet normal 0 0 1
		outer loop
			vertex -0.035386744886636734 -0.025940915569663048 0.003000000026077032
			vertex -0.03546591475605965 -0.025861745700240135 0.003000000026077032
			vertex -0.03443848341703415 -0.03238305822014809 0.003000000026077032
		endloop
	endfacet
	facet normal 0 0 1
		outer loop
			vertex -0.03552548587322235 -0.025766942650079727 0.003000000026077032
			vertex -0.03447546437382698 -0.03248874098062515 0.003000000026077032
			vertex -0.03546591475605965 -0.025861745700240135 0.003000000026077032
		endloop
	endfacet
	facet normal 0 0 1
		outer loop
			vertex -0.03552548587322235 -0.025766942650079727 0.003000000026077032
			vertex -0.034487999975681305 -0.032600000500679016 0.003000000026077032
			vertex -0.03447546437382698 -0.03248874098062515 0.003000000026077032
		endloop
	endfacet
	facet normal 0 0 1
		outer loop
			vertex -0.035291943699121475 -0.026000484824180603 0.003000000026077032
			vertex -0.03437891602516174 -0.03228825330734253 0.003000000026077032
			vertex -0.03429974615573883 -0.03220908343791962 0.003000000026077032
		endloop
	endfacet
	facet normal 0 0 1
		outer loop
			vertex -0.035291943699121475 -0.026000484824180603 0.003000000026077032
			vertex -0.035386744886636734 -0.025940915569663048 0.003000000026077032
			vertex -0.03437891602516174 -0.03228825330734253 0.003000000026077032
		endloop
	endfacet
	facet normal 0 0 1
		outer loop
			vertex -0.035562463104724884 -0.02566125988960266 0.003000000026077032
			vertex -0.034487999975681305 -0.032600000500679016 0.003000000026077032
			vertex -0.03552548587322235 -0.025766942650079727 0.003000000026077032
		endloop
	endfacet
	facet normal 0 0 1
		outer loop
			vertex -0.035562463104724884 -0.02566125988960266 0.003000000026077032
			vertex -0.038100000470876694 -0.04762500151991844 0.003000000026077032
			vertex -0.034487999975681305 -0.032600000500679016 0.003000000026077032
		endloop
	endfacet
	facet normal 0 0 1
		outer loop
			vertex -0.03518626093864441 -0.026037463918328285 0.003000000026077032
			vertex -0.035291943699121475 -0.026000484824180603 0.003000000026077032
			vertex -0.03429974615573883 -0.03220908343791962 0.003000000026077032
		endloop
	endfacet
	facet normal 0 0 1
		outer loop
			vertex -0.03518626093864441 -0.026037463918328285 0.003000000026077032
			vertex -0.03429974615573883 -0.03220908343791962 0.003000000026077032
			vertex -0.03420494124293327 -0.03214951604604721 0.003000000026077032
		endloop
	endfacet
	facet normal 0 0 1
		outer loop
			vertex -0.035075001418590546 -0.02604999952018261 0.003000000026077032
			vertex -0.03518626093864441 -0.026037463918328285 0.003000000026077032
			vertex -0.03420494124293327 -0.03214951604604721 0.003000000026077032
		endloop
	endfacet
	facet normal 0 0 1
		outer loop
			vertex -0.035075001418590546 -0.02604999952018261 0.003000000026077032
			vertex -0.034099262207746506 -0.03211253508925438 0.003000000026077032
			vertex -0.033987998962402344 -0.032099999487400055 0.003000000026077032
		endloop
	endfacet
	facet normal 0 0 1
		outer loop
			vertex -0.035075001418590546 -0.02604999952018261 0.003000000026077032
			vertex -0.03420494124293327 -0.03214951604604721 0.003000000026077032
			vertex -0.034099262207746506 -0.03211253508925438 0.003000000026077032
		endloop
	endfacet
	facet normal 0 0 1
		outer loop
			vertex -0.03557499870657921 -0.025550000369548798 0.003000000026077032
			vertex -0.038100000470876694 -0.04762500151991844 0.003000000026077032
			vertex -0.035562463104724884 -0.02566125988960266 0.003000000026077032
		endloop
	endfacet
	facet normal 0 0 1
		outer loop
			vertex -0.027987999841570854 -0.032099999487400055 0.003000000026077032
			vertex -0.035075001418590546 -0.02604999952018261 0.003000000026077032
			vertex -0.033987998962402344 -0.032099999487400055 0.003000000026077032
		endloop
	endfacet
	facet normal 0 0 1
		outer loop
			vertex -0.02604999952018261 -0.031599998474121094 0.003000000026077032
			vertex -0.027488000690937042 -0.032600000500679016 0.003000000026077032
			vertex -0.02604999952018261 -0.044599998742341995 0.003000000026077032
		endloop
	endfacet
	facet normal 0 0 1
		outer loop
			vertex -0.02604999952018261 -0.031599998474121094 0.003000000026077032
			vertex -0.027500536292791367 -0.03248874098062515 0.003000000026077032
			vertex -0.027488000690937042 -0.032600000500679016 0.003000000026077032
		endloop
	endfacet
	facet normal 0 0 1
		outer loop
			vertex -0.02604999952018261 -0.031599998474121094 0.003000000026077032
			vertex -0.02753751538693905 -0.03238305822014809 0.003000000026077032
			vertex -0.027500536292791367 -0.03248874098062515 0.003000000026077032
		endloop
	endfacet
	facet normal 0 0 1
		outer loop
			vertex -0.02604999952018261 -0.031599998474121094 0.003000000026077032
			vertex -0.027597084641456604 -0.03228825330734253 0.003000000026077032
			vertex -0.02753751538693905 -0.03238305822014809 0.003000000026077032
		endloop
	endfacet
	facet normal 0 0 1
		outer loop
			vertex -0.02604999952018261 -0.031599998474121094 0.003000000026077032
			vertex -0.027676254510879517 -0.03220908343791962 0.003000000026077032
			vertex -0.027597084641456604 -0.03228825330734253 0.003000000026077032
		endloop
	endfacet
	facet normal 0 0 1
		outer loop
			vertex -0.026037463918328285 -0.03148873895406723 0.003000000026077032
			vertex -0.027676254510879517 -0.03220908343791962 0.003000000026077032
			vertex -0.02604999952018261 -0.031599998474121094 0.003000000026077032
		endloop
	endfacet
	facet normal 0 0 1
		outer loop
			vertex -0.026037463918328285 -0.03148873895406723 0.003000000026077032
			vertex -0.027771057561039925 -0.03214951604604721 0.003000000026077032
			vertex -0.027676254510879517 -0.03220908343791962 0.003000000026077032
		endloop
	endfacet
	facet normal 0 0 1
		outer loop
			vertex -0.01050291582942009 -0.04691174626350403 0.003000000026077032
			vertex -0.012550000101327896 -0.045099999755620956 0.003000000026077032
			vertex -0.025550000369548798 -0.045099999755620956 0.003000000026077032
		endloop
	endfacet
	facet normal 0 0 1
		outer loop
			vertex -0.01050291582942009 -0.04691174626350403 0.003000000026077032
			vertex -0.027676254510879517 -0.04699091613292694 0.003000000026077032
			vertex -0.010423745028674603 -0.04699091613292694 0.003000000026077032
		endloop
	endfacet
	facet normal 0 0 1
		outer loop
			vertex -0.01050291582942009 -0.04691174626350403 0.003000000026077032
			vertex -0.027597084641456604 -0.04691174626350403 0.003000000026077032
			vertex -0.027676254510879517 -0.04699091613292694 0.003000000026077032
		endloop
	endfacet
	facet normal 0 0 1
		outer loop
			vertex -0.01050291582942009 -0.04691174626350403 0.003000000026077032
			vertex -0.025550000369548798 -0.045099999755620956 0.003000000026077032
			vertex -0.027597084641456604 -0.04691174626350403 0.003000000026077032
		endloop
	endfacet
	facet normal 0 0 1
		outer loop
			vertex -0.026000484824180603 -0.03138305991888046 0.003000000026077032
			vertex -0.027771057561039925 -0.03214951604604721 0.003000000026077032
			vertex -0.026037463918328285 -0.03148873895406723 0.003000000026077032
		endloop
	endfacet
	facet normal 0 0 1
		outer loop
			vertex -0.026000484824180603 -0.03138305991888046 0.003000000026077032
			vertex -0.02787674032151699 -0.03211253508925438 0.003000000026077032
			vertex -0.027771057561039925 -0.03214951604604721 0.003000000026077032
		endloop
	endfacet
	facet normal 0 0 1
		outer loop
			vertex -0.01056248415261507 -0.04681694135069847 0.003000000026077032
			vertex -0.012550000101327896 -0.045099999755620956 0.003000000026077032
			vertex -0.01050291582942009 -0.04691174626350403 0.003000000026077032
		endloop
	endfacet
	facet normal 0 0 1
		outer loop
			vertex -0.010328941978514194 -0.04705048352479935 0.003000000026077032
			vertex -0.010423745028674603 -0.04699091613292694 0.003000000026077032
			vertex -0.027676254510879517 -0.04699091613292694 0.003000000026077032
		endloop
	endfacet
	facet normal 0 0 1
		outer loop
			vertex -0.010328941978514194 -0.04705048352479935 0.003000000026077032
			vertex -0.027676254510879517 -0.04699091613292694 0.003000000026077032
			vertex -0.027771057561039925 -0.04705048352479935 0.003000000026077032
		endloop
	endfacet
	facet normal 0 0 1
		outer loop
			vertex -0.010223260149359703 -0.04708746448159218 0.003000000026077032
			vertex -0.027771057561039925 -0.04705048352479935 0.003000000026077032
			vertex -0.02787674032151699 -0.04708746448159218 0.003000000026077032
		endloop
	endfacet
	facet normal 0 0 1
		outer loop
			vertex -0.010223260149359703 -0.04708746448159218 0.003000000026077032
			vertex -0.010328941978514194 -0.04705048352479935 0.003000000026077032
			vertex -0.027771057561039925 -0.04705048352479935 0.003000000026077032
		endloop
	endfacet
	facet normal 0 0 1
		outer loop
			vertex -0.010599464178085327 -0.046711262315511703 0.003000000026077032
			vertex -0.012550000101327896 -0.045099999755620956 0.003000000026077032
			vertex -0.01056248415261507 -0.04681694135069847 0.003000000026077032
		endloop
	endfacet
	facet normal 0 0 1
		outer loop
			vertex -0.025940915569663048 -0.031288255006074905 0.003000000026077032
			vertex -0.027987999841570854 -0.032099999487400055 0.003000000026077032
			vertex -0.02787674032151699 -0.03211253508925438 0.003000000026077032
		endloop
	endfacet
	facet normal 0 0 1
		outer loop
			vertex -0.025940915569663048 -0.031288255006074905 0.003000000026077032
			vertex -0.02787674032151699 -0.03211253508925438 0.003000000026077032
			vertex -0.026000484824180603 -0.03138305991888046 0.003000000026077032
		endloop
	endfacet
	facet normal 0 0 1
		outer loop
			vertex -0.010111999697983265 -0.0471000000834465 0.003000000026077032
			vertex -0.02787674032151699 -0.04708746448159218 0.003000000026077032
			vertex -0.027987999841570854 -0.0471000000834465 0.003000000026077032
		endloop
	endfacet
	facet normal 0 0 1
		outer loop
			vertex -0.010111999697983265 -0.0471000000834465 0.003000000026077032
			vertex -0.027987999841570854 -0.0471000000834465 0.003000000026077032
			vertex -0.038100000470876694 -0.04762500151991844 0.003000000026077032
		endloop
	endfacet
	facet normal 0 0 1
		outer loop
			vertex -0.010111999697983265 -0.0471000000834465 0.003000000026077032
			vertex -0.010223260149359703 -0.04708746448159218 0.003000000026077032
			vertex -0.02787674032151699 -0.04708746448159218 0.003000000026077032
		endloop
	endfacet
	facet normal 0 0 1
		outer loop
			vertex -0.010611999779939651 -0.04659999907016754 0.003000000026077032
			vertex -0.012438739649951458 -0.04508746415376663 0.003000000026077032
			vertex -0.012550000101327896 -0.045099999755620956 0.003000000026077032
		endloop
	endfacet
	facet normal 0 0 1
		outer loop
			vertex -0.010611999779939651 -0.04659999907016754 0.003000000026077032
			vertex -0.012333057820796967 -0.0450504831969738 0.003000000026077032
			vertex -0.012438739649951458 -0.04508746415376663 0.003000000026077032
		endloop
	endfacet
	facet normal 0 0 1
		outer loop
			vertex -0.010611999779939651 -0.04659999907016754 0.003000000026077032
			vertex -0.012238254770636559 -0.044990915805101395 0.003000000026077032
			vertex -0.012333057820796967 -0.0450504831969738 0.003000000026077032
		endloop
	endfacet
	facet normal 0 0 1
		outer loop
			vertex -0.010611999779939651 -0.04659999907016754 0.003000000026077032
			vertex -0.012550000101327896 -0.045099999755620956 0.003000000026077032
			vertex -0.010599464178085327 -0.046711262315511703 0.003000000026077032
		endloop
	endfacet
	facet normal 0 0 1
		outer loop
			vertex -0.012159083969891071 -0.04491174593567848 0.003000000026077032
			vertex -0.012238254770636559 -0.044990915805101395 0.003000000026077032
			vertex -0.010611999779939651 -0.04659999907016754 0.003000000026077032
		endloop
	endfacet
	facet normal 0 0 1
		outer loop
			vertex -0.025861745700240135 -0.031209085136651993 0.003000000026077032
			vertex -0.035075001418590546 -0.02604999952018261 0.003000000026077032
			vertex -0.027987999841570854 -0.032099999487400055 0.003000000026077032
		endloop
	endfacet
	facet normal 0 0 1
		outer loop
			vertex -0.025861745700240135 -0.031209085136651993 0.003000000026077032
			vertex -0.027987999841570854 -0.032099999487400055 0.003000000026077032
			vertex -0.025940915569663048 -0.031288255006074905 0.003000000026077032
		endloop
	endfacet
	facet normal 0 0 1
		outer loop
			vertex -0.025766942650079727 -0.031149515882134438 0.003000000026077032
			vertex -0.035075001418590546 -0.02604999952018261 0.003000000026077032
			vertex -0.025861745700240135 -0.031209085136651993 0.003000000026077032
		endloop
	endfacet
	facet normal 0 0 1
		outer loop
			vertex -0.01209951564669609 -0.044816941022872925 0.003000000026077032
			vertex -0.012159083969891071 -0.04491174593567848 0.003000000026077032
			vertex -0.010611999779939651 -0.04659999907016754 0.003000000026077032
		endloop
	endfacet
	facet normal 0 0 1
		outer loop
			vertex -0.012062535621225834 -0.04471126198768616 0.003000000026077032
			vertex -0.01209951564669609 -0.044816941022872925 0.003000000026077032
			vertex -0.010611999779939651 -0.04659999907016754 0.003000000026077032
		endloop
	endfacet
	facet normal 0 0 1
		outer loop
			vertex -0.01205000001937151 -0.044599998742341995 0.003000000026077032
			vertex -0.012062535621225834 -0.04471126198768616 0.003000000026077032
			vertex -0.010611999779939651 -0.04659999907016754 0.003000000026077032
		endloop
	endfacet
	facet normal 0 0 1
		outer loop
			vertex -0.022074999287724495 -0.02604999952018261 0.003000000026077032
			vertex -0.02566125988960266 -0.031112536787986755 0.003000000026077032
			vertex -0.025550000369548798 -0.031099999323487282 0.003000000026077032
		endloop
	endfacet
	facet normal 0 0 1
		outer loop
			vertex -0.022074999287724495 -0.02604999952018261 0.003000000026077032
			vertex -0.025766942650079727 -0.031149515882134438 0.003000000026077032
			vertex -0.02566125988960266 -0.031112536787986755 0.003000000026077032
		endloop
	endfacet
	facet normal 0 0 1
		outer loop
			vertex -0.022074999287724495 -0.02604999952018261 0.003000000026077032
			vertex -0.035075001418590546 -0.02604999952018261 0.003000000026077032
			vertex -0.025766942650079727 -0.031149515882134438 0.003000000026077032
		endloop
	endfacet
	facet normal 0 0 1
		outer loop
			vertex -0.02196373976767063 -0.026037463918328285 0.003000000026077032
			vertex -0.022074999287724495 -0.02604999952018261 0.003000000026077032
			vertex -0.025550000369548798 -0.031099999323487282 0.003000000026077032
		endloop
	endfacet
	facet normal 0 0 1
		outer loop
			vertex -0.021858058869838715 -0.026000484824180603 0.003000000026077032
			vertex -0.02196373976767063 -0.026037463918328285 0.003000000026077032
			vertex -0.025550000369548798 -0.031099999323487282 0.003000000026077032
		endloop
	endfacet
	facet normal 0 0 1
		outer loop
			vertex -0.010611999779939651 -0.032600000500679016 0.003000000026077032
			vertex -0.01205000001937151 -0.031599998474121094 0.003000000026077032
			vertex -0.01205000001937151 -0.044599998742341995 0.003000000026077032
		endloop
	endfacet
	facet normal 0 0 1
		outer loop
			vertex -0.010599464178085327 -0.03248874098062515 0.003000000026077032
			vertex -0.01205000001937151 -0.031599998474121094 0.003000000026077032
			vertex -0.010611999779939651 -0.032600000500679016 0.003000000026077032
		endloop
	endfacet
	facet normal 0 0 1
		outer loop
			vertex -0.01056248415261507 -0.03238305822014809 0.003000000026077032
			vertex -0.01205000001937151 -0.031599998474121094 0.003000000026077032
			vertex -0.010599464178085327 -0.03248874098062515 0.003000000026077032
		endloop
	endfacet
	facet normal 0 0 1
		outer loop
			vertex -0.01050291582942009 -0.03228825330734253 0.003000000026077032
			vertex -0.01205000001937151 -0.031599998474121094 0.003000000026077032
			vertex -0.01056248415261507 -0.03238305822014809 0.003000000026077032
		endloop
	endfacet
	facet normal 0 0 1
		outer loop
			vertex -0.010423745028674603 -0.03220908343791962 0.003000000026077032
			vertex -0.012062535621225834 -0.03148873895406723 0.003000000026077032
			vertex -0.01205000001937151 -0.031599998474121094 0.003000000026077032
		endloop
	endfacet
	facet normal 0 0 1
		outer loop
			vertex -0.010423745028674603 -0.03220908343791962 0.003000000026077032
			vertex -0.01205000001937151 -0.031599998474121094 0.003000000026077032
			vertex -0.01050291582942009 -0.03228825330734253 0.003000000026077032
		endloop
	endfacet
	facet normal 0 0 1
		outer loop
			vertex -0.010328941978514194 -0.03214951604604721 0.003000000026077032
			vertex -0.01209951564669609 -0.03138305991888046 0.003000000026077032
			vertex -0.012062535621225834 -0.03148873895406723 0.003000000026077032
		endloop
	endfacet
	facet normal 0 0 1
		outer loop
			vertex -0.010328941978514194 -0.03214951604604721 0.003000000026077032
			vertex -0.012062535621225834 -0.03148873895406723 0.003000000026077032
			vertex -0.010423745028674603 -0.03220908343791962 0.003000000026077032
		endloop
	endfacet
	facet normal 0 0 1
		outer loop
			vertex -0.010223260149359703 -0.03211253508925438 0.003000000026077032
			vertex -0.012159083969891071 -0.031288255006074905 0.003000000026077032
			vertex -0.01209951564669609 -0.03138305991888046 0.003000000026077032
		endloop
	endfacet
	facet normal 0 0 1
		outer loop
			vertex -0.010223260149359703 -0.03211253508925438 0.003000000026077032
			vertex -0.01209951564669609 -0.03138305991888046 0.003000000026077032
			vertex -0.010328941978514194 -0.03214951604604721 0.003000000026077032
		endloop
	endfacet
	facet normal 0 0 1
		outer loop
			vertex 0.002634084317833185 -0.04491174593567848 0.003000000026077032
			vertex -0.0036120000295341015 -0.04659999907016754 0.003000000026077032
			vertex -0.003624536097049713 -0.046711262315511703 0.003000000026077032
		endloop
	endfacet
	facet normal 0 0 1
		outer loop
			vertex 0.0027132551185786724 -0.044990915805101395 0.003000000026077032
			vertex 0.002634084317833185 -0.04491174593567848 0.003000000026077032
			vertex -0.003624536097049713 -0.046711262315511703 0.003000000026077032
		endloop
	endfacet
	facet normal 0 0 1
		outer loop
			vertex 0.0027132551185786724 -0.044990915805101395 0.003000000026077032
			vertex -0.003624536097049713 -0.046711262315511703 0.003000000026077032
			vertex -0.0036615156568586826 -0.04681694135069847 0.003000000026077032
		endloop
	endfacet
	facet normal 0 0 1
		outer loop
			vertex -0.01641591638326645 -0.025861745700240135 0.003000000026077032
			vertex -0.021763255819678307 -0.025940915569663048 0.003000000026077032
			vertex -0.016336744651198387 -0.025940915569663048 0.003000000026077032
		endloop
	endfacet
	facet normal 0 0 1
		outer loop
			vertex -0.01641591638326645 -0.025861745700240135 0.003000000026077032
			vertex -0.021684084087610245 -0.025861745700240135 0.003000000026077032
			vertex -0.021763255819678307 -0.025940915569663048 0.003000000026077032
		endloop
	endfacet
	facet normal 0 0 1
		outer loop
			vertex -0.035386744886636734 -0.006890915799885988 0.003000000026077032
			vertex -0.03546591475605965 -0.012238254770636559 0.003000000026077032
			vertex -0.035386744886636734 -0.012159083969891071 0.003000000026077032
		endloop
	endfacet
	facet normal 0 0 1
		outer loop
			vertex -0.035386744886636734 -0.006890915799885988 0.003000000026077032
			vertex -0.03546591475605965 -0.006811744999140501 0.003000000026077032
			vertex -0.03546591475605965 -0.012238254770636559 0.003000000026077032
		endloop
	endfacet
	facet normal 0 0 1
		outer loop
			vertex 0.0028080581687390804 -0.0450504831969738 0.003000000026077032
			vertex 0.0027132551185786724 -0.044990915805101395 0.003000000026077032
			vertex -0.0036615156568586826 -0.04681694135069847 0.003000000026077032
		endloop
	endfacet
	facet normal 0 0 1
		outer loop
			vertex 0.0028080581687390804 -0.0450504831969738 0.003000000026077032
			vertex -0.0036615156568586826 -0.04681694135069847 0.003000000026077032
			vertex -0.003721084212884307 -0.04691174626350403 0.003000000026077032
		endloop
	endfacet
	facet normal 0 0 1
		outer loop
			vertex 0.0025745155289769173 -0.044816941022872925 0.003000000026077032
			vertex -0.0036120000295341015 -0.04659999907016754 0.003000000026077032
			vertex 0.002634084317833185 -0.04491174593567848 0.003000000026077032
		endloop
	endfacet
	facet normal 0 0 1
		outer loop
			vertex -0.016475483775138855 -0.025766942650079727 0.003000000026077032
			vertex -0.02162451483309269 -0.025766942650079727 0.003000000026077032
			vertex -0.021684084087610245 -0.025861745700240135 0.003000000026077032
		endloop
	endfacet
	facet normal 0 0 1
		outer loop
			vertex -0.016475483775138855 -0.025766942650079727 0.003000000026077032
			vertex -0.021684084087610245 -0.025861745700240135 0.003000000026077032
			vertex -0.01641591638326645 -0.025861745700240135 0.003000000026077032
		endloop
	endfacet
	facet normal 0 0 1
		outer loop
			vertex -0.01624194160103798 -0.026000484824180603 0.003000000026077032
			vertex -0.021858058869838715 -0.026000484824180603 0.003000000026077032
			vertex -0.025550000369548798 -0.031099999323487282 0.003000000026077032
		endloop
	endfacet
	facet normal 0 0 1
		outer loop
			vertex -0.01624194160103798 -0.026000484824180603 0.003000000026077032
			vertex -0.016336744651198387 -0.025940915569663048 0.003000000026077032
			vertex -0.021763255819678307 -0.025940915569663048 0.003000000026077032
		endloop
	endfacet
	facet normal 0 0 1
		outer loop
			vertex -0.01624194160103798 -0.026000484824180603 0.003000000026077032
			vertex -0.025550000369548798 -0.031099999323487282 0.003000000026077032
			vertex -0.012550000101327896 -0.031099999323487282 0.003000000026077032
		endloop
	endfacet
	facet normal 0 0 1
		outer loop
			vertex -0.01624194160103798 -0.026000484824180603 0.003000000026077032
			vertex -0.021763255819678307 -0.025940915569663048 0.003000000026077032
			vertex -0.021858058869838715 -0.026000484824180603 0.003000000026077032
		endloop
	endfacet
	facet normal 0 0 1
		outer loop
			vertex -0.03552548587322235 -0.006716941948980093 0.003000000026077032
			vertex -0.03552548587322235 -0.012333057820796967 0.003000000026077032
			vertex -0.03546591475605965 -0.012238254770636559 0.003000000026077032
		endloop
	endfacet
	facet normal 0 0 1
		outer loop
			vertex -0.03552548587322235 -0.006716941948980093 0.003000000026077032
			vertex -0.03546591475605965 -0.012238254770636559 0.003000000026077032
			vertex -0.03546591475605965 -0.006811744999140501 0.003000000026077032
		endloop
	endfacet
	facet normal 0 0 1
		outer loop
			vertex -0.035291943699121475 -0.006950484588742256 0.003000000026077032
			vertex -0.035386744886636734 -0.006890915799885988 0.003000000026077032
			vertex -0.035386744886636734 -0.012159083969891071 0.003000000026077032
		endloop
	endfacet
	facet normal 0 0 1
		outer loop
			vertex -0.035291943699121475 -0.006950484588742256 0.003000000026077032
			vertex -0.035386744886636734 -0.012159083969891071 0.003000000026077032
			vertex -0.035291943699121475 -0.01209951564669609 0.003000000026077032
		endloop
	endfacet
	facet normal 0 0 1
		outer loop
			vertex -0.010111999697983265 -0.032099999487400055 0.003000000026077032
			vertex -0.012238254770636559 -0.031209085136651993 0.003000000026077032
			vertex -0.012159083969891071 -0.031288255006074905 0.003000000026077032
		endloop
	endfacet
	facet normal 0 0 1
		outer loop
			vertex -0.010111999697983265 -0.032099999487400055 0.003000000026077032
			vertex -0.012159083969891071 -0.031288255006074905 0.003000000026077032
			vertex -0.010223260149359703 -0.03211253508925438 0.003000000026077032
		endloop
	endfacet
	facet normal 0 0 1
		outer loop
			vertex 0.0029137395322322845 -0.04508746415376663 0.003000000026077032
			vertex 0.0028080581687390804 -0.0450504831969738 0.003000000026077032
			vertex -0.003721084212884307 -0.04691174626350403 0.003000000026077032
		endloop
	endfacet
	facet normal 0 0 1
		outer loop
			vertex 0.0029137395322322845 -0.04508746415376663 0.003000000026077032
			vertex -0.003721084212884307 -0.04691174626350403 0.003000000026077032
			vertex -0.003800255013629794 -0.04699091613292694 0.003000000026077032
		endloop
	endfacet
	facet normal 0 0 1
		outer loop
			vertex 0.0025375359691679478 -0.04471126198768616 0.003000000026077032
			vertex -0.0036120000295341015 -0.04659999907016754 0.003000000026077032
			vertex 0.0025745155289769173 -0.044816941022872925 0.003000000026077032
		endloop
	endfacet
	facet normal 0 0 1
		outer loop
			vertex -0.035562463104724884 -0.006611260585486889 0.003000000026077032
			vertex -0.03552548587322235 -0.012333057820796967 0.003000000026077032
			vertex -0.03552548587322235 -0.006716941948980093 0.003000000026077032
		endloop
	endfacet
	facet normal 0 0 1
		outer loop
			vertex -0.035562463104724884 -0.006611260585486889 0.003000000026077032
			vertex -0.035562463104724884 -0.012438739649951458 0.003000000026077032
			vertex -0.03552548587322235 -0.012333057820796967 0.003000000026077032
		endloop
	endfacet
	facet normal 0 0 1
		outer loop
			vertex -0.016136260703206062 -0.026037463918328285 0.003000000026077032
			vertex -0.01624194160103798 -0.026000484824180603 0.003000000026077032
			vertex -0.012550000101327896 -0.031099999323487282 0.003000000026077032
		endloop
	endfacet
	facet normal 0 0 1
		outer loop
			vertex -0.03518626093864441 -0.006987464148551226 0.003000000026077032
			vertex -0.035291943699121475 -0.01209951564669609 0.003000000026077032
			vertex -0.03518626093864441 -0.012062535621225834 0.003000000026077032
		endloop
	endfacet
	facet normal 0 0 1
		outer loop
			vertex -0.03518626093864441 -0.006987464148551226 0.003000000026077032
			vertex -0.035291943699121475 -0.006950484588742256 0.003000000026077032
			vertex -0.035291943699121475 -0.01209951564669609 0.003000000026077032
		endloop
	endfacet
	facet normal 0 0 1
		outer loop
			vertex -0.016512464731931686 -0.02566125988960266 0.003000000026077032
			vertex -0.021587535738945007 -0.02566125988960266 0.003000000026077032
			vertex -0.02162451483309269 -0.025766942650079727 0.003000000026077032
		endloop
	endfacet
	facet normal 0 0 1
		outer loop
			vertex -0.016512464731931686 -0.02566125988960266 0.003000000026077032
			vertex -0.02162451483309269 -0.025766942650079727 0.003000000026077032
			vertex -0.016475483775138855 -0.025766942650079727 0.003000000026077032
		endloop
	endfacet
	facet normal 0 0 1
		outer loop
			vertex 0.002524999901652336 -0.044599998742341995 0.003000000026077032
			vertex -0.0036120000295341015 -0.04659999907016754 0.003000000026077032
			vertex 0.0025375359691679478 -0.04471126198768616 0.003000000026077032
		endloop
	endfacet
	facet normal 0 0 1
		outer loop
			vertex 0.0030249999836087227 -0.045099999755620956 0.003000000026077032
			vertex -0.003800255013629794 -0.04699091613292694 0.003000000026077032
			vertex -0.003895058063790202 -0.04705048352479935 0.003000000026077032
		endloop
	endfacet
	facet normal 0 0 1
		outer loop
			vertex 0.0030249999836087227 -0.045099999755620956 0.003000000026077032
			vertex 0.0029137395322322845 -0.04508746415376663 0.003000000026077032
			vertex -0.003800255013629794 -0.04699091613292694 0.003000000026077032
		endloop
	endfacet
	facet normal 0 0 1
		outer loop
			vertex -0.01602499932050705 -0.02604999952018261 0.003000000026077032
			vertex -0.012438739649951458 -0.031112536787986755 0.003000000026077032
			vertex -0.012333057820796967 -0.031149515882134438 0.003000000026077032
		endloop
	endfacet
	facet normal 0 0 1
		outer loop
			vertex -0.01602499932050705 -0.02604999952018261 0.003000000026077032
			vertex -0.012550000101327896 -0.031099999323487282 0.003000000026077032
			vertex -0.012438739649951458 -0.031112536787986755 0.003000000026077032
		endloop
	endfacet
	facet normal 0 0 1
		outer loop
			vertex -0.01602499932050705 -0.02604999952018261 0.003000000026077032
			vertex -0.016136260703206062 -0.026037463918328285 0.003000000026077032
			vertex -0.012550000101327896 -0.031099999323487282 0.003000000026077032
		endloop
	endfacet
	facet normal 0 0 1
		outer loop
			vertex -0.01652500033378601 -0.025550000369548798 0.003000000026077032
			vertex -0.021575000137090683 -0.025550000369548798 0.003000000026077032
			vertex -0.021587535738945007 -0.02566125988960266 0.003000000026077032
		endloop
	endfacet
	facet normal 0 0 1
		outer loop
			vertex -0.01652500033378601 -0.025550000369548798 0.003000000026077032
			vertex -0.021587535738945007 -0.02566125988960266 0.003000000026077032
			vertex -0.016512464731931686 -0.02566125988960266 0.003000000026077032
		endloop
	endfacet
	facet normal 0 0 1
		outer loop
			vertex -0.035075001418590546 -0.007000000216066837 0.003000000026077032
			vertex -0.03518626093864441 -0.012062535621225834 0.003000000026077032
			vertex -0.035075001418590546 -0.01205000001937151 0.003000000026077032
		endloop
	endfacet
	facet normal 0 0 1
		outer loop
			vertex -0.035075001418590546 -0.007000000216066837 0.003000000026077032
			vertex -0.03518626093864441 -0.006987464148551226 0.003000000026077032
			vertex -0.03518626093864441 -0.012062535621225834 0.003000000026077032
		endloop
	endfacet
	facet normal 0 0 1
		outer loop
			vertex -0.03557499870657921 -0.006500000134110451 0.003000000026077032
			vertex -0.035562463104724884 -0.012438739649951458 0.003000000026077032
			vertex -0.035562463104724884 -0.006611260585486889 0.003000000026077032
		endloop
	endfacet
	facet normal 0 0 1
		outer loop
			vertex -0.03557499870657921 -0.006500000134110451 0.003000000026077032
			vertex -0.03557499870657921 -0.012550000101327896 0.003000000026077032
			vertex -0.035562463104724884 -0.012438739649951458 0.003000000026077032
		endloop
	endfacet
	facet normal 0 0 1
		outer loop
			vertex -0.0036120000295341015 -0.032600000500679016 0.003000000026077032
			vertex -0.0036120000295341015 -0.04659999907016754 0.003000000026077032
			vertex 0.002524999901652336 -0.044599998742341995 0.003000000026077032
		endloop
	endfacet
	facet normal 0 0 1
		outer loop
			vertex 0.01602499932050705 -0.045099999755620956 0.003000000026077032
			vertex -0.003895058063790202 -0.04705048352479935 0.003000000026077032
			vertex -0.00400073966011405 -0.04708746448159218 0.003000000026077032
		endloop
	endfacet
	facet normal 0 0 1
		outer loop
			vertex 0.01602499932050705 -0.045099999755620956 0.003000000026077032
			vertex 0.0030249999836087227 -0.045099999755620956 0.003000000026077032
			vertex -0.003895058063790202 -0.04705048352479935 0.003000000026077032
		endloop
	endfacet
	facet normal 0 0 1
		outer loop
			vertex 0.002524999901652336 -0.031599998474121094 0.003000000026077032
			vertex -0.0036120000295341015 -0.032600000500679016 0.003000000026077032
			vertex 0.002524999901652336 -0.044599998742341995 0.003000000026077032
		endloop
	endfacet
	facet normal 0 0 1
		outer loop
			vertex 0.002524999901652336 -0.031599998474121094 0.003000000026077032
			vertex -0.003624536097049713 -0.03248874098062515 0.003000000026077032
			vertex -0.0036120000295341015 -0.032600000500679016 0.003000000026077032
		endloop
	endfacet
	facet normal 0 0 1
		outer loop
			vertex 0.002524999901652336 -0.031599998474121094 0.003000000026077032
			vertex -0.0036615156568586826 -0.03238305822014809 0.003000000026077032
			vertex -0.003624536097049713 -0.03248874098062515 0.003000000026077032
		endloop
	endfacet
	facet normal 0 0 1
		outer loop
			vertex -0.0030249999836087227 -0.02604999952018261 0.003000000026077032
			vertex -0.012333057820796967 -0.031149515882134438 0.003000000026077032
			vertex -0.012238254770636559 -0.031209085136651993 0.003000000026077032
		endloop
	endfacet
	facet normal 0 0 1
		outer loop
			vertex -0.0030249999836087227 -0.02604999952018261 0.003000000026077032
			vertex -0.012238254770636559 -0.031209085136651993 0.003000000026077032
			vertex -0.010111999697983265 -0.032099999487400055 0.003000000026077032
		endloop
	endfacet
	facet normal 0 0 1
		outer loop
			vertex -0.0030249999836087227 -0.02604999952018261 0.003000000026077032
			vertex -0.010111999697983265 -0.032099999487400055 0.003000000026077032
			vertex -0.004112000111490488 -0.032099999487400055 0.003000000026077032
		endloop
	endfacet
	facet normal 0 0 1
		outer loop
			vertex -0.0030249999836087227 -0.02604999952018261 0.003000000026077032
			vertex -0.00400073966011405 -0.03211253508925438 0.003000000026077032
			vertex -0.003895058063790202 -0.03214951604604721 0.003000000026077032
		endloop
	endfacet
	facet normal 0 0 1
		outer loop
			vertex -0.0030249999836087227 -0.02604999952018261 0.003000000026077032
			vertex -0.004112000111490488 -0.032099999487400055 0.003000000026077032
			vertex -0.00400073966011405 -0.03211253508925438 0.003000000026077032
		endloop
	endfacet
	facet normal 0 0 1
		outer loop
			vertex -0.0030249999836087227 -0.02604999952018261 0.003000000026077032
			vertex -0.01602499932050705 -0.02604999952018261 0.003000000026077032
			vertex -0.012333057820796967 -0.031149515882134438 0.003000000026077032
		endloop
	endfacet
	facet normal 0 0 1
		outer loop
			vertex -0.01652500033378601 -0.012550000101327896 0.003000000026077032
			vertex -0.021575000137090683 -0.012550000101327896 0.003000000026077032
			vertex -0.021575000137090683 -0.025550000369548798 0.003000000026077032
		endloop
	endfacet
	facet normal 0 0 1
		outer loop
			vertex -0.01652500033378601 -0.012550000101327896 0.003000000026077032
			vertex -0.021575000137090683 -0.025550000369548798 0.003000000026077032
			vertex -0.01652500033378601 -0.025550000369548798 0.003000000026077032
		endloop
	endfacet
	facet normal 0 0 1
		outer loop
			vertex -0.022074999287724495 -0.007000000216066837 0.003000000026077032
			vertex -0.035075001418590546 -0.01205000001937151 0.003000000026077032
			vertex -0.022074999287724495 -0.01205000001937151 0.003000000026077032
		endloop
	endfacet
	facet normal 0 0 1
		outer loop
			vertex -0.022074999287724495 -0.007000000216066837 0.003000000026077032
			vertex -0.035075001418590546 -0.007000000216066837 0.003000000026077032
			vertex -0.035075001418590546 -0.01205000001937151 0.003000000026077032
		endloop
	endfacet
	facet normal 0 0 1
		outer loop
			vertex 0.0025375359691679478 -0.03148873895406723 0.003000000026077032
			vertex -0.0036615156568586826 -0.03238305822014809 0.003000000026077032
			vertex 0.002524999901652336 -0.031599998474121094 0.003000000026077032
		endloop
	endfacet
	facet normal 0 0 1
		outer loop
			vertex 0.0025375359691679478 -0.03148873895406723 0.003000000026077032
			vertex -0.003721084212884307 -0.03228825330734253 0.003000000026077032
			vertex -0.0036615156568586826 -0.03238305822014809 0.003000000026077032
		endloop
	endfacet
	facet normal 0 0 1
		outer loop
			vertex -0.0029137395322322845 -0.026037463918328285 0.003000000026077032
			vertex -0.0030249999836087227 -0.02604999952018261 0.003000000026077032
			vertex -0.003895058063790202 -0.03214951604604721 0.003000000026077032
		endloop
	endfacet
	facet normal 0 0 1
		outer loop
			vertex -0.0029137395322322845 -0.026037463918328285 0.003000000026077032
			vertex -0.003895058063790202 -0.03214951604604721 0.003000000026077032
			vertex -0.003800255013629794 -0.03220908343791962 0.003000000026077032
		endloop
	endfacet
	facet normal 0 0 1
		outer loop
			vertex -0.016512464731931686 -0.012438739649951458 0.003000000026077032
			vertex -0.021587535738945007 -0.012438739649951458 0.003000000026077032
			vertex -0.021575000137090683 -0.012550000101327896 0.003000000026077032
		endloop
	endfacet
	facet normal 0 0 1
		outer loop
			vertex -0.016512464731931686 -0.012438739649951458 0.003000000026077032
			vertex -0.021575000137090683 -0.012550000101327896 0.003000000026077032
			vertex -0.01652500033378601 -0.012550000101327896 0.003000000026077032
		endloop
	endfacet
	facet normal 0 0 1
		outer loop
			vertex -0.02196373976767063 -0.006987464148551226 0.003000000026077032
			vertex -0.022074999287724495 -0.01205000001937151 0.003000000026077032
			vertex -0.02196373976767063 -0.012062535621225834 0.003000000026077032
		endloop
	endfacet
	facet normal 0 0 1
		outer loop
			vertex -0.02196373976767063 -0.006987464148551226 0.003000000026077032
			vertex -0.022074999287724495 -0.007000000216066837 0.003000000026077032
			vertex -0.022074999287724495 -0.01205000001937151 0.003000000026077032
		endloop
	endfacet
	facet normal 0 0 1
		outer loop
			vertex 0.0025745155289769173 -0.03138305991888046 0.003000000026077032
			vertex -0.003721084212884307 -0.03228825330734253 0.003000000026077032
			vertex 0.0025375359691679478 -0.03148873895406723 0.003000000026077032
		endloop
	endfacet
	facet normal 0 0 1
		outer loop
			vertex -0.0028080581687390804 -0.026000484824180603 0.003000000026077032
			vertex -0.0029137395322322845 -0.026037463918328285 0.003000000026077032
			vertex -0.003800255013629794 -0.03220908343791962 0.003000000026077032
		endloop
	endfacet
	facet normal 0 0 1
		outer loop
			vertex -0.0028080581687390804 -0.026000484824180603 0.003000000026077032
			vertex -0.003721084212884307 -0.03228825330734253 0.003000000026077032
			vertex 0.0025745155289769173 -0.03138305991888046 0.003000000026077032
		endloop
	endfacet
	facet normal 0 0 1
		outer loop
			vertex -0.0028080581687390804 -0.026000484824180603 0.003000000026077032
			vertex -0.003800255013629794 -0.03220908343791962 0.003000000026077032
			vertex -0.003721084212884307 -0.03228825330734253 0.003000000026077032
		endloop
	endfacet
	facet normal 0 0 1
		outer loop
			vertex -0.016475483775138855 -0.012333057820796967 0.003000000026077032
			vertex -0.021587535738945007 -0.012438739649951458 0.003000000026077032
			vertex -0.016512464731931686 -0.012438739649951458 0.003000000026077032
		endloop
	endfacet
	facet normal 0 0 1
		outer loop
			vertex -0.016475483775138855 -0.012333057820796967 0.003000000026077032
			vertex -0.02162451483309269 -0.012333057820796967 0.003000000026077032
			vertex -0.021587535738945007 -0.012438739649951458 0.003000000026077032
		endloop
	endfacet
	facet normal 0 0 1
		outer loop
			vertex -0.021858058869838715 -0.006950484588742256 0.003000000026077032
			vertex -0.02196373976767063 -0.012062535621225834 0.003000000026077032
			vertex -0.021858058869838715 -0.01209951564669609 0.003000000026077032
		endloop
	endfacet
	facet normal 0 0 1
		outer loop
			vertex -0.021858058869838715 -0.006950484588742256 0.003000000026077032
			vertex -0.02196373976767063 -0.006987464148551226 0.003000000026077032
			vertex -0.02196373976767063 -0.012062535621225834 0.003000000026077032
		endloop
	endfacet
	facet normal 0 0 1
		outer loop
			vertex -0.01641591638326645 -0.012238254770636559 0.003000000026077032
			vertex -0.021684084087610245 -0.012238254770636559 0.003000000026077032
			vertex -0.02162451483309269 -0.012333057820796967 0.003000000026077032
		endloop
	endfacet
	facet normal 0 0 1
		outer loop
			vertex -0.01641591638326645 -0.012238254770636559 0.003000000026077032
			vertex -0.02162451483309269 -0.012333057820796967 0.003000000026077032
			vertex -0.016475483775138855 -0.012333057820796967 0.003000000026077032
		endloop
	endfacet
	facet normal 0 0 1
		outer loop
			vertex -0.021763255819678307 -0.006890915799885988 0.003000000026077032
			vertex -0.021858058869838715 -0.01209951564669609 0.003000000026077032
			vertex -0.021763255819678307 -0.012159083969891071 0.003000000026077032
		endloop
	endfacet
	facet normal 0 0 1
		outer loop
			vertex -0.021763255819678307 -0.006890915799885988 0.003000000026077032
			vertex -0.021858058869838715 -0.006950484588742256 0.003000000026077032
			vertex -0.021858058869838715 -0.01209951564669609 0.003000000026077032
		endloop
	endfacet
	facet normal 0 0 1
		outer loop
			vertex -0.0027132551185786724 -0.025940915569663048 0.003000000026077032
			vertex 0.0025745155289769173 -0.03138305991888046 0.003000000026077032
			vertex 0.002634084317833185 -0.031288255006074905 0.003000000026077032
		endloop
	endfacet
	facet normal 0 0 1
		outer loop
			vertex -0.0027132551185786724 -0.025940915569663048 0.003000000026077032
			vertex -0.0028080581687390804 -0.026000484824180603 0.003000000026077032
			vertex 0.0025745155289769173 -0.03138305991888046 0.003000000026077032
		endloop
	endfacet
	facet normal 0 0 1
		outer loop
			vertex -0.002634084317833185 -0.025861745700240135 0.003000000026077032
			vertex 0.002634084317833185 -0.031288255006074905 0.003000000026077032
			vertex 0.0027132551185786724 -0.031209085136651993 0.003000000026077032
		endloop
	endfacet
	facet normal 0 0 1
		outer loop
			vertex -0.002634084317833185 -0.025861745700240135 0.003000000026077032
			vertex -0.0027132551185786724 -0.025940915569663048 0.003000000026077032
			vertex 0.002634084317833185 -0.031288255006074905 0.003000000026077032
		endloop
	endfacet
	facet normal 0 0 1
		outer loop
			vertex -0.016336744651198387 -0.012159083969891071 0.003000000026077032
			vertex -0.021763255819678307 -0.012159083969891071 0.003000000026077032
			vertex -0.021684084087610245 -0.012238254770636559 0.003000000026077032
		endloop
	endfacet
	facet normal 0 0 1
		outer loop
			vertex -0.016336744651198387 -0.012159083969891071 0.003000000026077032
			vertex -0.021684084087610245 -0.012238254770636559 0.003000000026077032
			vertex -0.01641591638326645 -0.012238254770636559 0.003000000026077032
		endloop
	endfacet
	facet normal 0 0 1
		outer loop
			vertex 0.01976325549185276 -0.04390391707420349 0.003000000026077032
			vertex 0.016512464731931686 -0.04471126198768616 0.003000000026077032
			vertex 0.016475483775138855 -0.044816941022872925 0.003000000026077032
		endloop
	endfacet
	facet normal 0 0 1
		outer loop
			vertex 0.0196840837597847 -0.04382474347949028 0.003000000026077032
			vertex 0.01652500033378601 -0.044599998742341995 0.003000000026077032
			vertex 0.016512464731931686 -0.04471126198768616 0.003000000026077032
		endloop
	endfacet
	facet normal 0 0 1
		outer loop
			vertex 0.0196840837597847 -0.04382474347949028 0.003000000026077032
			vertex 0.016512464731931686 -0.04471126198768616 0.003000000026077032
			vertex 0.01976325549185276 -0.04390391707420349 0.003000000026077032
		endloop
	endfacet
	facet normal 0 0 1
		outer loop
			vertex 0.01985805854201317 -0.0439634844660759 0.003000000026077032
			vertex 0.016475483775138855 -0.044816941022872925 0.003000000026077032
			vertex 0.01641591638326645 -0.04491174593567848 0.003000000026077032
		endloop
	endfacet
	facet normal 0 0 1
		outer loop
			vertex 0.01985805854201317 -0.0439634844660759 0.003000000026077032
			vertex 0.01976325549185276 -0.04390391707420349 0.003000000026077032
			vertex 0.016475483775138855 -0.044816941022872925 0.003000000026077032
		endloop
	endfacet
	facet normal 0 0 1
		outer loop
			vertex 0.019624516367912292 -0.04372994229197502 0.003000000026077032
			vertex 0.01652500033378601 -0.044599998742341995 0.003000000026077032
			vertex 0.0196840837597847 -0.04382474347949028 0.003000000026077032
		endloop
	endfacet
	facet normal 0 0 1
		outer loop
			vertex 0.01958753541111946 -0.043624259531497955 0.003000000026077032
			vertex 0.01652500033378601 -0.044599998742341995 0.003000000026077032
			vertex 0.019624516367912292 -0.04372994229197502 0.003000000026077032
		endloop
	endfacet
	facet normal 0 0 1
		outer loop
			vertex 0.019963739439845085 -0.04400046542286873 0.003000000026077032
			vertex 0.01641591638326645 -0.04491174593567848 0.003000000026077032
			vertex 0.016336744651198387 -0.044990915805101395 0.003000000026077032
		endloop
	endfacet
	facet normal 0 0 1
		outer loop
			vertex 0.019963739439845085 -0.04400046542286873 0.003000000026077032
			vertex 0.01985805854201317 -0.0439634844660759 0.003000000026077032
			vertex 0.01641591638326645 -0.04491174593567848 0.003000000026077032
		endloop
	endfacet
	facet normal 0 0 1
		outer loop
			vertex 0.020075000822544098 -0.04401300102472305 0.003000000026077032
			vertex 0.016336744651198387 -0.044990915805101395 0.003000000026077032
			vertex 0.01624194160103798 -0.0450504831969738 0.003000000026077032
		endloop
	endfacet
	facet normal 0 0 1
		outer loop
			vertex 0.020075000822544098 -0.04401300102472305 0.003000000026077032
			vertex 0.019963739439845085 -0.04400046542286873 0.003000000026077032
			vertex 0.016336744651198387 -0.044990915805101395 0.003000000026077032
		endloop
	endfacet
	facet normal 0 0 1
		outer loop
			vertex 0.019574999809265137 -0.04351300001144409 0.003000000026077032
			vertex 0.01652500033378601 -0.044599998742341995 0.003000000026077032
			vertex 0.01958753541111946 -0.043624259531497955 0.003000000026077032
		endloop
	endfacet
	facet normal 0 0 1
		outer loop
			vertex -0.03546591475605965 0.012238254770636559 0.003000000026077032
			vertex -0.03546591475605965 0.006811744999140501 0.003000000026077032
			vertex -0.035386744886636734 0.006890915799885988 0.003000000026077032
		endloop
	endfacet
	facet normal 0 0 1
		outer loop
			vertex -0.03546591475605965 0.012238254770636559 0.003000000026077032
			vertex -0.035386744886636734 0.006890915799885988 0.003000000026077032
			vertex -0.035386744886636734 0.012159083969891071 0.003000000026077032
		endloop
	endfacet
	facet normal 0 0 1
		outer loop
			vertex -0.01641591638326645 -0.006811744999140501 0.003000000026077032
			vertex -0.016336744651198387 -0.012159083969891071 0.003000000026077032
			vertex -0.016336744651198387 -0.006890915799885988 0.003000000026077032
		endloop
	endfacet
	facet normal 0 0 1
		outer loop
			vertex -0.01641591638326645 -0.006811744999140501 0.003000000026077032
			vertex -0.021763255819678307 -0.012159083969891071 0.003000000026077032
			vertex -0.016336744651198387 -0.012159083969891071 0.003000000026077032
		endloop
	endfacet
	facet normal 0 0 1
		outer loop
			vertex -0.01641591638326645 -0.006811744999140501 0.003000000026077032
			vertex -0.021684084087610245 -0.006811744999140501 0.003000000026077032
			vertex -0.021763255819678307 -0.006890915799885988 0.003000000026077032
		endloop
	endfacet
	facet normal 0 0 1
		outer loop
			vertex -0.01641591638326645 -0.006811744999140501 0.003000000026077032
			vertex -0.021763255819678307 -0.006890915799885988 0.003000000026077032
			vertex -0.021763255819678307 -0.012159083969891071 0.003000000026077032
		endloop
	endfacet
	facet normal 0 0 1
		outer loop
			vertex 0.002634084317833185 -0.025861745700240135 0.003000000026077032
			vertex -0.002634084317833185 -0.025861745700240135 0.003000000026077032
			vertex 0.0027132551185786724 -0.031209085136651993 0.003000000026077032
		endloop
	endfacet
	facet normal 0 0 1
		outer loop
			vertex 0.002634084317833185 -0.025861745700240135 0.003000000026077032
			vertex 0.0027132551185786724 -0.031209085136651993 0.003000000026077032
			vertex 0.0027132551185786724 -0.025940915569663048 0.003000000026077032
		endloop
	endfacet
	facet normal 0 0 1
		outer loop
			vertex -0.01624194160103798 -0.006950484588742256 0.003000000026077032
			vertex -0.016336744651198387 -0.006890915799885988 0.003000000026077032
			vertex -0.016336744651198387 -0.012159083969891071 0.003000000026077032
		endloop
	endfacet
	facet normal 0 0 1
		outer loop
			vertex -0.01624194160103798 -0.006950484588742256 0.003000000026077032
			vertex -0.016336744651198387 -0.012159083969891071 0.003000000026077032
			vertex -0.01624194160103798 -0.01209951564669609 0.003000000026077032
		endloop
	endfacet
	facet normal 0 0 1
		outer loop
			vertex -0.016475483775138855 -0.006716941948980093 0.003000000026077032
			vertex -0.02162451483309269 -0.006716941948980093 0.003000000026077032
			vertex -0.021684084087610245 -0.006811744999140501 0.003000000026077032
		endloop
	endfacet
	facet normal 0 0 1
		outer loop
			vertex -0.016475483775138855 -0.006716941948980093 0.003000000026077032
			vertex -0.021684084087610245 -0.006811744999140501 0.003000000026077032
			vertex -0.01641591638326645 -0.006811744999140501 0.003000000026077032
		endloop
	endfacet
	facet normal 0 0 1
		outer loop
			vertex -0.035291943699121475 0.01209951564669609 0.003000000026077032
			vertex -0.035386744886636734 0.006890915799885988 0.003000000026077032
			vertex -0.035291943699121475 0.006950484588742256 0.003000000026077032
		endloop
	endfacet
	facet normal 0 0 1
		outer loop
			vertex -0.035291943699121475 0.01209951564669609 0.003000000026077032
			vertex -0.035386744886636734 0.012159083969891071 0.003000000026077032
			vertex -0.035386744886636734 0.006890915799885988 0.003000000026077032
		endloop
	endfacet
	facet normal 0 0 1
		outer loop
			vertex -0.03552548587322235 0.012333057820796967 0.003000000026077032
			vertex -0.03552548587322235 0.006716941948980093 0.003000000026077032
			vertex -0.03546591475605965 0.006811744999140501 0.003000000026077032
		endloop
	endfacet
	facet normal 0 0 1
		outer loop
			vertex -0.03552548587322235 0.012333057820796967 0.003000000026077032
			vertex -0.03546591475605965 0.006811744999140501 0.003000000026077032
			vertex -0.03546591475605965 0.012238254770636559 0.003000000026077032
		endloop
	endfacet
	facet normal 0 0 1
		outer loop
			vertex 0.0028080581687390804 -0.026000484824180603 0.003000000026077032
			vertex 0.0027132551185786724 -0.031209085136651993 0.003000000026077032
			vertex 0.0028080581687390804 -0.031149515882134438 0.003000000026077032
		endloop
	endfacet
	facet normal 0 0 1
		outer loop
			vertex 0.0028080581687390804 -0.026000484824180603 0.003000000026077032
			vertex 0.0027132551185786724 -0.025940915569663048 0.003000000026077032
			vertex 0.0027132551185786724 -0.031209085136651993 0.003000000026077032
		endloop
	endfacet
	facet normal 0 0 1
		outer loop
			vertex 0.0025745155289769173 -0.025766942650079727 0.003000000026077032
			vertex -0.002634084317833185 -0.025861745700240135 0.003000000026077032
			vertex 0.002634084317833185 -0.025861745700240135 0.003000000026077032
		endloop
	endfacet
	facet normal 0 0 1
		outer loop
			vertex 0.0025745155289769173 -0.025766942650079727 0.003000000026077032
			vertex -0.0025745155289769173 -0.025766942650079727 0.003000000026077032
			vertex -0.002634084317833185 -0.025861745700240135 0.003000000026077032
		endloop
	endfacet
	facet normal 0 0 1
		outer loop
			vertex -0.016136260703206062 -0.006987464148551226 0.003000000026077032
			vertex -0.01624194160103798 -0.01209951564669609 0.003000000026077032
			vertex -0.016136260703206062 -0.012062535621225834 0.003000000026077032
		endloop
	endfacet
	facet normal 0 0 1
		outer loop
			vertex -0.016136260703206062 -0.006987464148551226 0.003000000026077032
			vertex -0.01624194160103798 -0.006950484588742256 0.003000000026077032
			vertex -0.01624194160103798 -0.01209951564669609 0.003000000026077032
		endloop
	endfacet
	facet normal 0 0 1
		outer loop
			vertex 0.0025375359691679478 -0.02566125988960266 0.003000000026077032
			vertex -0.0025375359691679478 -0.02566125988960266 0.003000000026077032
			vertex -0.0025745155289769173 -0.025766942650079727 0.003000000026077032
		endloop
	endfacet
	facet normal 0 0 1
		outer loop
			vertex 0.0025375359691679478 -0.02566125988960266 0.003000000026077032
			vertex -0.0025745155289769173 -0.025766942650079727 0.003000000026077032
			vertex 0.0025745155289769173 -0.025766942650079727 0.003000000026077032
		endloop
	endfacet
	facet normal 0 0 1
		outer loop
			vertex -0.03518626093864441 0.012062535621225834 0.003000000026077032
			vertex -0.035291943699121475 0.006950484588742256 0.003000000026077032
			vertex -0.03518626093864441 0.006987464148551226 0.003000000026077032
		endloop
	endfacet
	facet normal 0 0 1
		outer loop
			vertex -0.03518626093864441 0.012062535621225834 0.003000000026077032
			vertex -0.035291943699121475 0.01209951564669609 0.003000000026077032
			vertex -0.035291943699121475 0.006950484588742256 0.003000000026077032
		endloop
	endfacet
	facet normal 0 0 1
		outer loop
			vertex -0.035562463104724884 0.012438739649951458 0.003000000026077032
			vertex -0.035562463104724884 0.006611260585486889 0.003000000026077032
			vertex -0.03552548587322235 0.006716941948980093 0.003000000026077032
		endloop
	endfacet
	facet normal 0 0 1
		outer loop
			vertex -0.035562463104724884 0.012438739649951458 0.003000000026077032
			vertex -0.03552548587322235 0.006716941948980093 0.003000000026077032
			vertex -0.03552548587322235 0.012333057820796967 0.003000000026077032
		endloop
	endfacet
	facet normal 0 0 1
		outer loop
			vertex 0.0029137395322322845 -0.026037463918328285 0.003000000026077032
			vertex 0.0028080581687390804 -0.031149515882134438 0.003000000026077032
			vertex 0.0029137395322322845 -0.031112536787986755 0.003000000026077032
		endloop
	endfacet
	facet normal 0 0 1
		outer loop
			vertex 0.0029137395322322845 -0.026037463918328285 0.003000000026077032
			vertex 0.0028080581687390804 -0.026000484824180603 0.003000000026077032
			vertex 0.0028080581687390804 -0.031149515882134438 0.003000000026077032
		endloop
	endfacet
	facet normal 0 0 1
		outer loop
			vertex -0.016512464731931686 -0.006611260585486889 0.003000000026077032
			vertex -0.02162451483309269 -0.006716941948980093 0.003000000026077032
			vertex -0.016475483775138855 -0.006716941948980093 0.003000000026077032
		endloop
	endfacet
	facet normal 0 0 1
		outer loop
			vertex -0.016512464731931686 -0.006611260585486889 0.003000000026077032
			vertex -0.021587535738945007 -0.006611260585486889 0.003000000026077032
			vertex -0.02162451483309269 -0.006716941948980093 0.003000000026077032
		endloop
	endfacet
	facet normal 0 0 1
		outer loop
			vertex -0.01652500033378601 -0.006500000134110451 0.003000000026077032
			vertex -0.021575000137090683 -0.006500000134110451 0.003000000026077032
			vertex -0.021587535738945007 -0.006611260585486889 0.003000000026077032
		endloop
	endfacet
	facet normal 0 0 1
		outer loop
			vertex -0.01652500033378601 -0.006500000134110451 0.003000000026077032
			vertex -0.021587535738945007 -0.006611260585486889 0.003000000026077032
			vertex -0.016512464731931686 -0.006611260585486889 0.003000000026077032
		endloop
	endfacet
	facet normal 0 0 1
		outer loop
			vertex -0.01602499932050705 -0.007000000216066837 0.003000000026077032
			vertex -0.016136260703206062 -0.006987464148551226 0.003000000026077032
			vertex -0.016136260703206062 -0.012062535621225834 0.003000000026077032
		endloop
	endfacet
	facet normal 0 0 1
		outer loop
			vertex -0.01602499932050705 -0.007000000216066837 0.003000000026077032
			vertex -0.016136260703206062 -0.012062535621225834 0.003000000026077032
			vertex -0.01602499932050705 -0.01205000001937151 0.003000000026077032
		endloop
	endfacet
	facet normal 0 0 1
		outer loop
			vertex -0.03557499870657921 0.012550000101327896 0.003000000026077032
			vertex -0.03557499870657921 0.006500000134110451 0.003000000026077032
			vertex -0.035562463104724884 0.006611260585486889 0.003000000026077032
		endloop
	endfacet
	facet normal 0 0 1
		outer loop
			vertex -0.03557499870657921 0.012550000101327896 0.003000000026077032
			vertex -0.035562463104724884 0.006611260585486889 0.003000000026077032
			vertex -0.035562463104724884 0.012438739649951458 0.003000000026077032
		endloop
	endfacet
	facet normal 0 0 1
		outer loop
			vertex -0.035075001418590546 0.01205000001937151 0.003000000026077032
			vertex -0.03518626093864441 0.006987464148551226 0.003000000026077032
			vertex -0.035075001418590546 0.007000000216066837 0.003000000026077032
		endloop
	endfacet
	facet normal 0 0 1
		outer loop
			vertex -0.035075001418590546 0.01205000001937151 0.003000000026077032
			vertex -0.03518626093864441 0.012062535621225834 0.003000000026077032
			vertex -0.03518626093864441 0.006987464148551226 0.003000000026077032
		endloop
	endfacet
	facet normal 0 0 1
		outer loop
			vertex 0.002524999901652336 -0.025550000369548798 0.003000000026077032
			vertex -0.002524999901652336 -0.025550000369548798 0.003000000026077032
			vertex -0.0025375359691679478 -0.02566125988960266 0.003000000026077032
		endloop
	endfacet
	facet normal 0 0 1
		outer loop
			vertex 0.002524999901652336 -0.025550000369548798 0.003000000026077032
			vertex -0.0025375359691679478 -0.02566125988960266 0.003000000026077032
			vertex 0.0025375359691679478 -0.02566125988960266 0.003000000026077032
		endloop
	endfacet
	facet normal 0 0 1
		outer loop
			vertex 0.0030249999836087227 -0.02604999952018261 0.003000000026077032
			vertex 0.0029137395322322845 -0.031112536787986755 0.003000000026077032
			vertex 0.0030249999836087227 -0.031099999323487282 0.003000000026077032
		endloop
	endfacet
	facet normal 0 0 1
		outer loop
			vertex 0.0030249999836087227 -0.02604999952018261 0.003000000026077032
			vertex 0.0029137395322322845 -0.026037463918328285 0.003000000026077032
			vertex 0.0029137395322322845 -0.031112536787986755 0.003000000026077032
		endloop
	endfacet
	facet normal 0 0 1
		outer loop
			vertex 0.019574999809265137 -0.03751299902796745 0.003000000026077032
			vertex 0.01652500033378601 -0.044599998742341995 0.003000000026077032
			vertex 0.019574999809265137 -0.04351300001144409 0.003000000026077032
		endloop
	endfacet
	facet normal 0 0 1
		outer loop
			vertex 0.01652500033378601 -0.031599998474121094 0.003000000026077032
			vertex 0.01976325549185276 -0.03712208569049835 0.003000000026077032
			vertex 0.01985805854201317 -0.03706251457333565 0.003000000026077032
		endloop
	endfacet
	facet normal 0 0 1
		outer loop
			vertex 0.01652500033378601 -0.031599998474121094 0.003000000026077032
			vertex 0.0196840837597847 -0.037201255559921265 0.003000000026077032
			vertex 0.01976325549185276 -0.03712208569049835 0.003000000026077032
		endloop
	endfacet
	facet normal 0 0 1
		outer loop
			vertex 0.01652500033378601 -0.031599998474121094 0.003000000026077032
			vertex 0.019624516367912292 -0.03729605674743652 0.003000000026077032
			vertex 0.0196840837597847 -0.037201255559921265 0.003000000026077032
		endloop
	endfacet
	facet normal 0 0 1
		outer loop
			vertex 0.01652500033378601 -0.031599998474121094 0.003000000026077032
			vertex 0.01958753541111946 -0.03740173950791359 0.003000000026077032
			vertex 0.019624516367912292 -0.03729605674743652 0.003000000026077032
		endloop
	endfacet
	facet normal 0 0 1
		outer loop
			vertex 0.01652500033378601 -0.031599998474121094 0.003000000026077032
			vertex 0.019574999809265137 -0.03751299902796745 0.003000000026077032
			vertex 0.01958753541111946 -0.03740173950791359 0.003000000026077032
		endloop
	endfacet
	facet normal 0 0 1
		outer loop
			vertex 0.01652500033378601 -0.031599998474121094 0.003000000026077032
			vertex 0.01652500033378601 -0.044599998742341995 0.003000000026077032
			vertex 0.019574999809265137 -0.03751299902796745 0.003000000026077032
		endloop
	endfacet
	facet normal 0 0 1
		outer loop
			vertex 0.021684084087610245 -0.035386744886636734 0.003000000026077032
			vertex 0.020075000822544098 -0.03701300173997879 0.003000000026077032
			vertex 0.021763255819678307 -0.03546591475605965 0.003000000026077032
		endloop
	endfacet
	facet normal 0 0 1
		outer loop
			vertex 0.021858058869838715 -0.03552548587322235 0.003000000026077032
			vertex 0.021763255819678307 -0.03546591475605965 0.003000000026077032
			vertex 0.020075000822544098 -0.03701300173997879 0.003000000026077032
		endloop
	endfacet
	facet normal 0 0 1
		outer loop
			vertex 0.02162451483309269 -0.035291943699121475 0.003000000026077032
			vertex 0.020075000822544098 -0.03701300173997879 0.003000000026077032
			vertex 0.021684084087610245 -0.035386744886636734 0.003000000026077032
		endloop
	endfacet
	facet normal 0 0 1
		outer loop
			vertex 0.02196373976767063 -0.035562463104724884 0.003000000026077032
			vertex 0.021858058869838715 -0.03552548587322235 0.003000000026077032
			vertex 0.020075000822544098 -0.03701300173997879 0.003000000026077032
		endloop
	endfacet
	facet normal 0 0 1
		outer loop
			vertex 0.021587535738945007 -0.03518626093864441 0.003000000026077032
			vertex 0.020075000822544098 -0.03701300173997879 0.003000000026077032
			vertex 0.02162451483309269 -0.035291943699121475 0.003000000026077032
		endloop
	endfacet
	facet normal 0 0 1
		outer loop
			vertex 0.022074999287724495 -0.03557499870657921 0.003000000026077032
			vertex 0.02196373976767063 -0.035562463104724884 0.003000000026077032
			vertex 0.020075000822544098 -0.03701300173997879 0.003000000026077032
		endloop
	endfacet
	facet normal 0 0 1
		outer loop
			vertex 0.021575000137090683 -0.035075001418590546 0.003000000026077032
			vertex 0.01985805854201317 -0.03706251457333565 0.003000000026077032
			vertex 0.019963739439845085 -0.037025537341833115 0.003000000026077032
		endloop
	endfacet
	facet normal 0 0 1
		outer loop
			vertex 0.021575000137090683 -0.035075001418590546 0.003000000026077032
			vertex 0.016512464731931686 -0.03148873895406723 0.003000000026077032
			vertex 0.01652500033378601 -0.031599998474121094 0.003000000026077032
		endloop
	endfacet
	facet normal 0 0 1
		outer loop
			vertex 0.021575000137090683 -0.035075001418590546 0.003000000026077032
			vertex 0.016475483775138855 -0.03138305991888046 0.003000000026077032
			vertex 0.016512464731931686 -0.03148873895406723 0.003000000026077032
		endloop
	endfacet
	facet normal 0 0 1
		outer loop
			vertex 0.021575000137090683 -0.035075001418590546 0.003000000026077032
			vertex 0.020075000822544098 -0.03701300173997879 0.003000000026077032
			vertex 0.021587535738945007 -0.03518626093864441 0.003000000026077032
		endloop
	endfacet
	facet normal 0 0 1
		outer loop
			vertex 0.021575000137090683 -0.035075001418590546 0.003000000026077032
			vertex 0.01652500033378601 -0.031599998474121094 0.003000000026077032
			vertex 0.01985805854201317 -0.03706251457333565 0.003000000026077032
		endloop
	endfacet
	facet normal 0 0 1
		outer loop
			vertex 0.021575000137090683 -0.035075001418590546 0.003000000026077032
			vertex 0.019963739439845085 -0.037025537341833115 0.003000000026077032
			vertex 0.020075000822544098 -0.03701300173997879 0.003000000026077032
		endloop
	endfacet
	facet normal 0 0 1
		outer loop
			vertex 0.01602499932050705 -0.02604999952018261 0.003000000026077032
			vertex 0.0030249999836087227 -0.031099999323487282 0.003000000026077032
			vertex 0.01602499932050705 -0.031099999323487282 0.003000000026077032
		endloop
	endfacet
	facet normal 0 0 1
		outer loop
			vertex 0.01602499932050705 -0.02604999952018261 0.003000000026077032
			vertex 0.0030249999836087227 -0.02604999952018261 0.003000000026077032
			vertex 0.0030249999836087227 -0.031099999323487282 0.003000000026077032
		endloop
	endfacet
	facet normal 0 0 1
		outer loop
			vertex 0.002524999901652336 -0.012550000101327896 0.003000000026077032
			vertex -0.002524999901652336 -0.012550000101327896 0.003000000026077032
			vertex -0.002524999901652336 -0.025550000369548798 0.003000000026077032
		endloop
	endfacet
	facet normal 0 0 1
		outer loop
			vertex 0.002524999901652336 -0.012550000101327896 0.003000000026077032
			vertex -0.002524999901652336 -0.025550000369548798 0.003000000026077032
			vertex 0.002524999901652336 -0.025550000369548798 0.003000000026077032
		endloop
	endfacet
	facet normal 0 0 1
		outer loop
			vertex -0.0030249999836087227 -0.007000000216066837 0.003000000026077032
			vertex -0.01602499932050705 -0.01205000001937151 0.003000000026077032
			vertex -0.0030249999836087227 -0.01205000001937151 0.003000000026077032
		endloop
	endfacet
	facet normal 0 0 1
		outer loop
			vertex -0.0030249999836087227 -0.007000000216066837 0.003000000026077032
			vertex -0.01602499932050705 -0.007000000216066837 0.003000000026077032
			vertex -0.01602499932050705 -0.01205000001937151 0.003000000026077032
		endloop
	endfacet
	facet normal 0 0 1
		outer loop
			vertex -0.01652500033378601 0.006500000134110451 0.003000000026077032
			vertex -0.021575000137090683 -0.006500000134110451 0.003000000026077032
			vertex -0.01652500033378601 -0.006500000134110451 0.003000000026077032
		endloop
	endfacet
	facet normal 0 0 1
		outer loop
			vertex -0.01652500033378601 0.006500000134110451 0.003000000026077032
			vertex -0.021575000137090683 0.006500000134110451 0.003000000026077032
			vertex -0.021575000137090683 -0.006500000134110451 0.003000000026077032
		endloop
	endfacet
	facet normal 0 0 1
		outer loop
			vertex -0.022074999287724495 0.01205000001937151 0.003000000026077032
			vertex -0.035075001418590546 0.007000000216066837 0.003000000026077032
			vertex -0.022074999287724495 0.007000000216066837 0.003000000026077032
		endloop
	endfacet
	facet normal 0 0 1
		outer loop
			vertex -0.022074999287724495 0.01205000001937151 0.003000000026077032
			vertex -0.035075001418590546 0.01205000001937151 0.003000000026077032
			vertex -0.035075001418590546 0.007000000216066837 0.003000000026077032
		endloop
	endfacet
	facet normal 0 0 1
		outer loop
			vertex 0.016136260703206062 -0.026037463918328285 0.003000000026077032
			vertex 0.01602499932050705 -0.031099999323487282 0.003000000026077032
			vertex 0.016136260703206062 -0.031112536787986755 0.003000000026077032
		endloop
	endfacet
	facet normal 0 0 1
		outer loop
			vertex 0.016136260703206062 -0.026037463918328285 0.003000000026077032
			vertex 0.01602499932050705 -0.02604999952018261 0.003000000026077032
			vertex 0.01602499932050705 -0.031099999323487282 0.003000000026077032
		endloop
	endfacet
	facet normal 0 0 1
		outer loop
			vertex -0.0029137395322322845 -0.006987464148551226 0.003000000026077032
			vertex -0.0030249999836087227 -0.007000000216066837 0.003000000026077032
			vertex -0.0030249999836087227 -0.01205000001937151 0.003000000026077032
		endloop
	endfacet
	facet normal 0 0 1
		outer loop
			vertex -0.0029137395322322845 -0.006987464148551226 0.003000000026077032
			vertex -0.0030249999836087227 -0.01205000001937151 0.003000000026077032
			vertex -0.0029137395322322845 -0.012062535621225834 0.003000000026077032
		endloop
	endfacet
	facet normal 0 0 1
		outer loop
			vertex -0.02196373976767063 0.012062535621225834 0.003000000026077032
			vertex -0.022074999287724495 0.007000000216066837 0.003000000026077032
			vertex -0.02196373976767063 0.006987464148551226 0.003000000026077032
		endloop
	endfacet
	facet normal 0 0 1
		outer loop
			vertex -0.02196373976767063 0.012062535621225834 0.003000000026077032
			vertex -0.022074999287724495 0.01205000001937151 0.003000000026077032
			vertex -0.022074999287724495 0.007000000216066837 0.003000000026077032
		endloop
	endfacet
	facet normal 0 0 1
		outer loop
			vertex -0.016512464731931686 0.006611260585486889 0.003000000026077032
			vertex -0.021587535738945007 0.006611260585486889 0.003000000026077032
			vertex -0.021575000137090683 0.006500000134110451 0.003000000026077032
		endloop
	endfacet
	facet normal 0 0 1
		outer loop
			vertex -0.016512464731931686 0.006611260585486889 0.003000000026077032
			vertex -0.021575000137090683 0.006500000134110451 0.003000000026077032
			vertex -0.01652500033378601 0.006500000134110451 0.003000000026077032
		endloop
	endfacet
	facet normal 0 0 1
		outer loop
			vertex 0.0025375359691679478 -0.012438739649951458 0.003000000026077032
			vertex -0.0025375359691679478 -0.012438739649951458 0.003000000026077032
			vertex -0.002524999901652336 -0.012550000101327896 0.003000000026077032
		endloop
	endfacet
	facet normal 0 0 1
		outer loop
			vertex 0.0025375359691679478 -0.012438739649951458 0.003000000026077032
			vertex -0.002524999901652336 -0.012550000101327896 0.003000000026077032
			vertex 0.002524999901652336 -0.012550000101327896 0.003000000026077032
		endloop
	endfacet
	facet normal 0 0 1
		outer loop
			vertex 0.0025745155289769173 -0.012333057820796967 0.003000000026077032
			vertex -0.0025375359691679478 -0.012438739649951458 0.003000000026077032
			vertex 0.0025375359691679478 -0.012438739649951458 0.003000000026077032
		endloop
	endfacet
	facet normal 0 0 1
		outer loop
			vertex 0.0025745155289769173 -0.012333057820796967 0.003000000026077032
			vertex -0.0025745155289769173 -0.012333057820796967 0.003000000026077032
			vertex -0.0025375359691679478 -0.012438739649951458 0.003000000026077032
		endloop
	endfacet
	facet normal 0 0 1
		outer loop
			vertex 0.01624194160103798 -0.026000484824180603 0.003000000026077032
			vertex 0.016136260703206062 -0.031112536787986755 0.003000000026077032
			vertex 0.01624194160103798 -0.031149515882134438 0.003000000026077032
		endloop
	endfacet
	facet normal 0 0 1
		outer loop
			vertex 0.01624194160103798 -0.026000484824180603 0.003000000026077032
			vertex 0.016136260703206062 -0.026037463918328285 0.003000000026077032
			vertex 0.016136260703206062 -0.031112536787986755 0.003000000026077032
		endloop
	endfacet
	facet normal 0 0 1
		outer loop
			vertex -0.016475483775138855 0.006716941948980093 0.003000000026077032
			vertex -0.02162451483309269 0.006716941948980093 0.003000000026077032
			vertex -0.021587535738945007 0.006611260585486889 0.003000000026077032
		endloop
	endfacet
	facet normal 0 0 1
		outer loop
			vertex -0.016475483775138855 0.006716941948980093 0.003000000026077032
			vertex -0.021587535738945007 0.006611260585486889 0.003000000026077032
			vertex -0.016512464731931686 0.006611260585486889 0.003000000026077032
		endloop
	endfacet
	facet normal 0 0 1
		outer loop
			vertex -0.0028080581687390804 -0.006950484588742256 0.003000000026077032
			vertex -0.0029137395322322845 -0.006987464148551226 0.003000000026077032
			vertex -0.0029137395322322845 -0.012062535621225834 0.003000000026077032
		endloop
	endfacet
	facet normal 0 0 1
		outer loop
			vertex -0.0028080581687390804 -0.006950484588742256 0.003000000026077032
			vertex -0.0029137395322322845 -0.012062535621225834 0.003000000026077032
			vertex -0.0028080581687390804 -0.01209951564669609 0.003000000026077032
		endloop
	endfacet
	facet normal 0 0 1
		outer loop
			vertex -0.021858058869838715 0.01209951564669609 0.003000000026077032
			vertex -0.02196373976767063 0.006987464148551226 0.003000000026077032
			vertex -0.021858058869838715 0.006950484588742256 0.003000000026077032
		endloop
	endfacet
	facet normal 0 0 1
		outer loop
			vertex -0.021858058869838715 0.01209951564669609 0.003000000026077032
			vertex -0.02196373976767063 0.012062535621225834 0.003000000026077032
			vertex -0.02196373976767063 0.006987464148551226 0.003000000026077032
		endloop
	endfacet
	facet normal 0 0 1
		outer loop
			vertex 0.016336744651198387 -0.025940915569663048 0.003000000026077032
			vertex 0.01624194160103798 -0.031149515882134438 0.003000000026077032
			vertex 0.016336744651198387 -0.031209085136651993 0.003000000026077032
		endloop
	endfacet
	facet normal 0 0 1
		outer loop
			vertex 0.016336744651198387 -0.025940915569663048 0.003000000026077032
			vertex 0.01624194160103798 -0.026000484824180603 0.003000000026077032
			vertex 0.01624194160103798 -0.031149515882134438 0.003000000026077032
		endloop
	endfacet
	facet normal 0 0 1
		outer loop
			vertex -0.0027132551185786724 -0.006890915799885988 0.003000000026077032
			vertex -0.0028080581687390804 -0.006950484588742256 0.003000000026077032
			vertex -0.0028080581687390804 -0.01209951564669609 0.003000000026077032
		endloop
	endfacet
	facet normal 0 0 1
		outer loop
			vertex -0.0027132551185786724 -0.006890915799885988 0.003000000026077032
			vertex -0.0028080581687390804 -0.01209951564669609 0.003000000026077032
			vertex -0.0027132551185786724 -0.012159083969891071 0.003000000026077032
		endloop
	endfacet
	facet normal 0 0 1
		outer loop
			vertex -0.01641591638326645 0.006811744999140501 0.003000000026077032
			vertex -0.021684084087610245 0.006811744999140501 0.003000000026077032
			vertex -0.02162451483309269 0.006716941948980093 0.003000000026077032
		endloop
	endfacet
	facet normal 0 0 1
		outer loop
			vertex -0.01641591638326645 0.006811744999140501 0.003000000026077032
			vertex -0.02162451483309269 0.006716941948980093 0.003000000026077032
			vertex -0.016475483775138855 0.006716941948980093 0.003000000026077032
		endloop
	endfacet
	facet normal 0 0 1
		outer loop
			vertex 0.002634084317833185 -0.012238254770636559 0.003000000026077032
			vertex -0.0025745155289769173 -0.012333057820796967 0.003000000026077032
			vertex 0.0025745155289769173 -0.012333057820796967 0.003000000026077032
		endloop
	endfacet
	facet normal 0 0 1
		outer loop
			vertex 0.002634084317833185 -0.012238254770636559 0.003000000026077032
			vertex -0.002634084317833185 -0.012238254770636559 0.003000000026077032
			vertex -0.0025745155289769173 -0.012333057820796967 0.003000000026077032
		endloop
	endfacet
	facet normal 0 0 1
		outer loop
			vertex -0.021763255819678307 0.012159083969891071 0.003000000026077032
			vertex -0.021858058869838715 0.006950484588742256 0.003000000026077032
			vertex -0.021763255819678307 0.006890915799885988 0.003000000026077032
		endloop
	endfacet
	facet normal 0 0 1
		outer loop
			vertex -0.021763255819678307 0.012159083969891071 0.003000000026077032
			vertex -0.021858058869838715 0.01209951564669609 0.003000000026077032
			vertex -0.021858058869838715 0.006950484588742256 0.003000000026077032
		endloop
	endfacet
	facet normal 0 0 1
		outer loop
			vertex 0.038100000470876694 -0.04762500151991844 0.003000000026077032
			vertex 0.016136260703206062 -0.04508746415376663 0.003000000026077032
			vertex 0.01602499932050705 -0.045099999755620956 0.003000000026077032
		endloop
	endfacet
	facet normal 0 0 1
		outer loop
			vertex 0.038100000470876694 -0.04762500151991844 0.003000000026077032
			vertex 0.01624194160103798 -0.0450504831969738 0.003000000026077032
			vertex 0.016136260703206062 -0.04508746415376663 0.003000000026077032
		endloop
	endfacet
	facet normal 0 0 1
		outer loop
			vertex 0.038100000470876694 -0.04762500151991844 0.003000000026077032
			vertex 0.01602499932050705 -0.045099999755620956 0.003000000026077032
			vertex -0.00400073966011405 -0.04708746448159218 0.003000000026077032
		endloop
	endfacet
	facet normal 0 0 1
		outer loop
			vertex 0.038100000470876694 -0.04762500151991844 0.003000000026077032
			vertex 0.020075000822544098 -0.04401300102472305 0.003000000026077032
			vertex 0.01624194160103798 -0.0450504831969738 0.003000000026077032
		endloop
	endfacet
	facet normal 0 0 1
		outer loop
			vertex 0.038100000470876694 -0.04762500151991844 0.003000000026077032
			vertex 0.03418625891208649 -0.04400046542286873 0.003000000026077032
			vertex 0.03407499939203262 -0.04401300102472305 0.003000000026077032
		endloop
	endfacet
	facet normal 0 0 1
		outer loop
			vertex 0.038100000470876694 -0.04762500151991844 0.003000000026077032
			vertex 0.03429194167256355 -0.0439634844660759 0.003000000026077032
			vertex 0.03418625891208649 -0.04400046542286873 0.003000000026077032
		endloop
	endfacet
	facet normal 0 0 1
		outer loop
			vertex 0.038100000470876694 -0.04762500151991844 0.003000000026077032
			vertex -0.00400073966011405 -0.04708746448159218 0.003000000026077032
			vertex -0.004112000111490488 -0.0471000000834465 0.003000000026077032
		endloop
	endfacet
	facet normal 0 0 1
		outer loop
			vertex 0.038100000470876694 -0.04762500151991844 0.003000000026077032
			vertex 0.03407499939203262 -0.04401300102472305 0.003000000026077032
			vertex 0.020075000822544098 -0.04401300102472305 0.003000000026077032
		endloop
	endfacet
	facet normal 0 0 1
		outer loop
			vertex 0.03438674658536911 -0.04390391707420349 0.003000000026077032
			vertex 0.03429194167256355 -0.0439634844660759 0.003000000026077032
			vertex 0.038100000470876694 -0.04762500151991844 0.003000000026077032
		endloop
	endfacet
	facet normal 0 0 1
		outer loop
			vertex 0.01641591638326645 -0.025861745700240135 0.003000000026077032
			vertex 0.016336744651198387 -0.031209085136651993 0.003000000026077032
			vertex 0.01641591638326645 -0.031288255006074905 0.003000000026077032
		endloop
	endfacet
	facet normal 0 0 1
		outer loop
			vertex 0.01641591638326645 -0.025861745700240135 0.003000000026077032
			vertex 0.016336744651198387 -0.025940915569663048 0.003000000026077032
			vertex 0.016336744651198387 -0.031209085136651993 0.003000000026077032
		endloop
	endfacet
	facet normal 0 0 1
		outer loop
			vertex 0.0027132551185786724 -0.012159083969891071 0.003000000026077032
			vertex -0.002634084317833185 -0.012238254770636559 0.003000000026077032
			vertex 0.002634084317833185 -0.012238254770636559 0.003000000026077032
		endloop
	endfacet
	facet normal 0 0 1
		outer loop
			vertex -0.002634084317833185 -0.006811744999140501 0.003000000026077032
			vertex -0.0027132551185786724 -0.006890915799885988 0.003000000026077032
			vertex -0.0027132551185786724 -0.012159083969891071 0.003000000026077032
		endloop
	endfacet
	facet normal 0 0 1
		outer loop
			vertex -0.002634084317833185 -0.006811744999140501 0.003000000026077032
			vertex -0.0027132551185786724 -0.012159083969891071 0.003000000026077032
			vertex -0.002634084317833185 -0.012238254770636559 0.003000000026077032
		endloop
	endfacet
	facet normal 0 0 1
		outer loop
			vertex -0.021684084087610245 0.012238254770636559 0.003000000026077032
			vertex -0.021763255819678307 0.012159083969891071 0.003000000026077032
			vertex -0.021763255819678307 0.006890915799885988 0.003000000026077032
		endloop
	endfacet
	facet normal 0 0 1
		outer loop
			vertex -0.021684084087610245 0.012238254770636559 0.003000000026077032
			vertex -0.021763255819678307 0.006890915799885988 0.003000000026077032
			vertex -0.021684084087610245 0.006811744999140501 0.003000000026077032
		endloop
	endfacet
	facet normal 0 0 1
		outer loop
			vertex 0.03446591645479202 -0.04382474347949028 0.003000000026077032
			vertex 0.03438674658536911 -0.04390391707420349 0.003000000026077032
			vertex 0.038100000470876694 -0.04762500151991844 0.003000000026077032
		endloop
	endfacet
	facet normal 0 0 1
		outer loop
			vertex 0.016475483775138855 -0.025766942650079727 0.003000000026077032
			vertex 0.01641591638326645 -0.031288255006074905 0.003000000026077032
			vertex 0.016475483775138855 -0.03138305991888046 0.003000000026077032
		endloop
	endfacet
	facet normal 0 0 1
		outer loop
			vertex 0.016475483775138855 -0.025766942650079727 0.003000000026077032
			vertex 0.01641591638326645 -0.025861745700240135 0.003000000026077032
			vertex 0.01641591638326645 -0.031288255006074905 0.003000000026077032
		endloop
	endfacet
	facet normal 0 0 1
		outer loop
			vertex 0.03452548384666443 -0.04372994229197502 0.003000000026077032
			vertex 0.03446591645479202 -0.04382474347949028 0.003000000026077032
			vertex 0.038100000470876694 -0.04762500151991844 0.003000000026077032
		endloop
	endfacet
	facet normal 0 0 1
		outer loop
			vertex 0.03456246480345726 -0.043624259531497955 0.003000000026077032
			vertex 0.03452548384666443 -0.04372994229197502 0.003000000026077032
			vertex 0.038100000470876694 -0.04762500151991844 0.003000000026077032
		endloop
	endfacet
	facet normal 0 0 1
		outer loop
			vertex 0.034575000405311584 -0.04351300001144409 0.003000000026077032
			vertex 0.03456246480345726 -0.043624259531497955 0.003000000026077032
			vertex 0.038100000470876694 -0.04762500151991844 0.003000000026077032
		endloop
	endfacet
	facet normal 0 0 1
		outer loop
			vertex 0.002634084317833185 -0.006811744999140501 0.003000000026077032
			vertex -0.002634084317833185 -0.006811744999140501 0.003000000026077032
			vertex -0.002634084317833185 -0.012238254770636559 0.003000000026077032
		endloop
	endfacet
	facet normal 0 0 1
		outer loop
			vertex 0.002634084317833185 -0.006811744999140501 0.003000000026077032
			vertex 0.0027132551185786724 -0.012159083969891071 0.003000000026077032
			vertex 0.0027132551185786724 -0.006890915799885988 0.003000000026077032
		endloop
	endfacet
	facet normal 0 0 1
		outer loop
			vertex 0.002634084317833185 -0.006811744999140501 0.003000000026077032
			vertex -0.002634084317833185 -0.012238254770636559 0.003000000026077032
			vertex 0.0027132551185786724 -0.012159083969891071 0.003000000026077032
		endloop
	endfacet
	facet normal 0 0 1
		outer loop
			vertex -0.01641591638326645 0.012238254770636559 0.003000000026077032
			vertex -0.016336744651198387 0.006890915799885988 0.003000000026077032
			vertex -0.016336744651198387 0.012159083969891071 0.003000000026077032
		endloop
	endfacet
	facet normal 0 0 1
		outer loop
			vertex -0.01641591638326645 0.012238254770636559 0.003000000026077032
			vertex -0.021684084087610245 0.006811744999140501 0.003000000026077032
			vertex -0.01641591638326645 0.006811744999140501 0.003000000026077032
		endloop
	endfacet
	facet normal 0 0 1
		outer loop
			vertex -0.01641591638326645 0.012238254770636559 0.003000000026077032
			vertex -0.021684084087610245 0.012238254770636559 0.003000000026077032
			vertex -0.021684084087610245 0.006811744999140501 0.003000000026077032
		endloop
	endfacet
	facet normal 0 0 1
		outer loop
			vertex -0.01641591638326645 0.012238254770636559 0.003000000026077032
			vertex -0.01641591638326645 0.006811744999140501 0.003000000026077032
			vertex -0.016336744651198387 0.006890915799885988 0.003000000026077032
		endloop
	endfacet
	facet normal 0 0 1
		outer loop
			vertex -0.035386744886636734 0.031209085136651993 0.003000000026077032
			vertex -0.03546591475605965 0.031288255006074905 0.003000000026077032
			vertex -0.03546591475605965 0.025861745700240135 0.003000000026077032
		endloop
	endfacet
	facet normal 0 0 1
		outer loop
			vertex -0.035386744886636734 0.031209085136651993 0.003000000026077032
			vertex -0.03546591475605965 0.025861745700240135 0.003000000026077032
			vertex -0.035386744886636734 0.025940915569663048 0.003000000026077032
		endloop
	endfacet
	facet normal 0 0 1
		outer loop
			vertex -0.01624194160103798 0.01209951564669609 0.003000000026077032
			vertex -0.016336744651198387 0.012159083969891071 0.003000000026077032
			vertex -0.016336744651198387 0.006890915799885988 0.003000000026077032
		endloop
	endfacet
	facet normal 0 0 1
		outer loop
			vertex -0.01624194160103798 0.01209951564669609 0.003000000026077032
			vertex -0.016336744651198387 0.006890915799885988 0.003000000026077032
			vertex -0.01624194160103798 0.006950484588742256 0.003000000026077032
		endloop
	endfacet
	facet normal 0 0 1
		outer loop
			vertex 0.0028080581687390804 -0.006950484588742256 0.003000000026077032
			vertex 0.0027132551185786724 -0.006890915799885988 0.003000000026077032
			vertex 0.0027132551185786724 -0.012159083969891071 0.003000000026077032
		endloop
	endfacet
	facet normal 0 0 1
		outer loop
			vertex 0.0028080581687390804 -0.006950484588742256 0.003000000026077032
			vertex 0.0027132551185786724 -0.012159083969891071 0.003000000026077032
			vertex 0.0028080581687390804 -0.01209951564669609 0.003000000026077032
		endloop
	endfacet
	facet normal 0 0 1
		outer loop
			vertex 0.0025745155289769173 -0.006716941948980093 0.003000000026077032
			vertex -0.002634084317833185 -0.006811744999140501 0.003000000026077032
			vertex 0.002634084317833185 -0.006811744999140501 0.003000000026077032
		endloop
	endfacet
	facet normal 0 0 1
		outer loop
			vertex 0.0025745155289769173 -0.006716941948980093 0.003000000026077032
			vertex -0.0025745155289769173 -0.006716941948980093 0.003000000026077032
			vertex -0.002634084317833185 -0.006811744999140501 0.003000000026077032
		endloop
	endfacet
	facet normal 0 0 1
		outer loop
			vertex -0.016475483775138855 0.012333057820796967 0.003000000026077032
			vertex -0.02162451483309269 0.012333057820796967 0.003000000026077032
			vertex -0.021684084087610245 0.012238254770636559 0.003000000026077032
		endloop
	endfacet
	facet normal 0 0 1
		outer loop
			vertex -0.016475483775138855 0.012333057820796967 0.003000000026077032
			vertex -0.021684084087610245 0.012238254770636559 0.003000000026077032
			vertex -0.01641591638326645 0.012238254770636559 0.003000000026077032
		endloop
	endfacet
	facet normal 0 0 1
		outer loop
			vertex -0.035291943699121475 0.031149515882134438 0.003000000026077032
			vertex -0.035386744886636734 0.025940915569663048 0.003000000026077032
			vertex -0.035291943699121475 0.026000484824180603 0.003000000026077032
		endloop
	endfacet
	facet normal 0 0 1
		outer loop
			vertex -0.035291943699121475 0.031149515882134438 0.003000000026077032
			vertex -0.035386744886636734 0.031209085136651993 0.003000000026077032
			vertex -0.035386744886636734 0.025940915569663048 0.003000000026077032
		endloop
	endfacet
	facet normal 0 0 1
		outer loop
			vertex -0.03552548587322235 0.03138305991888046 0.003000000026077032
			vertex -0.03546591475605965 0.025861745700240135 0.003000000026077032
			vertex -0.03546591475605965 0.031288255006074905 0.003000000026077032
		endloop
	endfacet
	facet normal 0 0 1
		outer loop
			vertex -0.03552548587322235 0.03138305991888046 0.003000000026077032
			vertex -0.03552548587322235 0.025766942650079727 0.003000000026077032
			vertex -0.03546591475605965 0.025861745700240135 0.003000000026077032
		endloop
	endfacet
	facet normal 0 0 1
		outer loop
			vertex -0.035562463104724884 0.03148873895406723 0.003000000026077032
			vertex -0.03552548587322235 0.025766942650079727 0.003000000026077032
			vertex -0.03552548587322235 0.03138305991888046 0.003000000026077032
		endloop
	endfacet
	facet normal 0 0 1
		outer loop
			vertex -0.035562463104724884 0.03148873895406723 0.003000000026077032
			vertex -0.035562463104724884 0.02566125988960266 0.003000000026077032
			vertex -0.03552548587322235 0.025766942650079727 0.003000000026077032
		endloop
	endfacet
	facet normal 0 0 1
		outer loop
			vertex 0.0029137395322322845 -0.006987464148551226 0.003000000026077032
			vertex 0.0028080581687390804 -0.006950484588742256 0.003000000026077032
			vertex 0.0028080581687390804 -0.01209951564669609 0.003000000026077032
		endloop
	endfacet
	facet normal 0 0 1
		outer loop
			vertex 0.0029137395322322845 -0.006987464148551226 0.003000000026077032
			vertex 0.0028080581687390804 -0.01209951564669609 0.003000000026077032
			vertex 0.0029137395322322845 -0.012062535621225834 0.003000000026077032
		endloop
	endfacet
	facet normal 0 0 1
		outer loop
			vertex 0.0025375359691679478 -0.006611260585486889 0.003000000026077032
			vertex -0.0025745155289769173 -0.006716941948980093 0.003000000026077032
			vertex 0.0025745155289769173 -0.006716941948980093 0.003000000026077032
		endloop
	endfacet
	facet normal 0 0 1
		outer loop
			vertex 0.0025375359691679478 -0.006611260585486889 0.003000000026077032
			vertex -0.0025375359691679478 -0.006611260585486889 0.003000000026077032
			vertex -0.0025745155289769173 -0.006716941948980093 0.003000000026077032
		endloop
	endfacet
	facet normal 0 0 1
		outer loop
			vertex -0.016512464731931686 0.012438739649951458 0.003000000026077032
			vertex -0.02162451483309269 0.012333057820796967 0.003000000026077032
			vertex -0.016475483775138855 0.012333057820796967 0.003000000026077032
		endloop
	endfacet
	facet normal 0 0 1
		outer loop
			vertex -0.016512464731931686 0.012438739649951458 0.003000000026077032
			vertex -0.021587535738945007 0.012438739649951458 0.003000000026077032
			vertex -0.02162451483309269 0.012333057820796967 0.003000000026077032
		endloop
	endfacet
	facet normal 0 0 1
		outer loop
			vertex -0.03518626093864441 0.031112536787986755 0.003000000026077032
			vertex -0.035291943699121475 0.026000484824180603 0.003000000026077032
			vertex -0.03518626093864441 0.026037463918328285 0.003000000026077032
		endloop
	endfacet
	facet normal 0 0 1
		outer loop
			vertex -0.03518626093864441 0.031112536787986755 0.003000000026077032
			vertex -0.035291943699121475 0.031149515882134438 0.003000000026077032
			vertex -0.035291943699121475 0.026000484824180603 0.003000000026077032
		endloop
	endfacet
	facet normal 0 0 1
		outer loop
			vertex -0.016136260703206062 0.012062535621225834 0.003000000026077032
			vertex -0.01624194160103798 0.01209951564669609 0.003000000026077032
			vertex -0.01624194160103798 0.006950484588742256 0.003000000026077032
		endloop
	endfacet
	facet normal 0 0 1
		outer loop
			vertex -0.016136260703206062 0.012062535621225834 0.003000000026077032
			vertex -0.01624194160103798 0.006950484588742256 0.003000000026077032
			vertex -0.016136260703206062 0.006987464148551226 0.003000000026077032
		endloop
	endfacet
	facet normal 0 0 1
		outer loop
			vertex 0.002524999901652336 -0.006500000134110451 0.003000000026077032
			vertex -0.0025375359691679478 -0.006611260585486889 0.003000000026077032
			vertex 0.0025375359691679478 -0.006611260585486889 0.003000000026077032
		endloop
	endfacet
	facet normal 0 0 1
		outer loop
			vertex 0.002524999901652336 -0.006500000134110451 0.003000000026077032
			vertex -0.002524999901652336 -0.006500000134110451 0.003000000026077032
			vertex -0.0025375359691679478 -0.006611260585486889 0.003000000026077032
		endloop
	endfacet
	facet normal 0 0 1
		outer loop
			vertex 0.0030249999836087227 -0.007000000216066837 0.003000000026077032
			vertex 0.0029137395322322845 -0.006987464148551226 0.003000000026077032
			vertex 0.0029137395322322845 -0.012062535621225834 0.003000000026077032
		endloop
	endfacet
	facet normal 0 0 1
		outer loop
			vertex 0.0030249999836087227 -0.007000000216066837 0.003000000026077032
			vertex 0.0029137395322322845 -0.012062535621225834 0.003000000026077032
			vertex 0.0030249999836087227 -0.01205000001937151 0.003000000026077032
		endloop
	endfacet
	facet normal 0 0 1
		outer loop
			vertex -0.01652500033378601 0.012550000101327896 0.003000000026077032
			vertex -0.021587535738945007 0.012438739649951458 0.003000000026077032
			vertex -0.016512464731931686 0.012438739649951458 0.003000000026077032
		endloop
	endfacet
	facet normal 0 0 1
		outer loop
			vertex -0.01652500033378601 0.012550000101327896 0.003000000026077032
			vertex -0.021575000137090683 0.012550000101327896 0.003000000026077032
			vertex -0.021587535738945007 0.012438739649951458 0.003000000026077032
		endloop
	endfacet
	facet normal 0 0 1
		outer loop
			vertex -0.01602499932050705 0.01205000001937151 0.003000000026077032
			vertex -0.016136260703206062 0.012062535621225834 0.003000000026077032
			vertex -0.016136260703206062 0.006987464148551226 0.003000000026077032
		endloop
	endfacet
	facet normal 0 0 1
		outer loop
			vertex -0.01602499932050705 0.01205000001937151 0.003000000026077032
			vertex -0.016136260703206062 0.006987464148551226 0.003000000026077032
			vertex -0.01602499932050705 0.007000000216066837 0.003000000026077032
		endloop
	endfacet
	facet normal 0 0 1
		outer loop
			vertex -0.03557499870657921 0.031599998474121094 0.003000000026077032
			vertex -0.035562463104724884 0.02566125988960266 0.003000000026077032
			vertex -0.035562463104724884 0.03148873895406723 0.003000000026077032
		endloop
	endfacet
	facet normal 0 0 1
		outer loop
			vertex -0.03557499870657921 0.031599998474121094 0.003000000026077032
			vertex -0.03557499870657921 0.025550000369548798 0.003000000026077032
			vertex -0.035562463104724884 0.02566125988960266 0.003000000026077032
		endloop
	endfacet
	facet normal 0 0 1
		outer loop
			vertex -0.035075001418590546 0.031099999323487282 0.003000000026077032
			vertex -0.03518626093864441 0.031112536787986755 0.003000000026077032
			vertex -0.03518626093864441 0.026037463918328285 0.003000000026077032
		endloop
	endfacet
	facet normal 0 0 1
		outer loop
			vertex -0.035075001418590546 0.031099999323487282 0.003000000026077032
			vertex -0.03518626093864441 0.026037463918328285 0.003000000026077032
			vertex -0.035075001418590546 0.02604999952018261 0.003000000026077032
		endloop
	endfacet
	facet normal 0 0 1
		outer loop
			vertex 0.034575000405311584 -0.03751299902796745 0.003000000026077032
			vertex 0.034575000405311584 -0.04351300001144409 0.003000000026077032
			vertex 0.038100000470876694 -0.04762500151991844 0.003000000026077032
		endloop
	endfacet
	facet normal 0 0 1
		outer loop
			vertex 0.035075001418590546 -0.03557499870657921 0.003000000026077032
			vertex 0.022074999287724495 -0.03557499870657921 0.003000000026077032
			vertex 0.03407499939203262 -0.03701300173997879 0.003000000026077032
		endloop
	endfacet
	facet normal 0 0 1
		outer loop
			vertex 0.035075001418590546 -0.03557499870657921 0.003000000026077032
			vertex 0.03438674658536911 -0.03712208569049835 0.003000000026077032
			vertex 0.03446591645479202 -0.037201255559921265 0.003000000026077032
		endloop
	endfacet
	facet normal 0 0 1
		outer loop
			vertex 0.035075001418590546 -0.03557499870657921 0.003000000026077032
			vertex 0.03429194167256355 -0.03706251457333565 0.003000000026077032
			vertex 0.03438674658536911 -0.03712208569049835 0.003000000026077032
		endloop
	endfacet
	facet normal 0 0 1
		outer loop
			vertex 0.035075001418590546 -0.03557499870657921 0.003000000026077032
			vertex 0.03418625891208649 -0.037025537341833115 0.003000000026077032
			vertex 0.03429194167256355 -0.03706251457333565 0.003000000026077032
		endloop
	endfacet
	facet normal 0 0 1
		outer loop
			vertex 0.035075001418590546 -0.03557499870657921 0.003000000026077032
			vertex 0.03407499939203262 -0.03701300173997879 0.003000000026077032
			vertex 0.03418625891208649 -0.037025537341833115 0.003000000026077032
		endloop
	endfacet
	facet normal 0 0 1
		outer loop
			vertex 0.021575000137090683 -0.022074999287724495 0.003000000026077032
			vertex 0.016512464731931686 -0.02566125988960266 0.003000000026077032
			vertex 0.016475483775138855 -0.025766942650079727 0.003000000026077032
		endloop
	endfacet
	facet normal 0 0 1
		outer loop
			vertex 0.021575000137090683 -0.022074999287724495 0.003000000026077032
			vertex 0.01652500033378601 -0.025550000369548798 0.003000000026077032
			vertex 0.016512464731931686 -0.02566125988960266 0.003000000026077032
		endloop
	endfacet
	facet normal 0 0 1
		outer loop
			vertex 0.021575000137090683 -0.022074999287724495 0.003000000026077032
			vertex 0.016475483775138855 -0.025766942650079727 0.003000000026077032
			vertex 0.016475483775138855 -0.03138305991888046 0.003000000026077032
		endloop
	endfacet
	facet normal 0 0 1
		outer loop
			vertex 0.021575000137090683 -0.022074999287724495 0.003000000026077032
			vertex 0.016475483775138855 -0.03138305991888046 0.003000000026077032
			vertex 0.021575000137090683 -0.035075001418590546 0.003000000026077032
		endloop
	endfacet
	facet normal 0 0 1
		outer loop
			vertex 0.03518626093864441 -0.035562463104724884 0.003000000026077032
			vertex 0.035075001418590546 -0.03557499870657921 0.003000000026077032
			vertex 0.03446591645479202 -0.037201255559921265 0.003000000026077032
		endloop
	endfacet
	facet normal 0 0 1
		outer loop
			vertex 0.03518626093864441 -0.035562463104724884 0.003000000026077032
			vertex 0.03446591645479202 -0.037201255559921265 0.003000000026077032
			vertex 0.03452548384666443 -0.03729605674743652 0.003000000026077032
		endloop
	endfacet
	facet normal 0 0 1
		outer loop
			vertex 0.01976325549185276 -0.02002791501581669 0.003000000026077032
			vertex 0.0196840837597847 -0.019948745146393776 0.003000000026077032
			vertex 0.01652500033378601 -0.025550000369548798 0.003000000026077032
		endloop
	endfacet
	facet normal 0 0 1
		outer loop
			vertex 0.035291943699121475 -0.03552548587322235 0.003000000026077032
			vertex 0.03518626093864441 -0.035562463104724884 0.003000000026077032
			vertex 0.03452548384666443 -0.03729605674743652 0.003000000026077032
		endloop
	endfacet
	facet normal 0 0 1
		outer loop
			vertex 0.035291943699121475 -0.03552548587322235 0.003000000026077032
			vertex 0.03452548384666443 -0.03729605674743652 0.003000000026077032
			vertex 0.03456246480345726 -0.03740173950791359 0.003000000026077032
		endloop
	endfacet
	facet normal 0 0 1
		outer loop
			vertex 0.01985805854201317 -0.020087484270334244 0.003000000026077032
			vertex 0.01652500033378601 -0.025550000369548798 0.003000000026077032
			vertex 0.021575000137090683 -0.022074999287724495 0.003000000026077032
		endloop
	endfacet
	facet normal 0 0 1
		outer loop
			vertex 0.01985805854201317 -0.020087484270334244 0.003000000026077032
			vertex 0.01976325549185276 -0.02002791501581669 0.003000000026077032
			vertex 0.01652500033378601 -0.025550000369548798 0.003000000026077032
		endloop
	endfacet
	facet normal 0 0 1
		outer loop
			vertex 0.019624516367912292 -0.019853942096233368 0.003000000026077032
			vertex 0.01652500033378601 -0.025550000369548798 0.003000000026077032
			vertex 0.0196840837597847 -0.019948745146393776 0.003000000026077032
		endloop
	endfacet
	facet normal 0 0 1
		outer loop
			vertex 0.019963739439845085 -0.020124463364481926 0.003000000026077032
			vertex 0.01985805854201317 -0.020087484270334244 0.003000000026077032
			vertex 0.021575000137090683 -0.022074999287724495 0.003000000026077032
		endloop
	endfacet
	facet normal 0 0 1
		outer loop
			vertex 0.01958753541111946 -0.01974826119840145 0.003000000026077032
			vertex 0.01652500033378601 -0.025550000369548798 0.003000000026077032
			vertex 0.019624516367912292 -0.019853942096233368 0.003000000026077032
		endloop
	endfacet
	facet normal 0 0 1
		outer loop
			vertex 0.035386744886636734 -0.03546591475605965 0.003000000026077032
			vertex 0.03456246480345726 -0.03740173950791359 0.003000000026077032
			vertex 0.034575000405311584 -0.03751299902796745 0.003000000026077032
		endloop
	endfacet
	facet normal 0 0 1
		outer loop
			vertex 0.035386744886636734 -0.03546591475605965 0.003000000026077032
			vertex 0.035291943699121475 -0.03552548587322235 0.003000000026077032
			vertex 0.03456246480345726 -0.03740173950791359 0.003000000026077032
		endloop
	endfacet
	facet normal 0 0 1
		outer loop
			vertex 0.019574999809265137 -0.01963699981570244 0.003000000026077032
			vertex 0.01652500033378601 -0.025550000369548798 0.003000000026077032
			vertex 0.01958753541111946 -0.01974826119840145 0.003000000026077032
		endloop
	endfacet
	facet normal 0 0 1
		outer loop
			vertex 0.020075000822544098 -0.0201370008289814 0.003000000026077032
			vertex 0.02162451483309269 -0.021858058869838715 0.003000000026077032
			vertex 0.021684084087610245 -0.021763255819678307 0.003000000026077032
		endloop
	endfacet
	facet normal 0 0 1
		outer loop
			vertex 0.020075000822544098 -0.0201370008289814 0.003000000026077032
			vertex 0.021587535738945007 -0.02196373976767063 0.003000000026077032
			vertex 0.02162451483309269 -0.021858058869838715 0.003000000026077032
		endloop
	endfacet
	facet normal 0 0 1
		outer loop
			vertex 0.020075000822544098 -0.0201370008289814 0.003000000026077032
			vertex 0.021575000137090683 -0.022074999287724495 0.003000000026077032
			vertex 0.021587535738945007 -0.02196373976767063 0.003000000026077032
		endloop
	endfacet
	facet normal 0 0 1
		outer loop
			vertex 0.020075000822544098 -0.0201370008289814 0.003000000026077032
			vertex 0.019963739439845085 -0.020124463364481926 0.003000000026077032
			vertex 0.021575000137090683 -0.022074999287724495 0.003000000026077032
		endloop
	endfacet
	facet normal 0 0 1
		outer loop
			vertex 0.021763255819678307 -0.021684084087610245 0.003000000026077032
			vertex 0.020075000822544098 -0.0201370008289814 0.003000000026077032
			vertex 0.021684084087610245 -0.021763255819678307 0.003000000026077032
		endloop
	endfacet
	facet normal 0 0 1
		outer loop
			vertex 0.03546591475605965 -0.035386744886636734 0.003000000026077032
			vertex 0.035386744886636734 -0.03546591475605965 0.003000000026077032
			vertex 0.034575000405311584 -0.03751299902796745 0.003000000026077032
		endloop
	endfacet
	facet normal 0 0 1
		outer loop
			vertex 0.03552548587322235 -0.035291943699121475 0.003000000026077032
			vertex 0.03546591475605965 -0.035386744886636734 0.003000000026077032
			vertex 0.034575000405311584 -0.03751299902796745 0.003000000026077032
		endloop
	endfacet
	facet normal 0 0 1
		outer loop
			vertex 0.03552548587322235 -0.035291943699121475 0.003000000026077032
			vertex 0.034575000405311584 -0.03751299902796745 0.003000000026077032
			vertex 0.038100000470876694 -0.04762500151991844 0.003000000026077032
		endloop
	endfacet
	facet normal 0 0 1
		outer loop
			vertex 0.021858058869838715 -0.02162451483309269 0.003000000026077032
			vertex 0.020075000822544098 -0.0201370008289814 0.003000000026077032
			vertex 0.021763255819678307 -0.021684084087610245 0.003000000026077032
		endloop
	endfacet
	facet normal 0 0 1
		outer loop
			vertex 0.035562463104724884 -0.03518626093864441 0.003000000026077032
			vertex 0.03552548587322235 -0.035291943699121475 0.003000000026077032
			vertex 0.038100000470876694 -0.04762500151991844 0.003000000026077032
		endloop
	endfacet
	facet normal 0 0 1
		outer loop
			vertex 0.02196373976767063 -0.021587535738945007 0.003000000026077032
			vertex 0.020075000822544098 -0.0201370008289814 0.003000000026077032
			vertex 0.021858058869838715 -0.02162451483309269 0.003000000026077032
		endloop
	endfacet
	facet normal 0 0 1
		outer loop
			vertex 0.022074999287724495 -0.021575000137090683 0.003000000026077032
			vertex 0.020075000822544098 -0.0201370008289814 0.003000000026077032
			vertex 0.02196373976767063 -0.021587535738945007 0.003000000026077032
		endloop
	endfacet
	facet normal 0 0 1
		outer loop
			vertex 0.03557499870657921 -0.035075001418590546 0.003000000026077032
			vertex 0.035562463104724884 -0.03518626093864441 0.003000000026077032
			vertex 0.038100000470876694 -0.04762500151991844 0.003000000026077032
		endloop
	endfacet
	facet normal 0 0 1
		outer loop
			vertex 0.01652500033378601 -0.012550000101327896 0.003000000026077032
			vertex 0.01652500033378601 -0.025550000369548798 0.003000000026077032
			vertex 0.019574999809265137 -0.01963699981570244 0.003000000026077032
		endloop
	endfacet
	facet normal 0 0 1
		outer loop
			vertex 0.019574999809265137 -0.013636999763548374 0.003000000026077032
			vertex 0.01652500033378601 -0.012550000101327896 0.003000000026077032
			vertex 0.019574999809265137 -0.01963699981570244 0.003000000026077032
		endloop
	endfacet
	facet normal 0 0 1
		outer loop
			vertex 0.01958753541111946 -0.013525739312171936 0.003000000026077032
			vertex 0.01652500033378601 -0.012550000101327896 0.003000000026077032
			vertex 0.019574999809265137 -0.013636999763548374 0.003000000026077032
		endloop
	endfacet
	facet normal 0 0 1
		outer loop
			vertex 0.019624516367912292 -0.01342005841434002 0.003000000026077032
			vertex 0.01652500033378601 -0.012550000101327896 0.003000000026077032
			vertex 0.01958753541111946 -0.013525739312171936 0.003000000026077032
		endloop
	endfacet
	facet normal 0 0 1
		outer loop
			vertex 0.0196840837597847 -0.013325255364179611 0.003000000026077032
			vertex 0.01652500033378601 -0.012550000101327896 0.003000000026077032
			vertex 0.019624516367912292 -0.01342005841434002 0.003000000026077032
		endloop
	endfacet
	facet normal 0 0 1
		outer loop
			vertex 0.0196840837597847 -0.013325255364179611 0.003000000026077032
			vertex 0.016512464731931686 -0.012438739649951458 0.003000000026077032
			vertex 0.01652500033378601 -0.012550000101327896 0.003000000026077032
		endloop
	endfacet
	facet normal 0 0 1
		outer loop
			vertex 0.01976325549185276 -0.013246084563434124 0.003000000026077032
			vertex 0.016512464731931686 -0.012438739649951458 0.003000000026077032
			vertex 0.0196840837597847 -0.013325255364179611 0.003000000026077032
		endloop
	endfacet
	facet normal 0 0 1
		outer loop
			vertex 0.01976325549185276 -0.013246084563434124 0.003000000026077032
			vertex 0.016475483775138855 -0.012333057820796967 0.003000000026077032
			vertex 0.016512464731931686 -0.012438739649951458 0.003000000026077032
		endloop
	endfacet
	facet normal 0 0 1
		outer loop
			vertex 0.01985805854201317 -0.013186515308916569 0.003000000026077032
			vertex 0.016475483775138855 -0.012333057820796967 0.003000000026077032
			vertex 0.01976325549185276 -0.013246084563434124 0.003000000026077032
		endloop
	endfacet
	facet normal 0 0 1
		outer loop
			vertex 0.01985805854201317 -0.013186515308916569 0.003000000026077032
			vertex 0.01641591638326645 -0.012238254770636559 0.003000000026077032
			vertex 0.016475483775138855 -0.012333057820796967 0.003000000026077032
		endloop
	endfacet
	facet normal 0 0 1
		outer loop
			vertex 0.019963739439845085 -0.013149536214768887 0.003000000026077032
			vertex 0.01641591638326645 -0.012238254770636559 0.003000000026077032
			vertex 0.01985805854201317 -0.013186515308916569 0.003000000026077032
		endloop
	endfacet
	facet normal 0 0 1
		outer loop
			vertex 0.019963739439845085 -0.013149536214768887 0.003000000026077032
			vertex 0.016336744651198387 -0.012159083969891071 0.003000000026077032
			vertex 0.01641591638326645 -0.012238254770636559 0.003000000026077032
		endloop
	endfacet
	facet normal 0 0 1
		outer loop
			vertex 0.01602499932050705 -0.007000000216066837 0.003000000026077032
			vertex 0.0030249999836087227 -0.007000000216066837 0.003000000026077032
			vertex 0.0030249999836087227 -0.01205000001937151 0.003000000026077032
		endloop
	endfacet
	facet normal 0 0 1
		outer loop
			vertex 0.01602499932050705 -0.007000000216066837 0.003000000026077032
			vertex 0.0030249999836087227 -0.01205000001937151 0.003000000026077032
			vertex 0.01602499932050705 -0.01205000001937151 0.003000000026077032
		endloop
	endfacet
	facet normal 0 0 1
		outer loop
			vertex 0.002524999901652336 0.006500000134110451 0.003000000026077032
			vertex -0.002524999901652336 -0.006500000134110451 0.003000000026077032
			vertex 0.002524999901652336 -0.006500000134110451 0.003000000026077032
		endloop
	endfacet
	facet normal 0 0 1
		outer loop
			vertex 0.002524999901652336 0.006500000134110451 0.003000000026077032
			vertex -0.002524999901652336 0.006500000134110451 0.003000000026077032
			vertex -0.002524999901652336 -0.006500000134110451 0.003000000026077032
		endloop
	endfacet
	facet normal 0 0 1
		outer loop
			vertex -0.0030249999836087227 0.01205000001937151 0.003000000026077032
			vertex -0.01602499932050705 0.01205000001937151 0.003000000026077032
			vertex -0.01602499932050705 0.007000000216066837 0.003000000026077032
		endloop
	endfacet
	facet normal 0 0 1
		outer loop
			vertex -0.0030249999836087227 0.01205000001937151 0.003000000026077032
			vertex -0.01602499932050705 0.007000000216066837 0.003000000026077032
			vertex -0.0030249999836087227 0.007000000216066837 0.003000000026077032
		endloop
	endfacet
	facet normal 0 0 1
		outer loop
			vertex -0.022074999287724495 0.031099999323487282 0.003000000026077032
			vertex -0.035075001418590546 0.031099999323487282 0.003000000026077032
			vertex -0.035075001418590546 0.02604999952018261 0.003000000026077032
		endloop
	endfacet
	facet normal 0 0 1
		outer loop
			vertex -0.022074999287724495 0.031099999323487282 0.003000000026077032
			vertex -0.035075001418590546 0.02604999952018261 0.003000000026077032
			vertex -0.022074999287724495 0.02604999952018261 0.003000000026077032
		endloop
	endfacet
	facet normal 0 0 1
		outer loop
			vertex -0.01652500033378601 0.025550000369548798 0.003000000026077032
			vertex -0.021575000137090683 0.012550000101327896 0.003000000026077032
			vertex -0.01652500033378601 0.012550000101327896 0.003000000026077032
		endloop
	endfacet
	facet normal 0 0 1
		outer loop
			vertex -0.01652500033378601 0.025550000369548798 0.003000000026077032
			vertex -0.021575000137090683 0.025550000369548798 0.003000000026077032
			vertex -0.021575000137090683 0.012550000101327896 0.003000000026077032
		endloop
	endfacet
	facet normal 0 0 1
		outer loop
			vertex 0.016136260703206062 -0.006987464148551226 0.003000000026077032
			vertex 0.01602499932050705 -0.007000000216066837 0.003000000026077032
			vertex 0.01602499932050705 -0.01205000001937151 0.003000000026077032
		endloop
	endfacet
	facet normal 0 0 1
		outer loop
			vertex 0.016136260703206062 -0.006987464148551226 0.003000000026077032
			vertex 0.01602499932050705 -0.01205000001937151 0.003000000026077032
			vertex 0.016136260703206062 -0.012062535621225834 0.003000000026077032
		endloop
	endfacet
	facet normal 0 0 1
		outer loop
			vertex 0.0025375359691679478 0.006611260585486889 0.003000000026077032
			vertex -0.002524999901652336 0.006500000134110451 0.003000000026077032
			vertex 0.002524999901652336 0.006500000134110451 0.003000000026077032
		endloop
	endfacet
	facet normal 0 0 1
		outer loop
			vertex 0.0025375359691679478 0.006611260585486889 0.003000000026077032
			vertex -0.0025375359691679478 0.006611260585486889 0.003000000026077032
			vertex -0.002524999901652336 0.006500000134110451 0.003000000026077032
		endloop
	endfacet
	facet normal 0 0 1
		outer loop
			vertex -0.02196373976767063 0.031112536787986755 0.003000000026077032
			vertex -0.022074999287724495 0.02604999952018261 0.003000000026077032
			vertex -0.02196373976767063 0.026037463918328285 0.003000000026077032
		endloop
	endfacet
	facet normal 0 0 1
		outer loop
			vertex -0.02196373976767063 0.031112536787986755 0.003000000026077032
			vertex -0.022074999287724495 0.031099999323487282 0.003000000026077032
			vertex -0.022074999287724495 0.02604999952018261 0.003000000026077032
		endloop
	endfacet
	facet normal 0 0 1
		outer loop
			vertex -0.0029137395322322845 0.012062535621225834 0.003000000026077032
			vertex -0.0030249999836087227 0.01205000001937151 0.003000000026077032
			vertex -0.0030249999836087227 0.007000000216066837 0.003000000026077032
		endloop
	endfacet
	facet normal 0 0 1
		outer loop
			vertex -0.0029137395322322845 0.012062535621225834 0.003000000026077032
			vertex -0.0030249999836087227 0.007000000216066837 0.003000000026077032
			vertex -0.0029137395322322845 0.006987464148551226 0.003000000026077032
		endloop
	endfacet
	facet normal 0 0 1
		outer loop
			vertex -0.016512464731931686 0.02566125988960266 0.003000000026077032
			vertex -0.021587535738945007 0.02566125988960266 0.003000000026077032
			vertex -0.021575000137090683 0.025550000369548798 0.003000000026077032
		endloop
	endfacet
	facet normal 0 0 1
		outer loop
			vertex -0.016512464731931686 0.02566125988960266 0.003000000026077032
			vertex -0.021575000137090683 0.025550000369548798 0.003000000026077032
			vertex -0.01652500033378601 0.025550000369548798 0.003000000026077032
		endloop
	endfacet
	facet normal 0 0 1
		outer loop
			vertex 0.01624194160103798 -0.006950484588742256 0.003000000026077032
			vertex 0.016136260703206062 -0.006987464148551226 0.003000000026077032
			vertex 0.016136260703206062 -0.012062535621225834 0.003000000026077032
		endloop
	endfacet
	facet normal 0 0 1
		outer loop
			vertex 0.01624194160103798 -0.006950484588742256 0.003000000026077032
			vertex 0.016136260703206062 -0.012062535621225834 0.003000000026077032
			vertex 0.01624194160103798 -0.01209951564669609 0.003000000026077032
		endloop
	endfacet
	facet normal 0 0 1
		outer loop
			vertex 0.0025745155289769173 0.006716941948980093 0.003000000026077032
			vertex -0.0025375359691679478 0.006611260585486889 0.003000000026077032
			vertex 0.0025375359691679478 0.006611260585486889 0.003000000026077032
		endloop
	endfacet
	facet normal 0 0 1
		outer loop
			vertex 0.0025745155289769173 0.006716941948980093 0.003000000026077032
			vertex -0.0025745155289769173 0.006716941948980093 0.003000000026077032
			vertex -0.0025375359691679478 0.006611260585486889 0.003000000026077032
		endloop
	endfacet
	facet normal 0 0 1
		outer loop
			vertex -0.0028080581687390804 0.01209951564669609 0.003000000026077032
			vertex -0.0029137395322322845 0.006987464148551226 0.003000000026077032
			vertex -0.0028080581687390804 0.006950484588742256 0.003000000026077032
		endloop
	endfacet
	facet normal 0 0 1
		outer loop
			vertex -0.0028080581687390804 0.01209951564669609 0.003000000026077032
			vertex -0.0029137395322322845 0.012062535621225834 0.003000000026077032
			vertex -0.0029137395322322845 0.006987464148551226 0.003000000026077032
		endloop
	endfacet
	facet normal 0 0 1
		outer loop
			vertex -0.016475483775138855 0.025766942650079727 0.003000000026077032
			vertex -0.02162451483309269 0.025766942650079727 0.003000000026077032
			vertex -0.021587535738945007 0.02566125988960266 0.003000000026077032
		endloop
	endfacet
	facet normal 0 0 1
		outer loop
			vertex -0.016475483775138855 0.025766942650079727 0.003000000026077032
			vertex -0.021587535738945007 0.02566125988960266 0.003000000026077032
			vertex -0.016512464731931686 0.02566125988960266 0.003000000026077032
		endloop
	endfacet
	facet normal 0 0 1
		outer loop
			vertex -0.021858058869838715 0.031149515882134438 0.003000000026077032
			vertex -0.02196373976767063 0.026037463918328285 0.003000000026077032
			vertex -0.021858058869838715 0.026000484824180603 0.003000000026077032
		endloop
	endfacet
	facet normal 0 0 1
		outer loop
			vertex -0.021858058869838715 0.031149515882134438 0.003000000026077032
			vertex -0.02196373976767063 0.031112536787986755 0.003000000026077032
			vertex -0.02196373976767063 0.026037463918328285 0.003000000026077032
		endloop
	endfacet
	facet normal 0 0 1
		outer loop
			vertex 0.016336744651198387 -0.006890915799885988 0.003000000026077032
			vertex 0.01624194160103798 -0.01209951564669609 0.003000000026077032
			vertex 0.016336744651198387 -0.012159083969891071 0.003000000026077032
		endloop
	endfacet
	facet normal 0 0 1
		outer loop
			vertex 0.016336744651198387 -0.006890915799885988 0.003000000026077032
			vertex 0.01624194160103798 -0.006950484588742256 0.003000000026077032
			vertex 0.01624194160103798 -0.01209951564669609 0.003000000026077032
		endloop
	endfacet
	facet normal 0 0 1
		outer loop
			vertex 0.002634084317833185 0.006811744999140501 0.003000000026077032
			vertex -0.0025745155289769173 0.006716941948980093 0.003000000026077032
			vertex 0.0025745155289769173 0.006716941948980093 0.003000000026077032
		endloop
	endfacet
	facet normal 0 0 1
		outer loop
			vertex 0.002634084317833185 0.006811744999140501 0.003000000026077032
			vertex -0.002634084317833185 0.006811744999140501 0.003000000026077032
			vertex -0.0025745155289769173 0.006716941948980093 0.003000000026077032
		endloop
	endfacet
	facet normal 0 0 1
		outer loop
			vertex -0.0027132551185786724 0.012159083969891071 0.003000000026077032
			vertex -0.0028080581687390804 0.01209951564669609 0.003000000026077032
			vertex -0.0028080581687390804 0.006950484588742256 0.003000000026077032
		endloop
	endfacet
	facet normal 0 0 1
		outer loop
			vertex -0.0027132551185786724 0.012159083969891071 0.003000000026077032
			vertex -0.0028080581687390804 0.006950484588742256 0.003000000026077032
			vertex -0.0027132551185786724 0.006890915799885988 0.003000000026077032
		endloop
	endfacet
	facet normal 0 0 1
		outer loop
			vertex -0.01641591638326645 0.025861745700240135 0.003000000026077032
			vertex -0.021684084087610245 0.025861745700240135 0.003000000026077032
			vertex -0.02162451483309269 0.025766942650079727 0.003000000026077032
		endloop
	endfacet
	facet normal 0 0 1
		outer loop
			vertex -0.01641591638326645 0.025861745700240135 0.003000000026077032
			vertex -0.02162451483309269 0.025766942650079727 0.003000000026077032
			vertex -0.016475483775138855 0.025766942650079727 0.003000000026077032
		endloop
	endfacet
	facet normal 0 0 1
		outer loop
			vertex -0.021763255819678307 0.031209085136651993 0.003000000026077032
			vertex -0.021858058869838715 0.026000484824180603 0.003000000026077032
			vertex -0.021763255819678307 0.025940915569663048 0.003000000026077032
		endloop
	endfacet
	facet normal 0 0 1
		outer loop
			vertex -0.021763255819678307 0.031209085136651993 0.003000000026077032
			vertex -0.021858058869838715 0.031149515882134438 0.003000000026077032
			vertex -0.021858058869838715 0.026000484824180603 0.003000000026077032
		endloop
	endfacet
	facet normal 0 0 1
		outer loop
			vertex -0.038100000470876694 0.04762500151991844 0.003000000026077032
			vertex -0.03552548587322235 0.044816941022872925 0.003000000026077032
			vertex -0.03546591475605965 0.04491174593567848 0.003000000026077032
		endloop
	endfacet
	facet normal 0 0 1
		outer loop
			vertex -0.038100000470876694 0.04762500151991844 0.003000000026077032
			vertex -0.035562463104724884 0.04471126198768616 0.003000000026077032
			vertex -0.03552548587322235 0.044816941022872925 0.003000000026077032
		endloop
	endfacet
	facet normal 0 0 1
		outer loop
			vertex -0.038100000470876694 0.04762500151991844 0.003000000026077032
			vertex -0.03557499870657921 0.044599998742341995 0.003000000026077032
			vertex -0.035562463104724884 0.04471126198768616 0.003000000026077032
		endloop
	endfacet
	facet normal 0 0 1
		outer loop
			vertex -0.038100000470876694 0.04762500151991844 0.003000000026077032
			vertex -0.03557499870657921 0.031599998474121094 0.003000000026077032
			vertex -0.03557499870657921 0.044599998742341995 0.003000000026077032
		endloop
	endfacet
	facet normal 0 0 1
		outer loop
			vertex -0.038100000470876694 0.04762500151991844 0.003000000026077032
			vertex -0.03557499870657921 0.025550000369548798 0.003000000026077032
			vertex -0.03557499870657921 0.031599998474121094 0.003000000026077032
		endloop
	endfacet
	facet normal 0 0 1
		outer loop
			vertex -0.021684084087610245 0.031288255006074905 0.003000000026077032
			vertex -0.021763255819678307 0.031209085136651993 0.003000000026077032
			vertex -0.021763255819678307 0.025940915569663048 0.003000000026077032
		endloop
	endfacet
	facet normal 0 0 1
		outer loop
			vertex -0.021684084087610245 0.031288255006074905 0.003000000026077032
			vertex -0.021763255819678307 0.025940915569663048 0.003000000026077032
			vertex -0.021684084087610245 0.025861745700240135 0.003000000026077032
		endloop
	endfacet
	facet normal 0 0 1
		outer loop
			vertex 0.0027132551185786724 0.006890915799885988 0.003000000026077032
			vertex -0.002634084317833185 0.006811744999140501 0.003000000026077032
			vertex 0.002634084317833185 0.006811744999140501 0.003000000026077032
		endloop
	endfacet
	facet normal 0 0 1
		outer loop
			vertex -0.002634084317833185 0.012238254770636559 0.003000000026077032
			vertex -0.0027132551185786724 0.012159083969891071 0.003000000026077032
			vertex -0.0027132551185786724 0.006890915799885988 0.003000000026077032
		endloop
	endfacet
	facet normal 0 0 1
		outer loop
			vertex -0.002634084317833185 0.012238254770636559 0.003000000026077032
			vertex -0.0027132551185786724 0.006890915799885988 0.003000000026077032
			vertex -0.002634084317833185 0.006811744999140501 0.003000000026077032
		endloop
	endfacet
	facet normal 0 0 1
		outer loop
			vertex -0.035386744886636734 0.044990915805101395 0.003000000026077032
			vertex -0.038100000470876694 0.04762500151991844 0.003000000026077032
			vertex -0.03546591475605965 0.04491174593567848 0.003000000026077032
		endloop
	endfacet
	facet normal 0 0 1
		outer loop
			vertex -0.035291943699121475 0.0450504831969738 0.003000000026077032
			vertex -0.038100000470876694 0.04762500151991844 0.003000000026077032
			vertex -0.035386744886636734 0.044990915805101395 0.003000000026077032
		endloop
	endfacet
	facet normal 0 0 1
		outer loop
			vertex -0.03518626093864441 0.04508746415376663 0.003000000026077032
			vertex -0.038100000470876694 0.04762500151991844 0.003000000026077032
			vertex -0.035291943699121475 0.0450504831969738 0.003000000026077032
		endloop
	endfacet
	facet normal 0 0 1
		outer loop
			vertex -0.035075001418590546 0.045099999755620956 0.003000000026077032
			vertex -0.038100000470876694 0.04762500151991844 0.003000000026077032
			vertex -0.03518626093864441 0.04508746415376663 0.003000000026077032
		endloop
	endfacet
	facet normal 0 0 1
		outer loop
			vertex 0.03557499870657921 -0.022074999287724495 0.003000000026077032
			vertex 0.03557499870657921 -0.035075001418590546 0.003000000026077032
			vertex 0.038100000470876694 -0.04762500151991844 0.003000000026077032
		endloop
	endfacet
	facet normal 0 0 1
		outer loop
			vertex 0.03407499939203262 -0.0201370008289814 0.003000000026077032
			vertex 0.022074999287724495 -0.021575000137090683 0.003000000026077032
			vertex 0.035075001418590546 -0.021575000137090683 0.003000000026077032
		endloop
	endfacet
	facet normal 0 0 1
		outer loop
			vertex 0.01976325549185276 -0.005803915672004223 0.003000000026077032
			vertex 0.016512464731931686 -0.006611260585486889 0.003000000026077032
			vertex 0.016475483775138855 -0.006716941948980093 0.003000000026077032
		endloop
	endfacet
	facet normal 0 0 1
		outer loop
			vertex 0.0196840837597847 -0.005724744871258736 0.003000000026077032
			vertex 0.01652500033378601 -0.006500000134110451 0.003000000026077032
			vertex 0.016512464731931686 -0.006611260585486889 0.003000000026077032
		endloop
	endfacet
	facet normal 0 0 1
		outer loop
			vertex 0.0196840837597847 -0.005724744871258736 0.003000000026077032
			vertex 0.016512464731931686 -0.006611260585486889 0.003000000026077032
			vertex 0.01976325549185276 -0.005803915672004223 0.003000000026077032
		endloop
	endfacet
	facet normal 0 0 1
		outer loop
			vertex 0.01985805854201317 -0.005863484460860491 0.003000000026077032
			vertex 0.016475483775138855 -0.006716941948980093 0.003000000026077032
			vertex 0.01641591638326645 -0.006811744999140501 0.003000000026077032
		endloop
	endfacet
	facet normal 0 0 1
		outer loop
			vertex 0.01985805854201317 -0.005863484460860491 0.003000000026077032
			vertex 0.01976325549185276 -0.005803915672004223 0.003000000026077032
			vertex 0.016475483775138855 -0.006716941948980093 0.003000000026077032
		endloop
	endfacet
	facet normal 0 0 1
		outer loop
			vertex 0.019624516367912292 -0.005629941821098328 0.003000000026077032
			vertex 0.01652500033378601 -0.006500000134110451 0.003000000026077032
			vertex 0.0196840837597847 -0.005724744871258736 0.003000000026077032
		endloop
	endfacet
	facet normal 0 0 1
		outer loop
			vertex 0.03418625891208649 -0.020124463364481926 0.003000000026077032
			vertex 0.03407499939203262 -0.0201370008289814 0.003000000026077032
			vertex 0.035075001418590546 -0.021575000137090683 0.003000000026077032
		endloop
	endfacet
	facet normal 0 0 1
		outer loop
			vertex 0.019963739439845085 -0.00590046402066946 0.003000000026077032
			vertex 0.01641591638326645 -0.006811744999140501 0.003000000026077032
			vertex 0.016336744651198387 -0.006890915799885988 0.003000000026077032
		endloop
	endfacet
	facet normal 0 0 1
		outer loop
			vertex 0.019963739439845085 -0.00590046402066946 0.003000000026077032
			vertex 0.01985805854201317 -0.005863484460860491 0.003000000026077032
			vertex 0.01641591638326645 -0.006811744999140501 0.003000000026077032
		endloop
	endfacet
	facet normal 0 0 1
		outer loop
			vertex 0.019963739439845085 -0.00590046402066946 0.003000000026077032
			vertex 0.016336744651198387 -0.012159083969891071 0.003000000026077032
			vertex 0.019963739439845085 -0.013149536214768887 0.003000000026077032
		endloop
	endfacet
	facet normal 0 0 1
		outer loop
			vertex 0.019963739439845085 -0.00590046402066946 0.003000000026077032
			vertex 0.016336744651198387 -0.006890915799885988 0.003000000026077032
			vertex 0.016336744651198387 -0.012159083969891071 0.003000000026077032
		endloop
	endfacet
	facet normal 0 0 1
		outer loop
			vertex 0.01958753541111946 -0.0055242604576051235 0.003000000026077032
			vertex 0.01652500033378601 -0.006500000134110451 0.003000000026077032
			vertex 0.019624516367912292 -0.005629941821098328 0.003000000026077032
		endloop
	endfacet
	facet normal 0 0 1
		outer loop
			vertex 0.019574999809265137 -0.005413000006228685 0.003000000026077032
			vertex 0.01652500033378601 -0.006500000134110451 0.003000000026077032
			vertex 0.01958753541111946 -0.0055242604576051235 0.003000000026077032
		endloop
	endfacet
	facet normal 0 0 1
		outer loop
			vertex 0.020075000822544098 -0.005913000088185072 0.003000000026077032
			vertex 0.019963739439845085 -0.013149536214768887 0.003000000026077032
			vertex 0.020075000822544098 -0.013136999681591988 0.003000000026077032
		endloop
	endfacet
	facet normal 0 0 1
		outer loop
			vertex 0.020075000822544098 -0.005913000088185072 0.003000000026077032
			vertex 0.019963739439845085 -0.00590046402066946 0.003000000026077032
			vertex 0.019963739439845085 -0.013149536214768887 0.003000000026077032
		endloop
	endfacet
	facet normal 0 0 1
		outer loop
			vertex 0.03429194167256355 -0.020087484270334244 0.003000000026077032
			vertex 0.03418625891208649 -0.020124463364481926 0.003000000026077032
			vertex 0.035075001418590546 -0.021575000137090683 0.003000000026077032
		endloop
	endfacet
	facet normal 0 0 1
		outer loop
			vertex 0.03438674658536911 -0.02002791501581669 0.003000000026077032
			vertex 0.03429194167256355 -0.020087484270334244 0.003000000026077032
			vertex 0.035075001418590546 -0.021575000137090683 0.003000000026077032
		endloop
	endfacet
	facet normal 0 0 1
		outer loop
			vertex 0.03446591645479202 -0.019948745146393776 0.003000000026077032
			vertex 0.035075001418590546 -0.021575000137090683 0.003000000026077032
			vertex 0.03518626093864441 -0.021587535738945007 0.003000000026077032
		endloop
	endfacet
	facet normal 0 0 1
		outer loop
			vertex 0.03446591645479202 -0.019948745146393776 0.003000000026077032
			vertex 0.03438674658536911 -0.02002791501581669 0.003000000026077032
			vertex 0.035075001418590546 -0.021575000137090683 0.003000000026077032
		endloop
	endfacet
	facet normal 0 0 1
		outer loop
			vertex 0.03452548384666443 -0.019853942096233368 0.003000000026077032
			vertex 0.03518626093864441 -0.021587535738945007 0.003000000026077032
			vertex 0.035291943699121475 -0.02162451483309269 0.003000000026077032
		endloop
	endfacet
	facet normal 0 0 1
		outer loop
			vertex 0.03452548384666443 -0.019853942096233368 0.003000000026077032
			vertex 0.03446591645479202 -0.019948745146393776 0.003000000026077032
			vertex 0.03518626093864441 -0.021587535738945007 0.003000000026077032
		endloop
	endfacet
	facet normal 0 0 1
		outer loop
			vertex 0.03456246480345726 -0.01974826119840145 0.003000000026077032
			vertex 0.035291943699121475 -0.02162451483309269 0.003000000026077032
			vertex 0.035386744886636734 -0.021684084087610245 0.003000000026077032
		endloop
	endfacet
	facet normal 0 0 1
		outer loop
			vertex 0.03456246480345726 -0.01974826119840145 0.003000000026077032
			vertex 0.03452548384666443 -0.019853942096233368 0.003000000026077032
			vertex 0.035291943699121475 -0.02162451483309269 0.003000000026077032
		endloop
	endfacet
	facet normal 0 0 1
		outer loop
			vertex 0.002634084317833185 0.012238254770636559 0.003000000026077032
			vertex -0.002634084317833185 0.012238254770636559 0.003000000026077032
			vertex -0.002634084317833185 0.006811744999140501 0.003000000026077032
		endloop
	endfacet
	facet normal 0 0 1
		outer loop
			vertex 0.002634084317833185 0.012238254770636559 0.003000000026077032
			vertex -0.002634084317833185 0.006811744999140501 0.003000000026077032
			vertex 0.0027132551185786724 0.006890915799885988 0.003000000026077032
		endloop
	endfacet
	facet normal 0 0 1
		outer loop
			vertex 0.002634084317833185 0.012238254770636559 0.003000000026077032
			vertex 0.0027132551185786724 0.006890915799885988 0.003000000026077032
			vertex 0.0027132551185786724 0.012159083969891071 0.003000000026077032
		endloop
	endfacet
	facet normal 0 0 1
		outer loop
			vertex -0.01641591638326645 0.031288255006074905 0.003000000026077032
			vertex -0.021684084087610245 0.031288255006074905 0.003000000026077032
			vertex -0.021684084087610245 0.025861745700240135 0.003000000026077032
		endloop
	endfacet
	facet normal 0 0 1
		outer loop
			vertex -0.01641591638326645 0.031288255006074905 0.003000000026077032
			vertex -0.021684084087610245 0.025861745700240135 0.003000000026077032
			vertex -0.01641591638326645 0.025861745700240135 0.003000000026077032
		endloop
	endfacet
	facet normal 0 0 1
		outer loop
			vertex -0.01641591638326645 0.031288255006074905 0.003000000026077032
			vertex -0.016336744651198387 0.025940915569663048 0.003000000026077032
			vertex -0.016336744651198387 0.031209085136651993 0.003000000026077032
		endloop
	endfacet
	facet normal 0 0 1
		outer loop
			vertex -0.01641591638326645 0.031288255006074905 0.003000000026077032
			vertex -0.01641591638326645 0.025861745700240135 0.003000000026077032
			vertex -0.016336744651198387 0.025940915569663048 0.003000000026077032
		endloop
	endfacet
	facet normal 0 0 1
		outer loop
			vertex 0.0028080581687390804 0.01209951564669609 0.003000000026077032
			vertex 0.0027132551185786724 0.012159083969891071 0.003000000026077032
			vertex 0.0027132551185786724 0.006890915799885988 0.003000000026077032
		endloop
	endfacet
	facet normal 0 0 1
		outer loop
			vertex 0.0028080581687390804 0.01209951564669609 0.003000000026077032
			vertex 0.0027132551185786724 0.006890915799885988 0.003000000026077032
			vertex 0.0028080581687390804 0.006950484588742256 0.003000000026077032
		endloop
	endfacet
	facet normal 0 0 1
		outer loop
			vertex 0.0025745155289769173 0.012333057820796967 0.003000000026077032
			vertex -0.002634084317833185 0.012238254770636559 0.003000000026077032
			vertex 0.002634084317833185 0.012238254770636559 0.003000000026077032
		endloop
	endfacet
	facet normal 0 0 1
		outer loop
			vertex 0.0025745155289769173 0.012333057820796967 0.003000000026077032
			vertex -0.0025745155289769173 0.012333057820796967 0.003000000026077032
			vertex -0.002634084317833185 0.012238254770636559 0.003000000026077032
		endloop
	endfacet
	facet normal 0 0 1
		outer loop
			vertex -0.01624194160103798 0.031149515882134438 0.003000000026077032
			vertex -0.016336744651198387 0.031209085136651993 0.003000000026077032
			vertex -0.016336744651198387 0.025940915569663048 0.003000000026077032
		endloop
	endfacet
	facet normal 0 0 1
		outer loop
			vertex -0.01624194160103798 0.031149515882134438 0.003000000026077032
			vertex -0.016336744651198387 0.025940915569663048 0.003000000026077032
			vertex -0.01624194160103798 0.026000484824180603 0.003000000026077032
		endloop
	endfacet
	facet normal 0 0 1
		outer loop
			vertex -0.016475483775138855 0.03138305991888046 0.003000000026077032
			vertex -0.02162451483309269 0.03138305991888046 0.003000000026077032
			vertex -0.021684084087610245 0.031288255006074905 0.003000000026077032
		endloop
	endfacet
	facet normal 0 0 1
		outer loop
			vertex -0.016475483775138855 0.03138305991888046 0.003000000026077032
			vertex -0.021684084087610245 0.031288255006074905 0.003000000026077032
			vertex -0.01641591638326645 0.031288255006074905 0.003000000026077032
		endloop
	endfacet
	facet normal 0 0 1
		outer loop
			vertex 0.034575000405311584 -0.01963699981570244 0.003000000026077032
			vertex 0.03546591475605965 -0.021763255819678307 0.003000000026077032
			vertex 0.03552548587322235 -0.021858058869838715 0.003000000026077032
		endloop
	endfacet
	facet normal 0 0 1
		outer loop
			vertex 0.034575000405311584 -0.01963699981570244 0.003000000026077032
			vertex 0.035386744886636734 -0.021684084087610245 0.003000000026077032
			vertex 0.03546591475605965 -0.021763255819678307 0.003000000026077032
		endloop
	endfacet
	facet normal 0 0 1
		outer loop
			vertex 0.034575000405311584 -0.01963699981570244 0.003000000026077032
			vertex 0.03456246480345726 -0.01974826119840145 0.003000000026077032
			vertex 0.035386744886636734 -0.021684084087610245 0.003000000026077032
		endloop
	endfacet
	facet normal 0 0 1
		outer loop
			vertex 0.0029137395322322845 0.012062535621225834 0.003000000026077032
			vertex 0.0028080581687390804 0.01209951564669609 0.003000000026077032
			vertex 0.0028080581687390804 0.006950484588742256 0.003000000026077032
		endloop
	endfacet
	facet normal 0 0 1
		outer loop
			vertex 0.0029137395322322845 0.012062535621225834 0.003000000026077032
			vertex 0.0028080581687390804 0.006950484588742256 0.003000000026077032
			vertex 0.0029137395322322845 0.006987464148551226 0.003000000026077032
		endloop
	endfacet
	facet normal 0 0 1
		outer loop
			vertex 0.0025375359691679478 0.012438739649951458 0.003000000026077032
			vertex -0.0025745155289769173 0.012333057820796967 0.003000000026077032
			vertex 0.0025745155289769173 0.012333057820796967 0.003000000026077032
		endloop
	endfacet
	facet normal 0 0 1
		outer loop
			vertex 0.0025375359691679478 0.012438739649951458 0.003000000026077032
			vertex -0.0025375359691679478 0.012438739649951458 0.003000000026077032
			vertex -0.0025745155289769173 0.012333057820796967 0.003000000026077032
		endloop
	endfacet
	facet normal 0 0 1
		outer loop
			vertex -0.016512464731931686 0.03148873895406723 0.003000000026077032
			vertex -0.021587535738945007 0.03148873895406723 0.003000000026077032
			vertex -0.02162451483309269 0.03138305991888046 0.003000000026077032
		endloop
	endfacet
	facet normal 0 0 1
		outer loop
			vertex -0.016512464731931686 0.03148873895406723 0.003000000026077032
			vertex -0.02162451483309269 0.03138305991888046 0.003000000026077032
			vertex -0.016475483775138855 0.03138305991888046 0.003000000026077032
		endloop
	endfacet
	facet normal 0 0 1
		outer loop
			vertex -0.016136260703206062 0.031112536787986755 0.003000000026077032
			vertex -0.01624194160103798 0.031149515882134438 0.003000000026077032
			vertex -0.01624194160103798 0.026000484824180603 0.003000000026077032
		endloop
	endfacet
	facet normal 0 0 1
		outer loop
			vertex -0.016136260703206062 0.031112536787986755 0.003000000026077032
			vertex -0.01624194160103798 0.026000484824180603 0.003000000026077032
			vertex -0.016136260703206062 0.026037463918328285 0.003000000026077032
		endloop
	endfacet
	facet normal 0 0 1
		outer loop
			vertex 0.002524999901652336 0.012550000101327896 0.003000000026077032
			vertex -0.0025375359691679478 0.012438739649951458 0.003000000026077032
			vertex 0.0025375359691679478 0.012438739649951458 0.003000000026077032
		endloop
	endfacet
	facet normal 0 0 1
		outer loop
			vertex 0.002524999901652336 0.012550000101327896 0.003000000026077032
			vertex -0.002524999901652336 0.012550000101327896 0.003000000026077032
			vertex -0.0025375359691679478 0.012438739649951458 0.003000000026077032
		endloop
	endfacet
	facet normal 0 0 1
		outer loop
			vertex 0.0030249999836087227 0.01205000001937151 0.003000000026077032
			vertex 0.0029137395322322845 0.012062535621225834 0.003000000026077032
			vertex 0.0029137395322322845 0.006987464148551226 0.003000000026077032
		endloop
	endfacet
	facet normal 0 0 1
		outer loop
			vertex 0.0030249999836087227 0.01205000001937151 0.003000000026077032
			vertex 0.0029137395322322845 0.006987464148551226 0.003000000026077032
			vertex 0.0030249999836087227 0.007000000216066837 0.003000000026077032
		endloop
	endfacet
	facet normal 0 0 1
		outer loop
			vertex -0.01652500033378601 0.031599998474121094 0.003000000026077032
			vertex -0.021575000137090683 0.031599998474121094 0.003000000026077032
			vertex -0.021587535738945007 0.03148873895406723 0.003000000026077032
		endloop
	endfacet
	facet normal 0 0 1
		outer loop
			vertex -0.01652500033378601 0.031599998474121094 0.003000000026077032
			vertex -0.021587535738945007 0.03148873895406723 0.003000000026077032
			vertex -0.016512464731931686 0.03148873895406723 0.003000000026077032
		endloop
	endfacet
	facet normal 0 0 1
		outer loop
			vertex -0.01602499932050705 0.031099999323487282 0.003000000026077032
			vertex -0.016136260703206062 0.031112536787986755 0.003000000026077032
			vertex -0.016136260703206062 0.026037463918328285 0.003000000026077032
		endloop
	endfacet
	facet normal 0 0 1
		outer loop
			vertex -0.01602499932050705 0.031099999323487282 0.003000000026077032
			vertex -0.016136260703206062 0.026037463918328285 0.003000000026077032
			vertex -0.01602499932050705 0.02604999952018261 0.003000000026077032
		endloop
	endfacet
	facet normal 0 0 1
		outer loop
			vertex 0.019574999809265137 0.0005869999877177179 0.003000000026077032
			vertex 0.01652500033378601 -0.006500000134110451 0.003000000026077032
			vertex 0.019574999809265137 -0.005413000006228685 0.003000000026077032
		endloop
	endfacet
	facet normal 0 0 1
		outer loop
			vertex 0.034575000405311584 -0.013636999763548374 0.003000000026077032
			vertex 0.03552548587322235 -0.021858058869838715 0.003000000026077032
			vertex 0.035562463104724884 -0.02196373976767063 0.003000000026077032
		endloop
	endfacet
	facet normal 0 0 1
		outer loop
			vertex 0.034575000405311584 -0.013636999763548374 0.003000000026077032
			vertex 0.034575000405311584 -0.01963699981570244 0.003000000026077032
			vertex 0.03552548587322235 -0.021858058869838715 0.003000000026077032
		endloop
	endfacet
	facet normal 0 0 1
		outer loop
			vertex 0.01652500033378601 0.006500000134110451 0.003000000026077032
			vertex 0.01976325549185276 0.0009779157117009163 0.003000000026077032
			vertex 0.01985805854201317 0.0010374843841418624 0.003000000026077032
		endloop
	endfacet
	facet normal 0 0 1
		outer loop
			vertex 0.01652500033378601 0.006500000134110451 0.003000000026077032
			vertex 0.0196840837597847 0.0008987449109554291 0.003000000026077032
			vertex 0.01976325549185276 0.0009779157117009163 0.003000000026077032
		endloop
	endfacet
	facet normal 0 0 1
		outer loop
			vertex 0.01652500033378601 0.006500000134110451 0.003000000026077032
			vertex 0.019624516367912292 0.0008039418607950211 0.003000000026077032
			vertex 0.0196840837597847 0.0008987449109554291 0.003000000026077032
		endloop
	endfacet
	facet normal 0 0 1
		outer loop
			vertex 0.01652500033378601 0.006500000134110451 0.003000000026077032
			vertex 0.01958753541111946 0.000698260439094156 0.003000000026077032
			vertex 0.019624516367912292 0.0008039418607950211 0.003000000026077032
		endloop
	endfacet
	facet normal 0 0 1
		outer loop
			vertex 0.01652500033378601 0.006500000134110451 0.003000000026077032
			vertex 0.019574999809265137 0.0005869999877177179 0.003000000026077032
			vertex 0.01958753541111946 0.000698260439094156 0.003000000026077032
		endloop
	endfacet
	facet normal 0 0 1
		outer loop
			vertex 0.01652500033378601 0.006500000134110451 0.003000000026077032
			vertex 0.01652500033378601 -0.006500000134110451 0.003000000026077032
			vertex 0.019574999809265137 0.0005869999877177179 0.003000000026077032
		endloop
	endfacet
	facet normal 0 0 1
		outer loop
			vertex -0.022074999287724495 0.045099999755620956 0.003000000026077032
			vertex -0.038100000470876694 0.04762500151991844 0.003000000026077032
			vertex -0.035075001418590546 0.045099999755620956 0.003000000026077032
		endloop
	endfacet
	facet normal 0 0 1
		outer loop
			vertex 0.021684084087610245 0.0027132551185786724 0.003000000026077032
			vertex 0.020075000822544098 0.0010870000114664435 0.003000000026077032
			vertex 0.021763255819678307 0.002634084317833185 0.003000000026077032
		endloop
	endfacet
	facet normal 0 0 1
		outer loop
			vertex 0.021858058869838715 0.0025745155289769173 0.003000000026077032
			vertex 0.021763255819678307 0.002634084317833185 0.003000000026077032
			vertex 0.020075000822544098 0.0010870000114664435 0.003000000026077032
		endloop
	endfacet
	facet normal 0 0 1
		outer loop
			vertex 0.02162451483309269 0.0028080581687390804 0.003000000026077032
			vertex 0.020075000822544098 0.0010870000114664435 0.003000000026077032
			vertex 0.021684084087610245 0.0027132551185786724 0.003000000026077032
		endloop
	endfacet
	facet normal 0 0 1
		outer loop
			vertex 0.02196373976767063 0.0025375359691679478 0.003000000026077032
			vertex 0.021858058869838715 0.0025745155289769173 0.003000000026077032
			vertex 0.020075000822544098 0.0010870000114664435 0.003000000026077032
		endloop
	endfacet
	facet normal 0 0 1
		outer loop
			vertex 0.021587535738945007 0.0029137395322322845 0.003000000026077032
			vertex 0.020075000822544098 0.0010870000114664435 0.003000000026077032
			vertex 0.02162451483309269 0.0028080581687390804 0.003000000026077032
		endloop
	endfacet
	facet normal 0 0 1
		outer loop
			vertex 0.021575000137090683 0.0030249999836087227 0.003000000026077032
			vertex 0.019963739439845085 0.0010744639439508319 0.003000000026077032
			vertex 0.020075000822544098 0.0010870000114664435 0.003000000026077032
		endloop
	endfacet
	facet normal 0 0 1
		outer loop
			vertex 0.021575000137090683 0.0030249999836087227 0.003000000026077032
			vertex 0.01985805854201317 0.0010374843841418624 0.003000000026077032
			vertex 0.019963739439845085 0.0010744639439508319 0.003000000026077032
		endloop
	endfacet
	facet normal 0 0 1
		outer loop
			vertex 0.021575000137090683 0.0030249999836087227 0.003000000026077032
			vertex 0.01652500033378601 0.006500000134110451 0.003000000026077032
			vertex 0.01985805854201317 0.0010374843841418624 0.003000000026077032
		endloop
	endfacet
	facet normal 0 0 1
		outer loop
			vertex 0.021575000137090683 0.0030249999836087227 0.003000000026077032
			vertex 0.020075000822544098 0.0010870000114664435 0.003000000026077032
			vertex 0.021587535738945007 0.0029137395322322845 0.003000000026077032
		endloop
	endfacet
	facet normal 0 0 1
		outer loop
			vertex 0.021575000137090683 0.0030249999836087227 0.003000000026077032
			vertex 0.016512464731931686 0.006611260585486889 0.003000000026077032
			vertex 0.01652500033378601 0.006500000134110451 0.003000000026077032
		endloop
	endfacet
	facet normal 0 0 1
		outer loop
			vertex 0.021575000137090683 0.0030249999836087227 0.003000000026077032
			vertex 0.016475483775138855 0.006716941948980093 0.003000000026077032
			vertex 0.016512464731931686 0.006611260585486889 0.003000000026077032
		endloop
	endfacet
	facet normal 0 0 1
		outer loop
			vertex 0.022074999287724495 0.002524999901652336 0.003000000026077032
			vertex 0.02196373976767063 0.0025375359691679478 0.003000000026077032
			vertex 0.020075000822544098 0.0010870000114664435 0.003000000026077032
		endloop
	endfacet
	facet normal 0 0 1
		outer loop
			vertex 0.01602499932050705 0.01205000001937151 0.003000000026077032
			vertex 0.0030249999836087227 0.01205000001937151 0.003000000026077032
			vertex 0.0030249999836087227 0.007000000216066837 0.003000000026077032
		endloop
	endfacet
	facet normal 0 0 1
		outer loop
			vertex 0.01602499932050705 0.01205000001937151 0.003000000026077032
			vertex 0.0030249999836087227 0.007000000216066837 0.003000000026077032
			vertex 0.01602499932050705 0.007000000216066837 0.003000000026077032
		endloop
	endfacet
	facet normal 0 0 1
		outer loop
			vertex -0.0030249999836087227 0.031099999323487282 0.003000000026077032
			vertex -0.01602499932050705 0.02604999952018261 0.003000000026077032
			vertex -0.0030249999836087227 0.02604999952018261 0.003000000026077032
		endloop
	endfacet
	facet normal 0 0 1
		outer loop
			vertex -0.0030249999836087227 0.031099999323487282 0.003000000026077032
			vertex -0.01602499932050705 0.031099999323487282 0.003000000026077032
			vertex -0.01602499932050705 0.02604999952018261 0.003000000026077032
		endloop
	endfacet
	facet normal 0 0 1
		outer loop
			vertex 0.002524999901652336 0.025550000369548798 0.003000000026077032
			vertex -0.002524999901652336 0.012550000101327896 0.003000000026077032
			vertex 0.002524999901652336 0.012550000101327896 0.003000000026077032
		endloop
	endfacet
	facet normal 0 0 1
		outer loop
			vertex 0.002524999901652336 0.025550000369548798 0.003000000026077032
			vertex -0.002524999901652336 0.025550000369548798 0.003000000026077032
			vertex -0.002524999901652336 0.012550000101327896 0.003000000026077032
		endloop
	endfacet
	facet normal 0 0 1
		outer loop
			vertex -0.01652500033378601 0.044599998742341995 0.003000000026077032
			vertex -0.021575000137090683 0.044599998742341995 0.003000000026077032
			vertex -0.021575000137090683 0.031599998474121094 0.003000000026077032
		endloop
	endfacet
	facet normal 0 0 1
		outer loop
			vertex -0.01652500033378601 0.044599998742341995 0.003000000026077032
			vertex -0.021575000137090683 0.031599998474121094 0.003000000026077032
			vertex -0.01652500033378601 0.031599998474121094 0.003000000026077032
		endloop
	endfacet
	facet normal 0 0 1
		outer loop
			vertex 0.03407499939203262 -0.005913000088185072 0.003000000026077032
			vertex 0.020075000822544098 -0.005913000088185072 0.003000000026077032
			vertex 0.020075000822544098 -0.013136999681591988 0.003000000026077032
		endloop
	endfacet
	facet normal 0 0 1
		outer loop
			vertex 0.03407499939203262 -0.005913000088185072 0.003000000026077032
			vertex 0.020075000822544098 -0.013136999681591988 0.003000000026077032
			vertex 0.03407499939203262 -0.013136999681591988 0.003000000026077032
		endloop
	endfacet
	facet normal 0 0 1
		outer loop
			vertex 0.016136260703206062 0.012062535621225834 0.003000000026077032
			vertex 0.01602499932050705 0.01205000001937151 0.003000000026077032
			vertex 0.01602499932050705 0.007000000216066837 0.003000000026077032
		endloop
	endfacet
	facet normal 0 0 1
		outer loop
			vertex 0.016136260703206062 0.012062535621225834 0.003000000026077032
			vertex 0.01602499932050705 0.007000000216066837 0.003000000026077032
			vertex 0.016136260703206062 0.006987464148551226 0.003000000026077032
		endloop
	endfacet
	facet normal 0 0 1
		outer loop
			vertex 0.0025375359691679478 0.02566125988960266 0.003000000026077032
			vertex -0.002524999901652336 0.025550000369548798 0.003000000026077032
			vertex 0.002524999901652336 0.025550000369548798 0.003000000026077032
		endloop
	endfacet
	facet normal 0 0 1
		outer loop
			vertex 0.0025375359691679478 0.02566125988960266 0.003000000026077032
			vertex -0.0025375359691679478 0.02566125988960266 0.003000000026077032
			vertex -0.002524999901652336 0.025550000369548798 0.003000000026077032
		endloop
	endfacet
	facet normal 0 0 1
		outer loop
			vertex -0.016512464731931686 0.04471126198768616 0.003000000026077032
			vertex -0.021575000137090683 0.044599998742341995 0.003000000026077032
			vertex -0.01652500033378601 0.044599998742341995 0.003000000026077032
		endloop
	endfacet
	facet normal 0 0 1
		outer loop
			vertex -0.016512464731931686 0.04471126198768616 0.003000000026077032
			vertex -0.021587535738945007 0.04471126198768616 0.003000000026077032
			vertex -0.021575000137090683 0.044599998742341995 0.003000000026077032
		endloop
	endfacet
	facet normal 0 0 1
		outer loop
			vertex -0.0029137395322322845 0.031112536787986755 0.003000000026077032
			vertex -0.0030249999836087227 0.031099999323487282 0.003000000026077032
			vertex -0.0030249999836087227 0.02604999952018261 0.003000000026077032
		endloop
	endfacet
	facet normal 0 0 1
		outer loop
			vertex -0.0029137395322322845 0.031112536787986755 0.003000000026077032
			vertex -0.0030249999836087227 0.02604999952018261 0.003000000026077032
			vertex -0.0029137395322322845 0.026037463918328285 0.003000000026077032
		endloop
	endfacet
	facet normal 0 0 1
		outer loop
			vertex 0.03418625891208649 -0.00590046402066946 0.003000000026077032
			vertex 0.03407499939203262 -0.013136999681591988 0.003000000026077032
			vertex 0.03418625891208649 -0.013149536214768887 0.003000000026077032
		endloop
	endfacet
	facet normal 0 0 1
		outer loop
			vertex 0.03418625891208649 -0.00590046402066946 0.003000000026077032
			vertex 0.03407499939203262 -0.005913000088185072 0.003000000026077032
			vertex 0.03407499939203262 -0.013136999681591988 0.003000000026077032
		endloop
	endfacet
	facet normal 0 0 1
		outer loop
			vertex 0.01624194160103798 0.01209951564669609 0.003000000026077032
			vertex 0.016136260703206062 0.012062535621225834 0.003000000026077032
			vertex 0.016136260703206062 0.006987464148551226 0.003000000026077032
		endloop
	endfacet
	facet normal 0 0 1
		outer loop
			vertex 0.01624194160103798 0.01209951564669609 0.003000000026077032
			vertex 0.016136260703206062 0.006987464148551226 0.003000000026077032
			vertex 0.01624194160103798 0.006950484588742256 0.003000000026077032
		endloop
	endfacet
	facet normal 0 0 1
		outer loop
			vertex 0.0025745155289769173 0.025766942650079727 0.003000000026077032
			vertex -0.0025745155289769173 0.025766942650079727 0.003000000026077032
			vertex -0.0025375359691679478 0.02566125988960266 0.003000000026077032
		endloop
	endfacet
	facet normal 0 0 1
		outer loop
			vertex 0.0025745155289769173 0.025766942650079727 0.003000000026077032
			vertex -0.0025375359691679478 0.02566125988960266 0.003000000026077032
			vertex 0.0025375359691679478 0.02566125988960266 0.003000000026077032
		endloop
	endfacet
	facet normal 0 0 1
		outer loop
			vertex -0.0028080581687390804 0.031149515882134438 0.003000000026077032
			vertex -0.0029137395322322845 0.031112536787986755 0.003000000026077032
			vertex -0.0029137395322322845 0.026037463918328285 0.003000000026077032
		endloop
	endfacet
	facet normal 0 0 1
		outer loop
			vertex -0.0028080581687390804 0.031149515882134438 0.003000000026077032
			vertex -0.0029137395322322845 0.026037463918328285 0.003000000026077032
			vertex -0.0028080581687390804 0.026000484824180603 0.003000000026077032
		endloop
	endfacet
	facet normal 0 0 1
		outer loop
			vertex -0.016475483775138855 0.044816941022872925 0.003000000026077032
			vertex -0.021587535738945007 0.04471126198768616 0.003000000026077032
			vertex -0.016512464731931686 0.04471126198768616 0.003000000026077032
		endloop
	endfacet
	facet normal 0 0 1
		outer loop
			vertex -0.016475483775138855 0.044816941022872925 0.003000000026077032
			vertex -0.02162451483309269 0.044816941022872925 0.003000000026077032
			vertex -0.021587535738945007 0.04471126198768616 0.003000000026077032
		endloop
	endfacet
	facet normal 0 0 1
		outer loop
			vertex 0.03429194167256355 -0.005863484460860491 0.003000000026077032
			vertex 0.03418625891208649 -0.013149536214768887 0.003000000026077032
			vertex 0.03429194167256355 -0.013186515308916569 0.003000000026077032
		endloop
	endfacet
	facet normal 0 0 1
		outer loop
			vertex 0.03429194167256355 -0.005863484460860491 0.003000000026077032
			vertex 0.03418625891208649 -0.00590046402066946 0.003000000026077032
			vertex 0.03418625891208649 -0.013149536214768887 0.003000000026077032
		endloop
	endfacet
	facet normal 0 0 1
		outer loop
			vertex 0.016336744651198387 0.012159083969891071 0.003000000026077032
			vertex 0.01624194160103798 0.01209951564669609 0.003000000026077032
			vertex 0.01624194160103798 0.006950484588742256 0.003000000026077032
		endloop
	endfacet
	facet normal 0 0 1
		outer loop
			vertex 0.016336744651198387 0.012159083969891071 0.003000000026077032
			vertex 0.01624194160103798 0.006950484588742256 0.003000000026077032
			vertex 0.016336744651198387 0.006890915799885988 0.003000000026077032
		endloop
	endfacet
	facet normal 0 0 1
		outer loop
			vertex -0.0027132551185786724 0.031209085136651993 0.003000000026077032
			vertex -0.0028080581687390804 0.031149515882134438 0.003000000026077032
			vertex -0.0028080581687390804 0.026000484824180603 0.003000000026077032
		endloop
	endfacet
	facet normal 0 0 1
		outer loop
			vertex -0.0027132551185786724 0.031209085136651993 0.003000000026077032
			vertex -0.0028080581687390804 0.026000484824180603 0.003000000026077032
			vertex -0.0027132551185786724 0.025940915569663048 0.003000000026077032
		endloop
	endfacet
	facet normal 0 0 1
		outer loop
			vertex 0.002634084317833185 0.025861745700240135 0.003000000026077032
			vertex -0.0025745155289769173 0.025766942650079727 0.003000000026077032
			vertex 0.0025745155289769173 0.025766942650079727 0.003000000026077032
		endloop
	endfacet
	facet normal 0 0 1
		outer loop
			vertex 0.002634084317833185 0.025861745700240135 0.003000000026077032
			vertex -0.002634084317833185 0.025861745700240135 0.003000000026077032
			vertex -0.0025745155289769173 0.025766942650079727 0.003000000026077032
		endloop
	endfacet
	facet normal 0 0 1
		outer loop
			vertex -0.01641591638326645 0.04491174593567848 0.003000000026077032
			vertex -0.021684084087610245 0.04491174593567848 0.003000000026077032
			vertex -0.02162451483309269 0.044816941022872925 0.003000000026077032
		endloop
	endfacet
	facet normal 0 0 1
		outer loop
			vertex -0.01641591638326645 0.04491174593567848 0.003000000026077032
			vertex -0.02162451483309269 0.044816941022872925 0.003000000026077032
			vertex -0.016475483775138855 0.044816941022872925 0.003000000026077032
		endloop
	endfacet
	facet normal 0 0 1
		outer loop
			vertex 0.03438674658536911 -0.005803915672004223 0.003000000026077032
			vertex 0.03429194167256355 -0.013186515308916569 0.003000000026077032
			vertex 0.03438674658536911 -0.013246084563434124 0.003000000026077032
		endloop
	endfacet
	facet normal 0 0 1
		outer loop
			vertex 0.03438674658536911 -0.005803915672004223 0.003000000026077032
			vertex 0.03429194167256355 -0.005863484460860491 0.003000000026077032
			vertex 0.03429194167256355 -0.013186515308916569 0.003000000026077032
		endloop
	endfacet
	facet normal 0 0 1
		outer loop
			vertex 0.01641591638326645 0.012238254770636559 0.003000000026077032
			vertex 0.016336744651198387 0.012159083969891071 0.003000000026077032
			vertex 0.016336744651198387 0.006890915799885988 0.003000000026077032
		endloop
	endfacet
	facet normal 0 0 1
		outer loop
			vertex 0.01641591638326645 0.012238254770636559 0.003000000026077032
			vertex 0.016336744651198387 0.006890915799885988 0.003000000026077032
			vertex 0.01641591638326645 0.006811744999140501 0.003000000026077032
		endloop
	endfacet
	facet normal 0 0 1
		outer loop
			vertex -0.002634084317833185 0.031288255006074905 0.003000000026077032
			vertex -0.0027132551185786724 0.025940915569663048 0.003000000026077032
			vertex -0.002634084317833185 0.025861745700240135 0.003000000026077032
		endloop
	endfacet
	facet normal 0 0 1
		outer loop
			vertex -0.002634084317833185 0.031288255006074905 0.003000000026077032
			vertex -0.0027132551185786724 0.031209085136651993 0.003000000026077032
			vertex -0.0027132551185786724 0.025940915569663048 0.003000000026077032
		endloop
	endfacet
	facet normal 0 0 1
		outer loop
			vertex -0.016336744651198387 0.044990915805101395 0.003000000026077032
			vertex -0.021763255819678307 0.044990915805101395 0.003000000026077032
			vertex -0.021684084087610245 0.04491174593567848 0.003000000026077032
		endloop
	endfacet
	facet normal 0 0 1
		outer loop
			vertex -0.016336744651198387 0.044990915805101395 0.003000000026077032
			vertex -0.021684084087610245 0.04491174593567848 0.003000000026077032
			vertex -0.01641591638326645 0.04491174593567848 0.003000000026077032
		endloop
	endfacet
	facet normal 0 0 1
		outer loop
			vertex 0.03446591645479202 -0.005724744871258736 0.003000000026077032
			vertex 0.03438674658536911 -0.005803915672004223 0.003000000026077032
			vertex 0.03438674658536911 -0.013246084563434124 0.003000000026077032
		endloop
	endfacet
	facet normal 0 0 1
		outer loop
			vertex 0.03446591645479202 -0.005724744871258736 0.003000000026077032
			vertex 0.03438674658536911 -0.013246084563434124 0.003000000026077032
			vertex 0.03446591645479202 -0.013325255364179611 0.003000000026077032
		endloop
	endfacet
	facet normal 0 0 1
		outer loop
			vertex 0.016475483775138855 0.012333057820796967 0.003000000026077032
			vertex 0.01641591638326645 0.012238254770636559 0.003000000026077032
			vertex 0.01641591638326645 0.006811744999140501 0.003000000026077032
		endloop
	endfacet
	facet normal 0 0 1
		outer loop
			vertex 0.016475483775138855 0.012333057820796967 0.003000000026077032
			vertex 0.01641591638326645 0.006811744999140501 0.003000000026077032
			vertex 0.016475483775138855 0.006716941948980093 0.003000000026077032
		endloop
	endfacet
	facet normal 0 0 1
		outer loop
			vertex -0.01624194160103798 0.0450504831969738 0.003000000026077032
			vertex -0.021763255819678307 0.044990915805101395 0.003000000026077032
			vertex -0.016336744651198387 0.044990915805101395 0.003000000026077032
		endloop
	endfacet
	facet normal 0 0 1
		outer loop
			vertex -0.01624194160103798 0.0450504831969738 0.003000000026077032
			vertex -0.021858058869838715 0.0450504831969738 0.003000000026077032
			vertex -0.021763255819678307 0.044990915805101395 0.003000000026077032
		endloop
	endfacet
	facet normal 0 0 1
		outer loop
			vertex 0.03452548384666443 -0.005629941821098328 0.003000000026077032
			vertex 0.03446591645479202 -0.013325255364179611 0.003000000026077032
			vertex 0.03452548384666443 -0.01342005841434002 0.003000000026077032
		endloop
	endfacet
	facet normal 0 0 1
		outer loop
			vertex 0.03452548384666443 -0.005629941821098328 0.003000000026077032
			vertex 0.03446591645479202 -0.005724744871258736 0.003000000026077032
			vertex 0.03446591645479202 -0.013325255364179611 0.003000000026077032
		endloop
	endfacet
	facet normal 0 0 1
		outer loop
			vertex -0.016136260703206062 0.04508746415376663 0.003000000026077032
			vertex -0.02196373976767063 0.04508746415376663 0.003000000026077032
			vertex -0.021858058869838715 0.0450504831969738 0.003000000026077032
		endloop
	endfacet
	facet normal 0 0 1
		outer loop
			vertex -0.016136260703206062 0.04508746415376663 0.003000000026077032
			vertex -0.021858058869838715 0.0450504831969738 0.003000000026077032
			vertex -0.01624194160103798 0.0450504831969738 0.003000000026077032
		endloop
	endfacet
	facet normal 0 0 1
		outer loop
			vertex 0.03456246480345726 -0.0055242604576051235 0.003000000026077032
			vertex 0.03452548384666443 -0.005629941821098328 0.003000000026077032
			vertex 0.03452548384666443 -0.01342005841434002 0.003000000026077032
		endloop
	endfacet
	facet normal 0 0 1
		outer loop
			vertex 0.03456246480345726 -0.0055242604576051235 0.003000000026077032
			vertex 0.03452548384666443 -0.01342005841434002 0.003000000026077032
			vertex 0.03456246480345726 -0.013525739312171936 0.003000000026077032
		endloop
	endfacet
	facet normal 0 0 1
		outer loop
			vertex -0.01602499932050705 0.045099999755620956 0.003000000026077032
			vertex -0.02196373976767063 0.04508746415376663 0.003000000026077032
			vertex -0.016136260703206062 0.04508746415376663 0.003000000026077032
		endloop
	endfacet
	facet normal 0 0 1
		outer loop
			vertex -0.01602499932050705 0.045099999755620956 0.003000000026077032
			vertex -0.022074999287724495 0.045099999755620956 0.003000000026077032
			vertex -0.02196373976767063 0.04508746415376663 0.003000000026077032
		endloop
	endfacet
	facet normal 0 0 1
		outer loop
			vertex 0.034575000405311584 -0.005413000006228685 0.003000000026077032
			vertex 0.03456246480345726 -0.013525739312171936 0.003000000026077032
			vertex 0.034575000405311584 -0.013636999763548374 0.003000000026077032
		endloop
	endfacet
	facet normal 0 0 1
		outer loop
			vertex 0.034575000405311584 -0.005413000006228685 0.003000000026077032
			vertex 0.03456246480345726 -0.0055242604576051235 0.003000000026077032
			vertex 0.03456246480345726 -0.013525739312171936 0.003000000026077032
		endloop
	endfacet
	facet normal 0 0 1
		outer loop
			vertex 0.0027132551185786724 0.031209085136651993 0.003000000026077032
			vertex 0.002634084317833185 0.031288255006074905 0.003000000026077032
			vertex -0.002634084317833185 0.031288255006074905 0.003000000026077032
		endloop
	endfacet
	facet normal 0 0 1
		outer loop
			vertex 0.0027132551185786724 0.031209085136651993 0.003000000026077032
			vertex -0.002634084317833185 0.025861745700240135 0.003000000026077032
			vertex 0.002634084317833185 0.025861745700240135 0.003000000026077032
		endloop
	endfacet
	facet normal 0 0 1
		outer loop
			vertex 0.0027132551185786724 0.031209085136651993 0.003000000026077032
			vertex -0.002634084317833185 0.031288255006074905 0.003000000026077032
			vertex -0.002634084317833185 0.025861745700240135 0.003000000026077032
		endloop
	endfacet
	facet normal 0 0 1
		outer loop
			vertex 0.0027132551185786724 0.031209085136651993 0.003000000026077032
			vertex 0.002634084317833185 0.025861745700240135 0.003000000026077032
			vertex 0.0027132551185786724 0.025940915569663048 0.003000000026077032
		endloop
	endfacet
	facet normal 0 0 1
		outer loop
			vertex 0.0028080581687390804 0.031149515882134438 0.003000000026077032
			vertex 0.0027132551185786724 0.031209085136651993 0.003000000026077032
			vertex 0.0027132551185786724 0.025940915569663048 0.003000000026077032
		endloop
	endfacet
	facet normal 0 0 1
		outer loop
			vertex 0.0028080581687390804 0.031149515882134438 0.003000000026077032
			vertex 0.0027132551185786724 0.025940915569663048 0.003000000026077032
			vertex 0.0028080581687390804 0.026000484824180603 0.003000000026077032
		endloop
	endfacet
	facet normal 0 0 1
		outer loop
			vertex 0.0025745155289769173 0.03138305991888046 0.003000000026077032
			vertex -0.002634084317833185 0.031288255006074905 0.003000000026077032
			vertex 0.002634084317833185 0.031288255006074905 0.003000000026077032
		endloop
	endfacet
	facet normal 0 0 1
		outer loop
			vertex 0.0025745155289769173 0.03138305991888046 0.003000000026077032
			vertex -0.0025745155289769173 0.03138305991888046 0.003000000026077032
			vertex -0.002634084317833185 0.031288255006074905 0.003000000026077032
		endloop
	endfacet
	facet normal 0 0 1
		outer loop
			vertex 0.0029137395322322845 0.031112536787986755 0.003000000026077032
			vertex 0.0028080581687390804 0.031149515882134438 0.003000000026077032
			vertex 0.0028080581687390804 0.026000484824180603 0.003000000026077032
		endloop
	endfacet
	facet normal 0 0 1
		outer loop
			vertex 0.0029137395322322845 0.031112536787986755 0.003000000026077032
			vertex 0.0028080581687390804 0.026000484824180603 0.003000000026077032
			vertex 0.0029137395322322845 0.026037463918328285 0.003000000026077032
		endloop
	endfacet
	facet normal 0 0 1
		outer loop
			vertex 0.0025375359691679478 0.03148873895406723 0.003000000026077032
			vertex -0.0025745155289769173 0.03138305991888046 0.003000000026077032
			vertex 0.0025745155289769173 0.03138305991888046 0.003000000026077032
		endloop
	endfacet
	facet normal 0 0 1
		outer loop
			vertex 0.0025375359691679478 0.03148873895406723 0.003000000026077032
			vertex -0.0025375359691679478 0.03148873895406723 0.003000000026077032
			vertex -0.0025745155289769173 0.03138305991888046 0.003000000026077032
		endloop
	endfacet
	facet normal 0 0 1
		outer loop
			vertex 0.002524999901652336 0.031599998474121094 0.003000000026077032
			vertex -0.0025375359691679478 0.03148873895406723 0.003000000026077032
			vertex 0.0025375359691679478 0.03148873895406723 0.003000000026077032
		endloop
	endfacet
	facet normal 0 0 1
		outer loop
			vertex 0.002524999901652336 0.031599998474121094 0.003000000026077032
			vertex -0.002524999901652336 0.031599998474121094 0.003000000026077032
			vertex -0.0025375359691679478 0.03148873895406723 0.003000000026077032
		endloop
	endfacet
	facet normal 0 0 1
		outer loop
			vertex 0.0030249999836087227 0.031099999323487282 0.003000000026077032
			vertex 0.0029137395322322845 0.031112536787986755 0.003000000026077032
			vertex 0.0029137395322322845 0.026037463918328285 0.003000000026077032
		endloop
	endfacet
	facet normal 0 0 1
		outer loop
			vertex 0.0030249999836087227 0.031099999323487282 0.003000000026077032
			vertex 0.0029137395322322845 0.026037463918328285 0.003000000026077032
			vertex 0.0030249999836087227 0.02604999952018261 0.003000000026077032
		endloop
	endfacet
	facet normal 0 0 1
		outer loop
			vertex 0.035075001418590546 0.002524999901652336 0.003000000026077032
			vertex 0.022074999287724495 0.002524999901652336 0.003000000026077032
			vertex 0.03407499939203262 0.0010870000114664435 0.003000000026077032
		endloop
	endfacet
	facet normal 0 0 1
		outer loop
			vertex 0.035075001418590546 0.002524999901652336 0.003000000026077032
			vertex 0.03438674658536911 0.0009779157117009163 0.003000000026077032
			vertex 0.03446591645479202 0.0008987449109554291 0.003000000026077032
		endloop
	endfacet
	facet normal 0 0 1
		outer loop
			vertex 0.035075001418590546 0.002524999901652336 0.003000000026077032
			vertex 0.03429194167256355 0.0010374843841418624 0.003000000026077032
			vertex 0.03438674658536911 0.0009779157117009163 0.003000000026077032
		endloop
	endfacet
	facet normal 0 0 1
		outer loop
			vertex 0.035075001418590546 0.002524999901652336 0.003000000026077032
			vertex 0.03418625891208649 0.0010744639439508319 0.003000000026077032
			vertex 0.03429194167256355 0.0010374843841418624 0.003000000026077032
		endloop
	endfacet
	facet normal 0 0 1
		outer loop
			vertex 0.035075001418590546 0.002524999901652336 0.003000000026077032
			vertex 0.03407499939203262 0.0010870000114664435 0.003000000026077032
			vertex 0.03418625891208649 0.0010744639439508319 0.003000000026077032
		endloop
	endfacet
	facet normal 0 0 1
		outer loop
			vertex 0.021575000137090683 0.01602499932050705 0.003000000026077032
			vertex 0.016512464731931686 0.012438739649951458 0.003000000026077032
			vertex 0.016475483775138855 0.012333057820796967 0.003000000026077032
		endloop
	endfacet
	facet normal 0 0 1
		outer loop
			vertex 0.021575000137090683 0.01602499932050705 0.003000000026077032
			vertex 0.01652500033378601 0.012550000101327896 0.003000000026077032
			vertex 0.016512464731931686 0.012438739649951458 0.003000000026077032
		endloop
	endfacet
	facet normal 0 0 1
		outer loop
			vertex 0.021575000137090683 0.01602499932050705 0.003000000026077032
			vertex 0.016475483775138855 0.012333057820796967 0.003000000026077032
			vertex 0.016475483775138855 0.006716941948980093 0.003000000026077032
		endloop
	endfacet
	facet normal 0 0 1
		outer loop
			vertex 0.021575000137090683 0.01602499932050705 0.003000000026077032
			vertex 0.016475483775138855 0.006716941948980093 0.003000000026077032
			vertex 0.021575000137090683 0.0030249999836087227 0.003000000026077032
		endloop
	endfacet
	facet normal 0 0 1
		outer loop
			vertex 0.03518626093864441 0.0025375359691679478 0.003000000026077032
			vertex 0.035075001418590546 0.002524999901652336 0.003000000026077032
			vertex 0.03446591645479202 0.0008987449109554291 0.003000000026077032
		endloop
	endfacet
	facet normal 0 0 1
		outer loop
			vertex 0.03518626093864441 0.0025375359691679478 0.003000000026077032
			vertex 0.03446591645479202 0.0008987449109554291 0.003000000026077032
			vertex 0.03452548384666443 0.0008039418607950211 0.003000000026077032
		endloop
	endfacet
	facet normal 0 0 1
		outer loop
			vertex 0.0196840837597847 0.018151255324482918 0.003000000026077032
			vertex 0.01652500033378601 0.012550000101327896 0.003000000026077032
			vertex 0.01976325549185276 0.018072083592414856 0.003000000026077032
		endloop
	endfacet
	facet normal 0 0 1
		outer loop
			vertex 0.035291943699121475 0.0025745155289769173 0.003000000026077032
			vertex 0.03518626093864441 0.0025375359691679478 0.003000000026077032
			vertex 0.03452548384666443 0.0008039418607950211 0.003000000026077032
		endloop
	endfacet
	facet normal 0 0 1
		outer loop
			vertex 0.035291943699121475 0.0025745155289769173 0.003000000026077032
			vertex 0.03452548384666443 0.0008039418607950211 0.003000000026077032
			vertex 0.03456246480345726 0.000698260439094156 0.003000000026077032
		endloop
	endfacet
	facet normal 0 0 1
		outer loop
			vertex 0.01985805854201317 0.01801251620054245 0.003000000026077032
			vertex 0.01652500033378601 0.012550000101327896 0.003000000026077032
			vertex 0.021575000137090683 0.01602499932050705 0.003000000026077032
		endloop
	endfacet
	facet normal 0 0 1
		outer loop
			vertex 0.01985805854201317 0.01801251620054245 0.003000000026077032
			vertex 0.01976325549185276 0.018072083592414856 0.003000000026077032
			vertex 0.01652500033378601 0.012550000101327896 0.003000000026077032
		endloop
	endfacet
	facet normal 0 0 1
		outer loop
			vertex 0.019624516367912292 0.018246058374643326 0.003000000026077032
			vertex 0.01652500033378601 0.012550000101327896 0.003000000026077032
			vertex 0.0196840837597847 0.018151255324482918 0.003000000026077032
		endloop
	endfacet
	facet normal 0 0 1
		outer loop
			vertex 0.019963739439845085 0.01797553524374962 0.003000000026077032
			vertex 0.01985805854201317 0.01801251620054245 0.003000000026077032
			vertex 0.021575000137090683 0.01602499932050705 0.003000000026077032
		endloop
	endfacet
	facet normal 0 0 1
		outer loop
			vertex 0.01958753541111946 0.018351739272475243 0.003000000026077032
			vertex 0.01652500033378601 0.012550000101327896 0.003000000026077032
			vertex 0.019624516367912292 0.018246058374643326 0.003000000026077032
		endloop
	endfacet
	facet normal 0 0 1
		outer loop
			vertex 0.035386744886636734 0.002634084317833185 0.003000000026077032
			vertex 0.035291943699121475 0.0025745155289769173 0.003000000026077032
			vertex 0.03456246480345726 0.000698260439094156 0.003000000026077032
		endloop
	endfacet
	facet normal 0 0 1
		outer loop
			vertex 0.035386744886636734 0.002634084317833185 0.003000000026077032
			vertex 0.03456246480345726 0.000698260439094156 0.003000000026077032
			vertex 0.034575000405311584 0.0005869999877177179 0.003000000026077032
		endloop
	endfacet
	facet normal 0 0 1
		outer loop
			vertex 0.019574999809265137 0.018463000655174255 0.003000000026077032
			vertex 0.01652500033378601 0.012550000101327896 0.003000000026077032
			vertex 0.01958753541111946 0.018351739272475243 0.003000000026077032
		endloop
	endfacet
	facet normal 0 0 1
		outer loop
			vertex 0.020075000822544098 0.017962999641895294 0.003000000026077032
			vertex 0.02162451483309269 0.01624194160103798 0.003000000026077032
			vertex 0.021684084087610245 0.016336744651198387 0.003000000026077032
		endloop
	endfacet
	facet normal 0 0 1
		outer loop
			vertex 0.020075000822544098 0.017962999641895294 0.003000000026077032
			vertex 0.021587535738945007 0.016136260703206062 0.003000000026077032
			vertex 0.02162451483309269 0.01624194160103798 0.003000000026077032
		endloop
	endfacet
	facet normal 0 0 1
		outer loop
			vertex 0.020075000822544098 0.017962999641895294 0.003000000026077032
			vertex 0.021575000137090683 0.01602499932050705 0.003000000026077032
			vertex 0.021587535738945007 0.016136260703206062 0.003000000026077032
		endloop
	endfacet
	facet normal 0 0 1
		outer loop
			vertex 0.020075000822544098 0.017962999641895294 0.003000000026077032
			vertex 0.019963739439845085 0.01797553524374962 0.003000000026077032
			vertex 0.021575000137090683 0.01602499932050705 0.003000000026077032
		endloop
	endfacet
	facet normal 0 0 1
		outer loop
			vertex 0.03546591475605965 0.0027132551185786724 0.003000000026077032
			vertex 0.035386744886636734 0.002634084317833185 0.003000000026077032
			vertex 0.034575000405311584 0.0005869999877177179 0.003000000026077032
		endloop
	endfacet
	facet normal 0 0 1
		outer loop
			vertex 0.021763255819678307 0.01641591638326645 0.003000000026077032
			vertex 0.020075000822544098 0.017962999641895294 0.003000000026077032
			vertex 0.021684084087610245 0.016336744651198387 0.003000000026077032
		endloop
	endfacet
	facet normal 0 0 1
		outer loop
			vertex 0.03552548587322235 0.0028080581687390804 0.003000000026077032
			vertex 0.03546591475605965 0.0027132551185786724 0.003000000026077032
			vertex 0.034575000405311584 0.0005869999877177179 0.003000000026077032
		endloop
	endfacet
	facet normal 0 0 1
		outer loop
			vertex 0.03552548587322235 0.0028080581687390804 0.003000000026077032
			vertex 0.034575000405311584 0.0005869999877177179 0.003000000026077032
			vertex 0.034575000405311584 -0.005413000006228685 0.003000000026077032
		endloop
	endfacet
	facet normal 0 0 1
		outer loop
			vertex 0.021858058869838715 0.016475483775138855 0.003000000026077032
			vertex 0.020075000822544098 0.017962999641895294 0.003000000026077032
			vertex 0.021763255819678307 0.01641591638326645 0.003000000026077032
		endloop
	endfacet
	facet normal 0 0 1
		outer loop
			vertex 0.035562463104724884 0.0029137395322322845 0.003000000026077032
			vertex 0.034575000405311584 -0.005413000006228685 0.003000000026077032
			vertex 0.034575000405311584 -0.013636999763548374 0.003000000026077032
		endloop
	endfacet
	facet normal 0 0 1
		outer loop
			vertex 0.035562463104724884 0.0029137395322322845 0.003000000026077032
			vertex 0.034575000405311584 -0.013636999763548374 0.003000000026077032
			vertex 0.035562463104724884 -0.02196373976767063 0.003000000026077032
		endloop
	endfacet
	facet normal 0 0 1
		outer loop
			vertex 0.035562463104724884 0.0029137395322322845 0.003000000026077032
			vertex 0.03552548587322235 0.0028080581687390804 0.003000000026077032
			vertex 0.034575000405311584 -0.005413000006228685 0.003000000026077032
		endloop
	endfacet
	facet normal 0 0 1
		outer loop
			vertex 0.02196373976767063 0.016512464731931686 0.003000000026077032
			vertex 0.020075000822544098 0.017962999641895294 0.003000000026077032
			vertex 0.021858058869838715 0.016475483775138855 0.003000000026077032
		endloop
	endfacet
	facet normal 0 0 1
		outer loop
			vertex 0.03557499870657921 0.0030249999836087227 0.003000000026077032
			vertex 0.035562463104724884 -0.02196373976767063 0.003000000026077032
			vertex 0.03557499870657921 -0.022074999287724495 0.003000000026077032
		endloop
	endfacet
	facet normal 0 0 1
		outer loop
			vertex 0.03557499870657921 0.0030249999836087227 0.003000000026077032
			vertex 0.035562463104724884 0.0029137395322322845 0.003000000026077032
			vertex 0.035562463104724884 -0.02196373976767063 0.003000000026077032
		endloop
	endfacet
	facet normal 0 0 1
		outer loop
			vertex 0.022074999287724495 0.01652500033378601 0.003000000026077032
			vertex 0.020075000822544098 0.017962999641895294 0.003000000026077032
			vertex 0.02196373976767063 0.016512464731931686 0.003000000026077032
		endloop
	endfacet
	facet normal 0 0 1
		outer loop
			vertex 0.01652500033378601 0.025550000369548798 0.003000000026077032
			vertex 0.01652500033378601 0.012550000101327896 0.003000000026077032
			vertex 0.019574999809265137 0.018463000655174255 0.003000000026077032
		endloop
	endfacet
	facet normal 0 0 1
		outer loop
			vertex 0.019574999809265137 0.024462999776005745 0.003000000026077032
			vertex 0.01652500033378601 0.025550000369548798 0.003000000026077032
			vertex 0.019574999809265137 0.018463000655174255 0.003000000026077032
		endloop
	endfacet
	facet normal 0 0 1
		outer loop
			vertex 0.01958753541111946 0.024574261158704758 0.003000000026077032
			vertex 0.01652500033378601 0.025550000369548798 0.003000000026077032
			vertex 0.019574999809265137 0.024462999776005745 0.003000000026077032
		endloop
	endfacet
	facet normal 0 0 1
		outer loop
			vertex 0.019624516367912292 0.024679942056536674 0.003000000026077032
			vertex 0.01652500033378601 0.025550000369548798 0.003000000026077032
			vertex 0.01958753541111946 0.024574261158704758 0.003000000026077032
		endloop
	endfacet
	facet normal 0 0 1
		outer loop
			vertex 0.0196840837597847 0.024774745106697083 0.003000000026077032
			vertex 0.016512464731931686 0.02566125988960266 0.003000000026077032
			vertex 0.01652500033378601 0.025550000369548798 0.003000000026077032
		endloop
	endfacet
	facet normal 0 0 1
		outer loop
			vertex 0.0196840837597847 0.024774745106697083 0.003000000026077032
			vertex 0.01652500033378601 0.025550000369548798 0.003000000026077032
			vertex 0.019624516367912292 0.024679942056536674 0.003000000026077032
		endloop
	endfacet
	facet normal 0 0 1
		outer loop
			vertex 0.01976325549185276 0.024853914976119995 0.003000000026077032
			vertex 0.016475483775138855 0.025766942650079727 0.003000000026077032
			vertex 0.016512464731931686 0.02566125988960266 0.003000000026077032
		endloop
	endfacet
	facet normal 0 0 1
		outer loop
			vertex 0.01976325549185276 0.024853914976119995 0.003000000026077032
			vertex 0.016512464731931686 0.02566125988960266 0.003000000026077032
			vertex 0.0196840837597847 0.024774745106697083 0.003000000026077032
		endloop
	endfacet
	facet normal 0 0 1
		outer loop
			vertex 0.01985805854201317 0.02491348423063755 0.003000000026077032
			vertex 0.01641591638326645 0.025861745700240135 0.003000000026077032
			vertex 0.016475483775138855 0.025766942650079727 0.003000000026077032
		endloop
	endfacet
	facet normal 0 0 1
		outer loop
			vertex 0.01985805854201317 0.02491348423063755 0.003000000026077032
			vertex 0.016475483775138855 0.025766942650079727 0.003000000026077032
			vertex 0.01976325549185276 0.024853914976119995 0.003000000026077032
		endloop
	endfacet
	facet normal 0 0 1
		outer loop
			vertex 0.019963739439845085 0.024950463324785233 0.003000000026077032
			vertex 0.016336744651198387 0.025940915569663048 0.003000000026077032
			vertex 0.01641591638326645 0.025861745700240135 0.003000000026077032
		endloop
	endfacet
	facet normal 0 0 1
		outer loop
			vertex 0.019963739439845085 0.024950463324785233 0.003000000026077032
			vertex 0.01641591638326645 0.025861745700240135 0.003000000026077032
			vertex 0.01985805854201317 0.02491348423063755 0.003000000026077032
		endloop
	endfacet
	facet normal 0 0 1
		outer loop
			vertex 0.01602499932050705 0.031099999323487282 0.003000000026077032
			vertex 0.0030249999836087227 0.02604999952018261 0.003000000026077032
			vertex 0.01602499932050705 0.02604999952018261 0.003000000026077032
		endloop
	endfacet
	facet normal 0 0 1
		outer loop
			vertex 0.01602499932050705 0.031099999323487282 0.003000000026077032
			vertex 0.0030249999836087227 0.031099999323487282 0.003000000026077032
			vertex 0.0030249999836087227 0.02604999952018261 0.003000000026077032
		endloop
	endfacet
	facet normal 0 0 1
		outer loop
			vertex 0.002524999901652336 0.044599998742341995 0.003000000026077032
			vertex -0.002524999901652336 0.031599998474121094 0.003000000026077032
			vertex 0.002524999901652336 0.031599998474121094 0.003000000026077032
		endloop
	endfacet
	facet normal 0 0 1
		outer loop
			vertex 0.002524999901652336 0.044599998742341995 0.003000000026077032
			vertex -0.002524999901652336 0.044599998742341995 0.003000000026077032
			vertex -0.002524999901652336 0.031599998474121094 0.003000000026077032
		endloop
	endfacet
	facet normal 0 0 1
		outer loop
			vertex 0.016136260703206062 0.031112536787986755 0.003000000026077032
			vertex 0.01602499932050705 0.02604999952018261 0.003000000026077032
			vertex 0.016136260703206062 0.026037463918328285 0.003000000026077032
		endloop
	endfacet
	facet normal 0 0 1
		outer loop
			vertex 0.016136260703206062 0.031112536787986755 0.003000000026077032
			vertex 0.01602499932050705 0.031099999323487282 0.003000000026077032
			vertex 0.01602499932050705 0.02604999952018261 0.003000000026077032
		endloop
	endfacet
	facet normal 0 0 1
		outer loop
			vertex 0.0025375359691679478 0.04471126198768616 0.003000000026077032
			vertex -0.002524999901652336 0.044599998742341995 0.003000000026077032
			vertex 0.002524999901652336 0.044599998742341995 0.003000000026077032
		endloop
	endfacet
	facet normal 0 0 1
		outer loop
			vertex 0.0025375359691679478 0.04471126198768616 0.003000000026077032
			vertex -0.0025375359691679478 0.04471126198768616 0.003000000026077032
			vertex -0.002524999901652336 0.044599998742341995 0.003000000026077032
		endloop
	endfacet
	facet normal 0 0 1
		outer loop
			vertex 0.01624194160103798 0.031149515882134438 0.003000000026077032
			vertex 0.016136260703206062 0.026037463918328285 0.003000000026077032
			vertex 0.01624194160103798 0.026000484824180603 0.003000000026077032
		endloop
	endfacet
	facet normal 0 0 1
		outer loop
			vertex 0.01624194160103798 0.031149515882134438 0.003000000026077032
			vertex 0.016136260703206062 0.031112536787986755 0.003000000026077032
			vertex 0.016136260703206062 0.026037463918328285 0.003000000026077032
		endloop
	endfacet
	facet normal 0 0 1
		outer loop
			vertex 0.0025745155289769173 0.044816941022872925 0.003000000026077032
			vertex -0.0025745155289769173 0.044816941022872925 0.003000000026077032
			vertex -0.0025375359691679478 0.04471126198768616 0.003000000026077032
		endloop
	endfacet
	facet normal 0 0 1
		outer loop
			vertex 0.0025745155289769173 0.044816941022872925 0.003000000026077032
			vertex -0.0025375359691679478 0.04471126198768616 0.003000000026077032
			vertex 0.0025375359691679478 0.04471126198768616 0.003000000026077032
		endloop
	endfacet
	facet normal 0 0 1
		outer loop
			vertex 0.016336744651198387 0.031209085136651993 0.003000000026077032
			vertex 0.01624194160103798 0.026000484824180603 0.003000000026077032
			vertex 0.016336744651198387 0.025940915569663048 0.003000000026077032
		endloop
	endfacet
	facet normal 0 0 1
		outer loop
			vertex 0.016336744651198387 0.031209085136651993 0.003000000026077032
			vertex 0.016336744651198387 0.025940915569663048 0.003000000026077032
			vertex 0.019963739439845085 0.024950463324785233 0.003000000026077032
		endloop
	endfacet
	facet normal 0 0 1
		outer loop
			vertex 0.016336744651198387 0.031209085136651993 0.003000000026077032
			vertex 0.01624194160103798 0.031149515882134438 0.003000000026077032
			vertex 0.01624194160103798 0.026000484824180603 0.003000000026077032
		endloop
	endfacet
	facet normal 0 0 1
		outer loop
			vertex 0.002634084317833185 0.04491174593567848 0.003000000026077032
			vertex -0.0025745155289769173 0.044816941022872925 0.003000000026077032
			vertex 0.0025745155289769173 0.044816941022872925 0.003000000026077032
		endloop
	endfacet
	facet normal 0 0 1
		outer loop
			vertex 0.002634084317833185 0.04491174593567848 0.003000000026077032
			vertex -0.002634084317833185 0.04491174593567848 0.003000000026077032
			vertex -0.0025745155289769173 0.044816941022872925 0.003000000026077032
		endloop
	endfacet
	facet normal 0 0 1
		outer loop
			vertex 0.01641591638326645 0.031288255006074905 0.003000000026077032
			vertex 0.016336744651198387 0.031209085136651993 0.003000000026077032
			vertex 0.019963739439845085 0.024950463324785233 0.003000000026077032
		endloop
	endfacet
	facet normal 0 0 1
		outer loop
			vertex 0.0027132551185786724 0.044990915805101395 0.003000000026077032
			vertex -0.002634084317833185 0.04491174593567848 0.003000000026077032
			vertex 0.002634084317833185 0.04491174593567848 0.003000000026077032
		endloop
	endfacet
	facet normal 0 0 1
		outer loop
			vertex 0.0027132551185786724 0.044990915805101395 0.003000000026077032
			vertex -0.0027132551185786724 0.044990915805101395 0.003000000026077032
			vertex -0.002634084317833185 0.04491174593567848 0.003000000026077032
		endloop
	endfacet
	facet normal 0 0 1
		outer loop
			vertex 0.0028080581687390804 0.0450504831969738 0.003000000026077032
			vertex -0.0028080581687390804 0.0450504831969738 0.003000000026077032
			vertex -0.0027132551185786724 0.044990915805101395 0.003000000026077032
		endloop
	endfacet
	facet normal 0 0 1
		outer loop
			vertex 0.0028080581687390804 0.0450504831969738 0.003000000026077032
			vertex -0.0027132551185786724 0.044990915805101395 0.003000000026077032
			vertex 0.0027132551185786724 0.044990915805101395 0.003000000026077032
		endloop
	endfacet
	facet normal 0 0 1
		outer loop
			vertex 0.0029137395322322845 0.04508746415376663 0.003000000026077032
			vertex -0.0029137395322322845 0.04508746415376663 0.003000000026077032
			vertex -0.0028080581687390804 0.0450504831969738 0.003000000026077032
		endloop
	endfacet
	facet normal 0 0 1
		outer loop
			vertex 0.0029137395322322845 0.04508746415376663 0.003000000026077032
			vertex -0.0028080581687390804 0.0450504831969738 0.003000000026077032
			vertex 0.0028080581687390804 0.0450504831969738 0.003000000026077032
		endloop
	endfacet
	facet normal 0 0 1
		outer loop
			vertex 0.0030249999836087227 0.045099999755620956 0.003000000026077032
			vertex -0.0030249999836087227 0.045099999755620956 0.003000000026077032
			vertex -0.0029137395322322845 0.04508746415376663 0.003000000026077032
		endloop
	endfacet
	facet normal 0 0 1
		outer loop
			vertex 0.0030249999836087227 0.045099999755620956 0.003000000026077032
			vertex -0.0029137395322322845 0.04508746415376663 0.003000000026077032
			vertex 0.0029137395322322845 0.04508746415376663 0.003000000026077032
		endloop
	endfacet
	facet normal 0 0 1
		outer loop
			vertex 0.03407499939203262 0.017962999641895294 0.003000000026077032
			vertex 0.022074999287724495 0.01652500033378601 0.003000000026077032
			vertex 0.035075001418590546 0.01652500033378601 0.003000000026077032
		endloop
	endfacet
	facet normal 0 0 1
		outer loop
			vertex 0.03418625891208649 0.01797553524374962 0.003000000026077032
			vertex 0.03407499939203262 0.017962999641895294 0.003000000026077032
			vertex 0.035075001418590546 0.01652500033378601 0.003000000026077032
		endloop
	endfacet
	facet normal 0 0 1
		outer loop
			vertex 0.03429194167256355 0.01801251620054245 0.003000000026077032
			vertex 0.03418625891208649 0.01797553524374962 0.003000000026077032
			vertex 0.035075001418590546 0.01652500033378601 0.003000000026077032
		endloop
	endfacet
	facet normal 0 0 1
		outer loop
			vertex 0.03438674658536911 0.018072083592414856 0.003000000026077032
			vertex 0.03429194167256355 0.01801251620054245 0.003000000026077032
			vertex 0.035075001418590546 0.01652500033378601 0.003000000026077032
		endloop
	endfacet
	facet normal 0 0 1
		outer loop
			vertex 0.03446591645479202 0.018151255324482918 0.003000000026077032
			vertex 0.03438674658536911 0.018072083592414856 0.003000000026077032
			vertex 0.035075001418590546 0.01652500033378601 0.003000000026077032
		endloop
	endfacet
	facet normal 0 0 1
		outer loop
			vertex 0.03446591645479202 0.018151255324482918 0.003000000026077032
			vertex 0.035075001418590546 0.01652500033378601 0.003000000026077032
			vertex 0.03518626093864441 0.016512464731931686 0.003000000026077032
		endloop
	endfacet
	facet normal 0 0 1
		outer loop
			vertex 0.03452548384666443 0.018246058374643326 0.003000000026077032
			vertex 0.03518626093864441 0.016512464731931686 0.003000000026077032
			vertex 0.035291943699121475 0.016475483775138855 0.003000000026077032
		endloop
	endfacet
	facet normal 0 0 1
		outer loop
			vertex 0.03452548384666443 0.018246058374643326 0.003000000026077032
			vertex 0.03446591645479202 0.018151255324482918 0.003000000026077032
			vertex 0.03518626093864441 0.016512464731931686 0.003000000026077032
		endloop
	endfacet
	facet normal 0 0 1
		outer loop
			vertex 0.03456246480345726 0.018351739272475243 0.003000000026077032
			vertex 0.035291943699121475 0.016475483775138855 0.003000000026077032
			vertex 0.035386744886636734 0.01641591638326645 0.003000000026077032
		endloop
	endfacet
	facet normal 0 0 1
		outer loop
			vertex 0.03456246480345726 0.018351739272475243 0.003000000026077032
			vertex 0.03452548384666443 0.018246058374643326 0.003000000026077032
			vertex 0.035291943699121475 0.016475483775138855 0.003000000026077032
		endloop
	endfacet
	facet normal 0 0 1
		outer loop
			vertex 0.021763255819678307 0.031209085136651993 0.003000000026077032
			vertex 0.019963739439845085 0.024950463324785233 0.003000000026077032
			vertex 0.020075000822544098 0.024963000789284706 0.003000000026077032
		endloop
	endfacet
	facet normal 0 0 1
		outer loop
			vertex 0.021684084087610245 0.031288255006074905 0.003000000026077032
			vertex 0.019963739439845085 0.024950463324785233 0.003000000026077032
			vertex 0.021763255819678307 0.031209085136651993 0.003000000026077032
		endloop
	endfacet
	facet normal 0 0 1
		outer loop
			vertex 0.021684084087610245 0.031288255006074905 0.003000000026077032
			vertex 0.01641591638326645 0.031288255006074905 0.003000000026077032
			vertex 0.019963739439845085 0.024950463324785233 0.003000000026077032
		endloop
	endfacet
	facet normal 0 0 1
		outer loop
			vertex 0.021858058869838715 0.031149515882134438 0.003000000026077032
			vertex 0.021763255819678307 0.031209085136651993 0.003000000026077032
			vertex 0.020075000822544098 0.024963000789284706 0.003000000026077032
		endloop
	endfacet
	facet normal 0 0 1
		outer loop
			vertex 0.02162451483309269 0.03138305991888046 0.003000000026077032
			vertex 0.01641591638326645 0.031288255006074905 0.003000000026077032
			vertex 0.021684084087610245 0.031288255006074905 0.003000000026077032
		endloop
	endfacet
	facet normal 0 0 1
		outer loop
			vertex 0.02162451483309269 0.03138305991888046 0.003000000026077032
			vertex 0.016475483775138855 0.03138305991888046 0.003000000026077032
			vertex 0.01641591638326645 0.031288255006074905 0.003000000026077032
		endloop
	endfacet
	facet normal 0 0 1
		outer loop
			vertex 0.034575000405311584 0.018463000655174255 0.003000000026077032
			vertex 0.03456246480345726 0.018351739272475243 0.003000000026077032
			vertex 0.035386744886636734 0.01641591638326645 0.003000000026077032
		endloop
	endfacet
	facet normal 0 0 1
		outer loop
			vertex 0.034575000405311584 0.018463000655174255 0.003000000026077032
			vertex 0.03546591475605965 0.016336744651198387 0.003000000026077032
			vertex 0.03552548587322235 0.01624194160103798 0.003000000026077032
		endloop
	endfacet
	facet normal 0 0 1
		outer loop
			vertex 0.034575000405311584 0.018463000655174255 0.003000000026077032
			vertex 0.035386744886636734 0.01641591638326645 0.003000000026077032
			vertex 0.03546591475605965 0.016336744651198387 0.003000000026077032
		endloop
	endfacet
	facet normal 0 0 1
		outer loop
			vertex 0.021587535738945007 0.03148873895406723 0.003000000026077032
			vertex 0.016475483775138855 0.03138305991888046 0.003000000026077032
			vertex 0.02162451483309269 0.03138305991888046 0.003000000026077032
		endloop
	endfacet
	facet normal 0 0 1
		outer loop
			vertex 0.021587535738945007 0.03148873895406723 0.003000000026077032
			vertex 0.016512464731931686 0.03148873895406723 0.003000000026077032
			vertex 0.016475483775138855 0.03138305991888046 0.003000000026077032
		endloop
	endfacet
	facet normal 0 0 1
		outer loop
			vertex 0.02196373976767063 0.031112536787986755 0.003000000026077032
			vertex 0.021858058869838715 0.031149515882134438 0.003000000026077032
			vertex 0.020075000822544098 0.024963000789284706 0.003000000026077032
		endloop
	endfacet
	facet normal 0 0 1
		outer loop
			vertex 0.021575000137090683 0.031599998474121094 0.003000000026077032
			vertex 0.016512464731931686 0.03148873895406723 0.003000000026077032
			vertex 0.021587535738945007 0.03148873895406723 0.003000000026077032
		endloop
	endfacet
	facet normal 0 0 1
		outer loop
			vertex 0.021575000137090683 0.031599998474121094 0.003000000026077032
			vertex 0.01652500033378601 0.031599998474121094 0.003000000026077032
			vertex 0.016512464731931686 0.03148873895406723 0.003000000026077032
		endloop
	endfacet
	facet normal 0 0 1
		outer loop
			vertex 0.022074999287724495 0.031099999323487282 0.003000000026077032
			vertex 0.02196373976767063 0.031112536787986755 0.003000000026077032
			vertex 0.020075000822544098 0.024963000789284706 0.003000000026077032
		endloop
	endfacet
	facet normal 0 0 1
		outer loop
			vertex 0.03407499939203262 0.024963000789284706 0.003000000026077032
			vertex 0.022074999287724495 0.031099999323487282 0.003000000026077032
			vertex 0.020075000822544098 0.024963000789284706 0.003000000026077032
		endloop
	endfacet
	facet normal 0 0 1
		outer loop
			vertex 0.034575000405311584 0.024462999776005745 0.003000000026077032
			vertex 0.034575000405311584 0.018463000655174255 0.003000000026077032
			vertex 0.03552548587322235 0.01624194160103798 0.003000000026077032
		endloop
	endfacet
	facet normal 0 0 1
		outer loop
			vertex 0.034575000405311584 0.024462999776005745 0.003000000026077032
			vertex 0.03552548587322235 0.01624194160103798 0.003000000026077032
			vertex 0.035562463104724884 0.016136260703206062 0.003000000026077032
		endloop
	endfacet
	facet normal 0 0 1
		outer loop
			vertex 0.035075001418590546 0.031099999323487282 0.003000000026077032
			vertex 0.022074999287724495 0.031099999323487282 0.003000000026077032
			vertex 0.03407499939203262 0.024963000789284706 0.003000000026077032
		endloop
	endfacet
	facet normal 0 0 1
		outer loop
			vertex 0.035075001418590546 0.031099999323487282 0.003000000026077032
			vertex 0.03418625891208649 0.024950463324785233 0.003000000026077032
			vertex 0.03429194167256355 0.02491348423063755 0.003000000026077032
		endloop
	endfacet
	facet normal 0 0 1
		outer loop
			vertex 0.035075001418590546 0.031099999323487282 0.003000000026077032
			vertex 0.03407499939203262 0.024963000789284706 0.003000000026077032
			vertex 0.03418625891208649 0.024950463324785233 0.003000000026077032
		endloop
	endfacet
	facet normal 0 0 1
		outer loop
			vertex 0.021575000137090683 0.044599998742341995 0.003000000026077032
			vertex 0.01652500033378601 0.031599998474121094 0.003000000026077032
			vertex 0.021575000137090683 0.031599998474121094 0.003000000026077032
		endloop
	endfacet
	facet normal 0 0 1
		outer loop
			vertex 0.021575000137090683 0.044599998742341995 0.003000000026077032
			vertex 0.01652500033378601 0.044599998742341995 0.003000000026077032
			vertex 0.01652500033378601 0.031599998474121094 0.003000000026077032
		endloop
	endfacet
	facet normal 0 0 1
		outer loop
			vertex 0.021587535738945007 0.04471126198768616 0.003000000026077032
			vertex 0.01652500033378601 0.044599998742341995 0.003000000026077032
			vertex 0.021575000137090683 0.044599998742341995 0.003000000026077032
		endloop
	endfacet
	facet normal 0 0 1
		outer loop
			vertex 0.021587535738945007 0.04471126198768616 0.003000000026077032
			vertex 0.016512464731931686 0.04471126198768616 0.003000000026077032
			vertex 0.01652500033378601 0.044599998742341995 0.003000000026077032
		endloop
	endfacet
	facet normal 0 0 1
		outer loop
			vertex 0.03518626093864441 0.031112536787986755 0.003000000026077032
			vertex 0.035075001418590546 0.031099999323487282 0.003000000026077032
			vertex 0.03429194167256355 0.02491348423063755 0.003000000026077032
		endloop
	endfacet
	facet normal 0 0 1
		outer loop
			vertex 0.03518626093864441 0.031112536787986755 0.003000000026077032
			vertex 0.03429194167256355 0.02491348423063755 0.003000000026077032
			vertex 0.03438674658536911 0.024853914976119995 0.003000000026077032
		endloop
	endfacet
	facet normal 0 0 1
		outer loop
			vertex 0.035291943699121475 0.031149515882134438 0.003000000026077032
			vertex 0.03438674658536911 0.024853914976119995 0.003000000026077032
			vertex 0.03446591645479202 0.024774745106697083 0.003000000026077032
		endloop
	endfacet
	facet normal 0 0 1
		outer loop
			vertex 0.035291943699121475 0.031149515882134438 0.003000000026077032
			vertex 0.03518626093864441 0.031112536787986755 0.003000000026077032
			vertex 0.03438674658536911 0.024853914976119995 0.003000000026077032
		endloop
	endfacet
	facet normal 0 0 1
		outer loop
			vertex 0.02162451483309269 0.044816941022872925 0.003000000026077032
			vertex 0.016512464731931686 0.04471126198768616 0.003000000026077032
			vertex 0.021587535738945007 0.04471126198768616 0.003000000026077032
		endloop
	endfacet
	facet normal 0 0 1
		outer loop
			vertex 0.02162451483309269 0.044816941022872925 0.003000000026077032
			vertex 0.016475483775138855 0.044816941022872925 0.003000000026077032
			vertex 0.016512464731931686 0.04471126198768616 0.003000000026077032
		endloop
	endfacet
	facet normal 0 0 1
		outer loop
			vertex 0.035386744886636734 0.031209085136651993 0.003000000026077032
			vertex 0.03446591645479202 0.024774745106697083 0.003000000026077032
			vertex 0.03452548384666443 0.024679942056536674 0.003000000026077032
		endloop
	endfacet
	facet normal 0 0 1
		outer loop
			vertex 0.035386744886636734 0.031209085136651993 0.003000000026077032
			vertex 0.035291943699121475 0.031149515882134438 0.003000000026077032
			vertex 0.03446591645479202 0.024774745106697083 0.003000000026077032
		endloop
	endfacet
	facet normal 0 0 1
		outer loop
			vertex 0.021684084087610245 0.04491174593567848 0.003000000026077032
			vertex 0.016475483775138855 0.044816941022872925 0.003000000026077032
			vertex 0.02162451483309269 0.044816941022872925 0.003000000026077032
		endloop
	endfacet
	facet normal 0 0 1
		outer loop
			vertex 0.021684084087610245 0.04491174593567848 0.003000000026077032
			vertex 0.01641591638326645 0.04491174593567848 0.003000000026077032
			vertex 0.016475483775138855 0.044816941022872925 0.003000000026077032
		endloop
	endfacet
	facet normal 0 0 1
		outer loop
			vertex 0.03546591475605965 0.031288255006074905 0.003000000026077032
			vertex 0.03452548384666443 0.024679942056536674 0.003000000026077032
			vertex 0.03456246480345726 0.024574261158704758 0.003000000026077032
		endloop
	endfacet
	facet normal 0 0 1
		outer loop
			vertex 0.03546591475605965 0.031288255006074905 0.003000000026077032
			vertex 0.035386744886636734 0.031209085136651993 0.003000000026077032
			vertex 0.03452548384666443 0.024679942056536674 0.003000000026077032
		endloop
	endfacet
	facet normal 0 0 1
		outer loop
			vertex 0.021763255819678307 0.044990915805101395 0.003000000026077032
			vertex 0.01641591638326645 0.04491174593567848 0.003000000026077032
			vertex 0.021684084087610245 0.04491174593567848 0.003000000026077032
		endloop
	endfacet
	facet normal 0 0 1
		outer loop
			vertex 0.021763255819678307 0.044990915805101395 0.003000000026077032
			vertex 0.016336744651198387 0.044990915805101395 0.003000000026077032
			vertex 0.01641591638326645 0.04491174593567848 0.003000000026077032
		endloop
	endfacet
	facet normal 0 0 1
		outer loop
			vertex 0.03552548587322235 0.03138305991888046 0.003000000026077032
			vertex 0.03456246480345726 0.024574261158704758 0.003000000026077032
			vertex 0.034575000405311584 0.024462999776005745 0.003000000026077032
		endloop
	endfacet
	facet normal 0 0 1
		outer loop
			vertex 0.03552548587322235 0.03138305991888046 0.003000000026077032
			vertex 0.03546591475605965 0.031288255006074905 0.003000000026077032
			vertex 0.03456246480345726 0.024574261158704758 0.003000000026077032
		endloop
	endfacet
	facet normal 0 0 1
		outer loop
			vertex 0.021858058869838715 0.0450504831969738 0.003000000026077032
			vertex 0.016336744651198387 0.044990915805101395 0.003000000026077032
			vertex 0.021763255819678307 0.044990915805101395 0.003000000026077032
		endloop
	endfacet
	facet normal 0 0 1
		outer loop
			vertex 0.021858058869838715 0.0450504831969738 0.003000000026077032
			vertex 0.01624194160103798 0.0450504831969738 0.003000000026077032
			vertex 0.016336744651198387 0.044990915805101395 0.003000000026077032
		endloop
	endfacet
	facet normal 0 0 1
		outer loop
			vertex 0.035562463104724884 0.03148873895406723 0.003000000026077032
			vertex 0.034575000405311584 0.024462999776005745 0.003000000026077032
			vertex 0.035562463104724884 0.016136260703206062 0.003000000026077032
		endloop
	endfacet
	facet normal 0 0 1
		outer loop
			vertex 0.035562463104724884 0.03148873895406723 0.003000000026077032
			vertex 0.03552548587322235 0.03138305991888046 0.003000000026077032
			vertex 0.034575000405311584 0.024462999776005745 0.003000000026077032
		endloop
	endfacet
	facet normal 0 0 1
		outer loop
			vertex 0.02196373976767063 0.04508746415376663 0.003000000026077032
			vertex 0.016136260703206062 0.04508746415376663 0.003000000026077032
			vertex 0.01624194160103798 0.0450504831969738 0.003000000026077032
		endloop
	endfacet
	facet normal 0 0 1
		outer loop
			vertex 0.02196373976767063 0.04508746415376663 0.003000000026077032
			vertex 0.01624194160103798 0.0450504831969738 0.003000000026077032
			vertex 0.021858058869838715 0.0450504831969738 0.003000000026077032
		endloop
	endfacet
	facet normal 0 0 1
		outer loop
			vertex 0.03557499870657921 0.031599998474121094 0.003000000026077032
			vertex 0.035562463104724884 0.016136260703206062 0.003000000026077032
			vertex 0.03557499870657921 0.01602499932050705 0.003000000026077032
		endloop
	endfacet
	facet normal 0 0 1
		outer loop
			vertex 0.03557499870657921 0.031599998474121094 0.003000000026077032
			vertex 0.035562463104724884 0.03148873895406723 0.003000000026077032
			vertex 0.035562463104724884 0.016136260703206062 0.003000000026077032
		endloop
	endfacet
	facet normal 0 0 1
		outer loop
			vertex 0.022074999287724495 0.045099999755620956 0.003000000026077032
			vertex 0.01602499932050705 0.045099999755620956 0.003000000026077032
			vertex 0.016136260703206062 0.04508746415376663 0.003000000026077032
		endloop
	endfacet
	facet normal 0 0 1
		outer loop
			vertex 0.022074999287724495 0.045099999755620956 0.003000000026077032
			vertex 0.016136260703206062 0.04508746415376663 0.003000000026077032
			vertex 0.02196373976767063 0.04508746415376663 0.003000000026077032
		endloop
	endfacet
	facet normal 0 0 1
		outer loop
			vertex 0.038100000470876694 0.04762500151991844 0.003000000026077032
			vertex 0.022074999287724495 0.045099999755620956 0.003000000026077032
			vertex 0.035075001418590546 0.045099999755620956 0.003000000026077032
		endloop
	endfacet
	facet normal 0 0 1
		outer loop
			vertex 0.038100000470876694 0.04762500151991844 0.003000000026077032
			vertex 0.035562463104724884 0.04471126198768616 0.003000000026077032
			vertex 0.03557499870657921 0.044599998742341995 0.003000000026077032
		endloop
	endfacet
	facet normal 0 0 1
		outer loop
			vertex 0.038100000470876694 0.04762500151991844 0.003000000026077032
			vertex 0.03552548587322235 0.044816941022872925 0.003000000026077032
			vertex 0.035562463104724884 0.04471126198768616 0.003000000026077032
		endloop
	endfacet
	facet normal 0 0 1
		outer loop
			vertex 0.038100000470876694 0.04762500151991844 0.003000000026077032
			vertex 0.03546591475605965 0.04491174593567848 0.003000000026077032
			vertex 0.03552548587322235 0.044816941022872925 0.003000000026077032
		endloop
	endfacet
	facet normal 0 0 1
		outer loop
			vertex 0.038100000470876694 0.04762500151991844 0.003000000026077032
			vertex 0.035386744886636734 0.044990915805101395 0.003000000026077032
			vertex 0.03546591475605965 0.04491174593567848 0.003000000026077032
		endloop
	endfacet
	facet normal 0 0 1
		outer loop
			vertex 0.038100000470876694 0.04762500151991844 0.003000000026077032
			vertex 0.035291943699121475 0.0450504831969738 0.003000000026077032
			vertex 0.035386744886636734 0.044990915805101395 0.003000000026077032
		endloop
	endfacet
	facet normal 0 0 1
		outer loop
			vertex 0.038100000470876694 0.04762500151991844 0.003000000026077032
			vertex 0.03518626093864441 0.04508746415376663 0.003000000026077032
			vertex 0.035291943699121475 0.0450504831969738 0.003000000026077032
		endloop
	endfacet
	facet normal 0 0 1
		outer loop
			vertex 0.038100000470876694 0.04762500151991844 0.003000000026077032
			vertex 0.035075001418590546 0.045099999755620956 0.003000000026077032
			vertex 0.03518626093864441 0.04508746415376663 0.003000000026077032
		endloop
	endfacet
	facet normal 0 0 1
		outer loop
			vertex 0.038100000470876694 0.04762500151991844 0.003000000026077032
			vertex 0.03557499870657921 0.044599998742341995 0.003000000026077032
			vertex 0.03557499870657921 0.031599998474121094 0.003000000026077032
		endloop
	endfacet
	facet normal 0 0 1
		outer loop
			vertex 0.038100000470876694 0.04762500151991844 0.003000000026077032
			vertex 0.03557499870657921 0.031599998474121094 0.003000000026077032
			vertex 0.03557499870657921 0.01602499932050705 0.003000000026077032
		endloop
	endfacet
	facet normal 0 0 1
		outer loop
			vertex -0.038100000470876694 0.04762500151991844 0.003000000026077032
			vertex -0.038100000470876694 -0.04762500151991844 0.003000000026077032
			vertex -0.03557499870657921 -0.025550000369548798 0.003000000026077032
		endloop
	endfacet
	facet normal 0 0 1
		outer loop
			vertex -0.038100000470876694 0.04762500151991844 0.003000000026077032
			vertex -0.03557499870657921 -0.025550000369548798 0.003000000026077032
			vertex -0.03557499870657921 -0.012550000101327896 0.003000000026077032
		endloop
	endfacet
	facet normal 0 0 1
		outer loop
			vertex -0.038100000470876694 0.04762500151991844 0.003000000026077032
			vertex -0.03557499870657921 -0.012550000101327896 0.003000000026077032
			vertex -0.03557499870657921 -0.006500000134110451 0.003000000026077032
		endloop
	endfacet
	facet normal 0 0 1
		outer loop
			vertex -0.038100000470876694 0.04762500151991844 0.003000000026077032
			vertex -0.03557499870657921 -0.006500000134110451 0.003000000026077032
			vertex -0.03557499870657921 0.006500000134110451 0.003000000026077032
		endloop
	endfacet
	facet normal 0 0 1
		outer loop
			vertex -0.038100000470876694 0.04762500151991844 0.003000000026077032
			vertex -0.03557499870657921 0.006500000134110451 0.003000000026077032
			vertex -0.03557499870657921 0.012550000101327896 0.003000000026077032
		endloop
	endfacet
	facet normal 0 0 1
		outer loop
			vertex -0.038100000470876694 0.04762500151991844 0.003000000026077032
			vertex -0.03557499870657921 0.012550000101327896 0.003000000026077032
			vertex -0.03557499870657921 0.025550000369548798 0.003000000026077032
		endloop
	endfacet
	facet normal 0 0 1
		outer loop
			vertex -0.038100000470876694 -0.04762500151991844 0.003000000026077032
			vertex 0.038100000470876694 -0.04762500151991844 0.003000000026077032
			vertex -0.010111999697983265 -0.0471000000834465 0.003000000026077032
		endloop
	endfacet
	facet normal 0 0 1
		outer loop
			vertex -0.010111999697983265 -0.0471000000834465 0.003000000026077032
			vertex 0.038100000470876694 -0.04762500151991844 0.003000000026077032
			vertex -0.004112000111490488 -0.0471000000834465 0.003000000026077032
		endloop
	endfacet
	facet normal 0 0 1
		outer loop
			vertex 0.038100000470876694 -0.04762500151991844 0.003000000026077032
			vertex 0.038100000470876694 0.04762500151991844 0.003000000026077032
			vertex 0.03557499870657921 0.01602499932050705 0.003000000026077032
		endloop
	endfacet
	facet normal 0 0 1
		outer loop
			vertex 0.038100000470876694 -0.04762500151991844 0.003000000026077032
			vertex 0.03557499870657921 0.01602499932050705 0.003000000026077032
			vertex 0.03557499870657921 0.0030249999836087227 0.003000000026077032
		endloop
	endfacet
	facet normal 0 0 1
		outer loop
			vertex 0.038100000470876694 -0.04762500151991844 0.003000000026077032
			vertex 0.03557499870657921 0.0030249999836087227 0.003000000026077032
			vertex 0.03557499870657921 -0.022074999287724495 0.003000000026077032
		endloop
	endfacet
	facet normal 0 0 1
		outer loop
			vertex 0.038100000470876694 0.04762500151991844 0.003000000026077032
			vertex -0.038100000470876694 0.04762500151991844 0.003000000026077032
			vertex -0.022074999287724495 0.045099999755620956 0.003000000026077032
		endloop
	endfacet
	facet normal 0 0 1
		outer loop
			vertex 0.038100000470876694 0.04762500151991844 0.003000000026077032
			vertex -0.022074999287724495 0.045099999755620956 0.003000000026077032
			vertex -0.01602499932050705 0.045099999755620956 0.003000000026077032
		endloop
	endfacet
	facet normal 0 0 1
		outer loop
			vertex 0.038100000470876694 0.04762500151991844 0.003000000026077032
			vertex -0.01602499932050705 0.045099999755620956 0.003000000026077032
			vertex -0.0030249999836087227 0.045099999755620956 0.003000000026077032
		endloop
	endfacet
	facet normal 0 0 1
		outer loop
			vertex 0.038100000470876694 0.04762500151991844 0.003000000026077032
			vertex -0.0030249999836087227 0.045099999755620956 0.003000000026077032
			vertex 0.0030249999836087227 0.045099999755620956 0.003000000026077032
		endloop
	endfacet
	facet normal 0 0 1
		outer loop
			vertex 0.038100000470876694 0.04762500151991844 0.003000000026077032
			vertex 0.0030249999836087227 0.045099999755620956 0.003000000026077032
			vertex 0.01602499932050705 0.045099999755620956 0.003000000026077032
		endloop
	endfacet
	facet normal 0 0 1
		outer loop
			vertex 0.038100000470876694 0.04762500151991844 0.003000000026077032
			vertex 0.01602499932050705 0.045099999755620956 0.003000000026077032
			vertex 0.022074999287724495 0.045099999755620956 0.003000000026077032
		endloop
	endfacet
	facet normal 0 0 1
		outer loop
			vertex 0.03407499939203262 0.017962999641895294 0.003000000026077032
			vertex 0.020075000822544098 0.017962999641895294 0.003000000026077032
			vertex 0.022074999287724495 0.01652500033378601 0.003000000026077032
		endloop
	endfacet
	facet normal 0 0 1
		outer loop
			vertex 0.020075000822544098 0.0010870000114664435 0.003000000026077032
			vertex 0.03407499939203262 0.0010870000114664435 0.003000000026077032
			vertex 0.022074999287724495 0.002524999901652336 0.003000000026077032
		endloop
	endfacet
	facet normal 0 0 1
		outer loop
			vertex 0.03407499939203262 -0.0201370008289814 0.003000000026077032
			vertex 0.020075000822544098 -0.0201370008289814 0.003000000026077032
			vertex 0.022074999287724495 -0.021575000137090683 0.003000000026077032
		endloop
	endfacet
	facet normal 0 0 1
		outer loop
			vertex 0.020075000822544098 -0.03701300173997879 0.003000000026077032
			vertex 0.03407499939203262 -0.03701300173997879 0.003000000026077032
			vertex 0.022074999287724495 -0.03557499870657921 0.003000000026077032
		endloop
	endfacet
	facet normal 0 0 1
		outer loop
			vertex -0.027488000690937042 -0.032600000500679016 0.003000000026077032
			vertex -0.027488000690937042 -0.04659999907016754 0.003000000026077032
			vertex -0.02604999952018261 -0.044599998742341995 0.003000000026077032
		endloop
	endfacet
	facet normal 0 0 1
		outer loop
			vertex -0.010611999779939651 -0.04659999907016754 0.003000000026077032
			vertex -0.010611999779939651 -0.032600000500679016 0.003000000026077032
			vertex -0.01205000001937151 -0.044599998742341995 0.003000000026077032
		endloop
	endfacet
	facet normal 0 0 -1
		outer loop
			vertex -0.03429974615573883 -0.04699091613292694 0
			vertex -0.038100000470876694 -0.04762500151991844 0
			vertex -0.03437891602516174 -0.04691174626350403 0
		endloop
	endfacet
	facet normal 0 0 -1
		outer loop
			vertex -0.03420494124293327 -0.04705048352479935 0
			vertex -0.038100000470876694 -0.04762500151991844 0
			vertex -0.03429974615573883 -0.04699091613292694 0
		endloop
	endfacet
	facet normal 0 0 -1
		outer loop
			vertex -0.03443848341703415 -0.04681694135069847 0
			vertex -0.03437891602516174 -0.04691174626350403 0
			vertex -0.038100000470876694 -0.04762500151991844 0
		endloop
	endfacet
	facet normal 0 0 -1
		outer loop
			vertex -0.034099262207746506 -0.04708746448159218 0
			vertex -0.038100000470876694 -0.04762500151991844 0
			vertex -0.03420494124293327 -0.04705048352479935 0
		endloop
	endfacet
	facet normal 0 0 -1
		outer loop
			vertex -0.03447546437382698 -0.046711262315511703 0
			vertex -0.03443848341703415 -0.04681694135069847 0
			vertex -0.038100000470876694 -0.04762500151991844 0
		endloop
	endfacet
	facet normal 0 0 -1
		outer loop
			vertex -0.033987998962402344 -0.0471000000834465 0
			vertex -0.038100000470876694 -0.04762500151991844 0
			vertex -0.034099262207746506 -0.04708746448159218 0
		endloop
	endfacet
	facet normal 0 0 -1
		outer loop
			vertex -0.034487999975681305 -0.04659999907016754 0
			vertex -0.03447546437382698 -0.046711262315511703 0
			vertex -0.038100000470876694 -0.04762500151991844 0
		endloop
	endfacet
	facet normal 0 0 -1
		outer loop
			vertex -0.027987999841570854 -0.0471000000834465 0
			vertex -0.038100000470876694 -0.04762500151991844 0
			vertex -0.033987998962402344 -0.0471000000834465 0
		endloop
	endfacet
	facet normal 0 0 -1
		outer loop
			vertex -0.025940915569663048 -0.04491174593567848 0
			vertex -0.025861745700240135 -0.044990915805101395 0
			vertex -0.027488000690937042 -0.04659999907016754 0
		endloop
	endfacet
	facet normal 0 0 -1
		outer loop
			vertex -0.026000484824180603 -0.044816941022872925 0
			vertex -0.025940915569663048 -0.04491174593567848 0
			vertex -0.027488000690937042 -0.04659999907016754 0
		endloop
	endfacet
	facet normal 0 0 -1
		outer loop
			vertex -0.025766942650079727 -0.0450504831969738 0
			vertex -0.027488000690937042 -0.04659999907016754 0
			vertex -0.025861745700240135 -0.044990915805101395 0
		endloop
	endfacet
	facet normal 0 0 -1
		outer loop
			vertex -0.026037463918328285 -0.04471126198768616 0
			vertex -0.026000484824180603 -0.044816941022872925 0
			vertex -0.027488000690937042 -0.04659999907016754 0
		endloop
	endfacet
	facet normal 0 0 -1
		outer loop
			vertex -0.02566125988960266 -0.04508746415376663 0
			vertex -0.027488000690937042 -0.04659999907016754 0
			vertex -0.025766942650079727 -0.0450504831969738 0
		endloop
	endfacet
	facet normal 0 0 -1
		outer loop
			vertex -0.02604999952018261 -0.044599998742341995 0
			vertex -0.026037463918328285 -0.04471126198768616 0
			vertex -0.027488000690937042 -0.04659999907016754 0
		endloop
	endfacet
	facet normal 0 0 -1
		outer loop
			vertex -0.025550000369548798 -0.045099999755620956 0
			vertex -0.027597084641456604 -0.04691174626350403 0
			vertex -0.02753751538693905 -0.04681694135069847 0
		endloop
	endfacet
	facet normal 0 0 -1
		outer loop
			vertex -0.025550000369548798 -0.045099999755620956 0
			vertex -0.02753751538693905 -0.04681694135069847 0
			vertex -0.027500536292791367 -0.046711262315511703 0
		endloop
	endfacet
	facet normal 0 0 -1
		outer loop
			vertex -0.025550000369548798 -0.045099999755620956 0
			vertex -0.027500536292791367 -0.046711262315511703 0
			vertex -0.027488000690937042 -0.04659999907016754 0
		endloop
	endfacet
	facet normal 0 0 -1
		outer loop
			vertex -0.025550000369548798 -0.045099999755620956 0
			vertex -0.027488000690937042 -0.04659999907016754 0
			vertex -0.02566125988960266 -0.04508746415376663 0
		endloop
	endfacet
	facet normal 0 0 -1
		outer loop
			vertex -0.034487999975681305 -0.032600000500679016 0
			vertex -0.034487999975681305 -0.04659999907016754 0
			vertex -0.038100000470876694 -0.04762500151991844 0
		endloop
	endfacet
	facet normal 0 0 -1
		outer loop
			vertex -0.03546591475605965 -0.025861745700240135 0
			vertex -0.03443848341703415 -0.03238305822014809 0
			vertex -0.03447546437382698 -0.03248874098062515 0
		endloop
	endfacet
	facet normal 0 0 -1
		outer loop
			vertex -0.035386744886636734 -0.025940915569663048 0
			vertex -0.03443848341703415 -0.03238305822014809 0
			vertex -0.03546591475605965 -0.025861745700240135 0
		endloop
	endfacet
	facet normal 0 0 -1
		outer loop
			vertex -0.035386744886636734 -0.025940915569663048 0
			vertex -0.03437891602516174 -0.03228825330734253 0
			vertex -0.03443848341703415 -0.03238305822014809 0
		endloop
	endfacet
	facet normal 0 0 -1
		outer loop
			vertex -0.03552548587322235 -0.025766942650079727 0
			vertex -0.03546591475605965 -0.025861745700240135 0
			vertex -0.03447546437382698 -0.03248874098062515 0
		endloop
	endfacet
	facet normal 0 0 -1
		outer loop
			vertex -0.03552548587322235 -0.025766942650079727 0
			vertex -0.03447546437382698 -0.03248874098062515 0
			vertex -0.034487999975681305 -0.032600000500679016 0
		endloop
	endfacet
	facet normal 0 0 -1
		outer loop
			vertex -0.035291943699121475 -0.026000484824180603 0
			vertex -0.03437891602516174 -0.03228825330734253 0
			vertex -0.035386744886636734 -0.025940915569663048 0
		endloop
	endfacet
	facet normal 0 0 -1
		outer loop
			vertex -0.035291943699121475 -0.026000484824180603 0
			vertex -0.03429974615573883 -0.03220908343791962 0
			vertex -0.03437891602516174 -0.03228825330734253 0
		endloop
	endfacet
	facet normal 0 0 -1
		outer loop
			vertex -0.035562463104724884 -0.02566125988960266 0
			vertex -0.03552548587322235 -0.025766942650079727 0
			vertex -0.034487999975681305 -0.032600000500679016 0
		endloop
	endfacet
	facet normal 0 0 -1
		outer loop
			vertex -0.035562463104724884 -0.02566125988960266 0
			vertex -0.034487999975681305 -0.032600000500679016 0
			vertex -0.038100000470876694 -0.04762500151991844 0
		endloop
	endfacet
	facet normal 0 0 -1
		outer loop
			vertex -0.03518626093864441 -0.026037463918328285 0
			vertex -0.03429974615573883 -0.03220908343791962 0
			vertex -0.035291943699121475 -0.026000484824180603 0
		endloop
	endfacet
	facet normal 0 0 -1
		outer loop
			vertex -0.03518626093864441 -0.026037463918328285 0
			vertex -0.03420494124293327 -0.03214951604604721 0
			vertex -0.03429974615573883 -0.03220908343791962 0
		endloop
	endfacet
	facet normal 0 0 -1
		outer loop
			vertex -0.035075001418590546 -0.02604999952018261 0
			vertex -0.03420494124293327 -0.03214951604604721 0
			vertex -0.03518626093864441 -0.026037463918328285 0
		endloop
	endfacet
	facet normal 0 0 -1
		outer loop
			vertex -0.035075001418590546 -0.02604999952018261 0
			vertex -0.033987998962402344 -0.032099999487400055 0
			vertex -0.034099262207746506 -0.03211253508925438 0
		endloop
	endfacet
	facet normal 0 0 -1
		outer loop
			vertex -0.035075001418590546 -0.02604999952018261 0
			vertex -0.034099262207746506 -0.03211253508925438 0
			vertex -0.03420494124293327 -0.03214951604604721 0
		endloop
	endfacet
	facet normal 0 0 -1
		outer loop
			vertex -0.03557499870657921 -0.025550000369548798 0
			vertex -0.035562463104724884 -0.02566125988960266 0
			vertex -0.038100000470876694 -0.04762500151991844 0
		endloop
	endfacet
	facet normal 0 0 -1
		outer loop
			vertex -0.027987999841570854 -0.032099999487400055 0
			vertex -0.033987998962402344 -0.032099999487400055 0
			vertex -0.035075001418590546 -0.02604999952018261 0
		endloop
	endfacet
	facet normal 0 0 -1
		outer loop
			vertex -0.02604999952018261 -0.031599998474121094 0
			vertex -0.02604999952018261 -0.044599998742341995 0
			vertex -0.027488000690937042 -0.032600000500679016 0
		endloop
	endfacet
	facet normal 0 0 -1
		outer loop
			vertex -0.02604999952018261 -0.031599998474121094 0
			vertex -0.027488000690937042 -0.032600000500679016 0
			vertex -0.027500536292791367 -0.03248874098062515 0
		endloop
	endfacet
	facet normal 0 0 -1
		outer loop
			vertex -0.02604999952018261 -0.031599998474121094 0
			vertex -0.027500536292791367 -0.03248874098062515 0
			vertex -0.02753751538693905 -0.03238305822014809 0
		endloop
	endfacet
	facet normal 0 0 -1
		outer loop
			vertex -0.02604999952018261 -0.031599998474121094 0
			vertex -0.02753751538693905 -0.03238305822014809 0
			vertex -0.027597084641456604 -0.03228825330734253 0
		endloop
	endfacet
	facet normal 0 0 -1
		outer loop
			vertex -0.02604999952018261 -0.031599998474121094 0
			vertex -0.027597084641456604 -0.03228825330734253 0
			vertex -0.027676254510879517 -0.03220908343791962 0
		endloop
	endfacet
	facet normal 0 0 -1
		outer loop
			vertex -0.026037463918328285 -0.03148873895406723 0
			vertex -0.02604999952018261 -0.031599998474121094 0
			vertex -0.027676254510879517 -0.03220908343791962 0
		endloop
	endfacet
	facet normal 0 0 -1
		outer loop
			vertex -0.026037463918328285 -0.03148873895406723 0
			vertex -0.027676254510879517 -0.03220908343791962 0
			vertex -0.027771057561039925 -0.03214951604604721 0
		endloop
	endfacet
	facet normal 0 0 -1
		outer loop
			vertex -0.01050291582942009 -0.04691174626350403 0
			vertex -0.025550000369548798 -0.045099999755620956 0
			vertex -0.012550000101327896 -0.045099999755620956 0
		endloop
	endfacet
	facet normal 0 0 -1
		outer loop
			vertex -0.01050291582942009 -0.04691174626350403 0
			vertex -0.010423745028674603 -0.04699091613292694 0
			vertex -0.027676254510879517 -0.04699091613292694 0
		endloop
	endfacet
	facet normal 0 0 -1
		outer loop
			vertex -0.01050291582942009 -0.04691174626350403 0
			vertex -0.027676254510879517 -0.04699091613292694 0
			vertex -0.027597084641456604 -0.04691174626350403 0
		endloop
	endfacet
	facet normal 0 0 -1
		outer loop
			vertex -0.01050291582942009 -0.04691174626350403 0
			vertex -0.027597084641456604 -0.04691174626350403 0
			vertex -0.025550000369548798 -0.045099999755620956 0
		endloop
	endfacet
	facet normal 0 0 -1
		outer loop
			vertex -0.026000484824180603 -0.03138305991888046 0
			vertex -0.026037463918328285 -0.03148873895406723 0
			vertex -0.027771057561039925 -0.03214951604604721 0
		endloop
	endfacet
	facet normal 0 0 -1
		outer loop
			vertex -0.026000484824180603 -0.03138305991888046 0
			vertex -0.027771057561039925 -0.03214951604604721 0
			vertex -0.02787674032151699 -0.03211253508925438 0
		endloop
	endfacet
	facet normal 0 0 -1
		outer loop
			vertex -0.01056248415261507 -0.04681694135069847 0
			vertex -0.01050291582942009 -0.04691174626350403 0
			vertex -0.012550000101327896 -0.045099999755620956 0
		endloop
	endfacet
	facet normal 0 0 -1
		outer loop
			vertex -0.010328941978514194 -0.04705048352479935 0
			vertex -0.027676254510879517 -0.04699091613292694 0
			vertex -0.010423745028674603 -0.04699091613292694 0
		endloop
	endfacet
	facet normal 0 0 -1
		outer loop
			vertex -0.010328941978514194 -0.04705048352479935 0
			vertex -0.027771057561039925 -0.04705048352479935 0
			vertex -0.027676254510879517 -0.04699091613292694 0
		endloop
	endfacet
	facet normal 0 0 -1
		outer loop
			vertex -0.010223260149359703 -0.04708746448159218 0
			vertex -0.02787674032151699 -0.04708746448159218 0
			vertex -0.027771057561039925 -0.04705048352479935 0
		endloop
	endfacet
	facet normal 0 0 -1
		outer loop
			vertex -0.010223260149359703 -0.04708746448159218 0
			vertex -0.027771057561039925 -0.04705048352479935 0
			vertex -0.010328941978514194 -0.04705048352479935 0
		endloop
	endfacet
	facet normal 0 0 -1
		outer loop
			vertex -0.010599464178085327 -0.046711262315511703 0
			vertex -0.01056248415261507 -0.04681694135069847 0
			vertex -0.012550000101327896 -0.045099999755620956 0
		endloop
	endfacet
	facet normal 0 0 -1
		outer loop
			vertex -0.025940915569663048 -0.031288255006074905 0
			vertex -0.02787674032151699 -0.03211253508925438 0
			vertex -0.027987999841570854 -0.032099999487400055 0
		endloop
	endfacet
	facet normal 0 0 -1
		outer loop
			vertex -0.025940915569663048 -0.031288255006074905 0
			vertex -0.026000484824180603 -0.03138305991888046 0
			vertex -0.02787674032151699 -0.03211253508925438 0
		endloop
	endfacet
	facet normal 0 0 -1
		outer loop
			vertex -0.010111999697983265 -0.0471000000834465 0
			vertex -0.027987999841570854 -0.0471000000834465 0
			vertex -0.02787674032151699 -0.04708746448159218 0
		endloop
	endfacet
	facet normal 0 0 -1
		outer loop
			vertex -0.010111999697983265 -0.0471000000834465 0
			vertex -0.038100000470876694 -0.04762500151991844 0
			vertex -0.027987999841570854 -0.0471000000834465 0
		endloop
	endfacet
	facet normal 0 0 -1
		outer loop
			vertex -0.010111999697983265 -0.0471000000834465 0
			vertex -0.02787674032151699 -0.04708746448159218 0
			vertex -0.010223260149359703 -0.04708746448159218 0
		endloop
	endfacet
	facet normal 0 0 -1
		outer loop
			vertex -0.010611999779939651 -0.04659999907016754 0
			vertex -0.012550000101327896 -0.045099999755620956 0
			vertex -0.012438739649951458 -0.04508746415376663 0
		endloop
	endfacet
	facet normal 0 0 -1
		outer loop
			vertex -0.010611999779939651 -0.04659999907016754 0
			vertex -0.012438739649951458 -0.04508746415376663 0
			vertex -0.012333057820796967 -0.0450504831969738 0
		endloop
	endfacet
	facet normal 0 0 -1
		outer loop
			vertex -0.010611999779939651 -0.04659999907016754 0
			vertex -0.012333057820796967 -0.0450504831969738 0
			vertex -0.012238254770636559 -0.044990915805101395 0
		endloop
	endfacet
	facet normal 0 0 -1
		outer loop
			vertex -0.010611999779939651 -0.04659999907016754 0
			vertex -0.010599464178085327 -0.046711262315511703 0
			vertex -0.012550000101327896 -0.045099999755620956 0
		endloop
	endfacet
	facet normal 0 0 -1
		outer loop
			vertex -0.012159083969891071 -0.04491174593567848 0
			vertex -0.010611999779939651 -0.04659999907016754 0
			vertex -0.012238254770636559 -0.044990915805101395 0
		endloop
	endfacet
	facet normal 0 0 -1
		outer loop
			vertex -0.025861745700240135 -0.031209085136651993 0
			vertex -0.025940915569663048 -0.031288255006074905 0
			vertex -0.027987999841570854 -0.032099999487400055 0
		endloop
	endfacet
	facet normal 0 0 -1
		outer loop
			vertex -0.025861745700240135 -0.031209085136651993 0
			vertex -0.027987999841570854 -0.032099999487400055 0
			vertex -0.035075001418590546 -0.02604999952018261 0
		endloop
	endfacet
	facet normal 0 0 -1
		outer loop
			vertex -0.01209951564669609 -0.044816941022872925 0
			vertex -0.010611999779939651 -0.04659999907016754 0
			vertex -0.012159083969891071 -0.04491174593567848 0
		endloop
	endfacet
	facet normal 0 0 -1
		outer loop
			vertex -0.025766942650079727 -0.031149515882134438 0
			vertex -0.025861745700240135 -0.031209085136651993 0
			vertex -0.035075001418590546 -0.02604999952018261 0
		endloop
	endfacet
	facet normal 0 0 -1
		outer loop
			vertex -0.012062535621225834 -0.04471126198768616 0
			vertex -0.010611999779939651 -0.04659999907016754 0
			vertex -0.01209951564669609 -0.044816941022872925 0
		endloop
	endfacet
	facet normal 0 0 -1
		outer loop
			vertex -0.01205000001937151 -0.044599998742341995 0
			vertex -0.010611999779939651 -0.04659999907016754 0
			vertex -0.012062535621225834 -0.04471126198768616 0
		endloop
	endfacet
	facet normal 0 0 -1
		outer loop
			vertex -0.022074999287724495 -0.02604999952018261 0
			vertex -0.025766942650079727 -0.031149515882134438 0
			vertex -0.035075001418590546 -0.02604999952018261 0
		endloop
	endfacet
	facet normal 0 0 -1
		outer loop
			vertex -0.022074999287724495 -0.02604999952018261 0
			vertex -0.025550000369548798 -0.031099999323487282 0
			vertex -0.02566125988960266 -0.031112536787986755 0
		endloop
	endfacet
	facet normal 0 0 -1
		outer loop
			vertex -0.022074999287724495 -0.02604999952018261 0
			vertex -0.02566125988960266 -0.031112536787986755 0
			vertex -0.025766942650079727 -0.031149515882134438 0
		endloop
	endfacet
	facet normal 0 0 -1
		outer loop
			vertex -0.02196373976767063 -0.026037463918328285 0
			vertex -0.025550000369548798 -0.031099999323487282 0
			vertex -0.022074999287724495 -0.02604999952018261 0
		endloop
	endfacet
	facet normal 0 0 -1
		outer loop
			vertex -0.021858058869838715 -0.026000484824180603 0
			vertex -0.025550000369548798 -0.031099999323487282 0
			vertex -0.02196373976767063 -0.026037463918328285 0
		endloop
	endfacet
	facet normal 0 0 -1
		outer loop
			vertex -0.010611999779939651 -0.032600000500679016 0
			vertex -0.01205000001937151 -0.044599998742341995 0
			vertex -0.01205000001937151 -0.031599998474121094 0
		endloop
	endfacet
	facet normal 0 0 -1
		outer loop
			vertex -0.010599464178085327 -0.03248874098062515 0
			vertex -0.010611999779939651 -0.032600000500679016 0
			vertex -0.01205000001937151 -0.031599998474121094 0
		endloop
	endfacet
	facet normal 0 0 -1
		outer loop
			vertex -0.01056248415261507 -0.03238305822014809 0
			vertex -0.010599464178085327 -0.03248874098062515 0
			vertex -0.01205000001937151 -0.031599998474121094 0
		endloop
	endfacet
	facet normal 0 0 -1
		outer loop
			vertex -0.01050291582942009 -0.03228825330734253 0
			vertex -0.01056248415261507 -0.03238305822014809 0
			vertex -0.01205000001937151 -0.031599998474121094 0
		endloop
	endfacet
	facet normal 0 0 -1
		outer loop
			vertex -0.010423745028674603 -0.03220908343791962 0
			vertex -0.01205000001937151 -0.031599998474121094 0
			vertex -0.012062535621225834 -0.03148873895406723 0
		endloop
	endfacet
	facet normal 0 0 -1
		outer loop
			vertex -0.010423745028674603 -0.03220908343791962 0
			vertex -0.01050291582942009 -0.03228825330734253 0
			vertex -0.01205000001937151 -0.031599998474121094 0
		endloop
	endfacet
	facet normal 0 0 -1
		outer loop
			vertex -0.010328941978514194 -0.03214951604604721 0
			vertex -0.012062535621225834 -0.03148873895406723 0
			vertex -0.01209951564669609 -0.03138305991888046 0
		endloop
	endfacet
	facet normal 0 0 -1
		outer loop
			vertex -0.010328941978514194 -0.03214951604604721 0
			vertex -0.010423745028674603 -0.03220908343791962 0
			vertex -0.012062535621225834 -0.03148873895406723 0
		endloop
	endfacet
	facet normal 0 0 -1
		outer loop
			vertex -0.010223260149359703 -0.03211253508925438 0
			vertex -0.01209951564669609 -0.03138305991888046 0
			vertex -0.012159083969891071 -0.031288255006074905 0
		endloop
	endfacet
	facet normal 0 0 -1
		outer loop
			vertex -0.010223260149359703 -0.03211253508925438 0
			vertex -0.010328941978514194 -0.03214951604604721 0
			vertex -0.01209951564669609 -0.03138305991888046 0
		endloop
	endfacet
	facet normal 0 0 -1
		outer loop
			vertex 0.0027132551185786724 -0.044990915805101395 0
			vertex -0.0036615156568586826 -0.04681694135069847 0
			vertex -0.003624536097049713 -0.046711262315511703 0
		endloop
	endfacet
	facet normal 0 0 -1
		outer loop
			vertex 0.002634084317833185 -0.04491174593567848 0
			vertex 0.0027132551185786724 -0.044990915805101395 0
			vertex -0.003624536097049713 -0.046711262315511703 0
		endloop
	endfacet
	facet normal 0 0 -1
		outer loop
			vertex 0.002634084317833185 -0.04491174593567848 0
			vertex -0.003624536097049713 -0.046711262315511703 0
			vertex -0.0036120000295341015 -0.04659999907016754 0
		endloop
	endfacet
	facet normal 0 0 -1
		outer loop
			vertex -0.035386744886636734 -0.006890915799885988 0
			vertex -0.03546591475605965 -0.012238254770636559 0
			vertex -0.03546591475605965 -0.006811744999140501 0
		endloop
	endfacet
	facet normal 0 0 -1
		outer loop
			vertex -0.035386744886636734 -0.006890915799885988 0
			vertex -0.035386744886636734 -0.012159083969891071 0
			vertex -0.03546591475605965 -0.012238254770636559 0
		endloop
	endfacet
	facet normal 0 0 -1
		outer loop
			vertex -0.016336744651198387 -0.025940915569663048 0
			vertex -0.021684084087610245 -0.025861745700240135 0
			vertex -0.01641591638326645 -0.025861745700240135 0
		endloop
	endfacet
	facet normal 0 0 -1
		outer loop
			vertex -0.016336744651198387 -0.025940915569663048 0
			vertex -0.021763255819678307 -0.025940915569663048 0
			vertex -0.021684084087610245 -0.025861745700240135 0
		endloop
	endfacet
	facet normal 0 0 -1
		outer loop
			vertex 0.0028080581687390804 -0.0450504831969738 0
			vertex -0.0036615156568586826 -0.04681694135069847 0
			vertex 0.0027132551185786724 -0.044990915805101395 0
		endloop
	endfacet
	facet normal 0 0 -1
		outer loop
			vertex 0.0028080581687390804 -0.0450504831969738 0
			vertex -0.003721084212884307 -0.04691174626350403 0
			vertex -0.0036615156568586826 -0.04681694135069847 0
		endloop
	endfacet
	facet normal 0 0 -1
		outer loop
			vertex 0.0025745155289769173 -0.044816941022872925 0
			vertex 0.002634084317833185 -0.04491174593567848 0
			vertex -0.0036120000295341015 -0.04659999907016754 0
		endloop
	endfacet
	facet normal 0 0 -1
		outer loop
			vertex -0.01624194160103798 -0.026000484824180603 0
			vertex -0.012550000101327896 -0.031099999323487282 0
			vertex -0.025550000369548798 -0.031099999323487282 0
		endloop
	endfacet
	facet normal 0 0 -1
		outer loop
			vertex -0.01624194160103798 -0.026000484824180603 0
			vertex -0.021763255819678307 -0.025940915569663048 0
			vertex -0.016336744651198387 -0.025940915569663048 0
		endloop
	endfacet
	facet normal 0 0 -1
		outer loop
			vertex -0.01624194160103798 -0.026000484824180603 0
			vertex -0.021858058869838715 -0.026000484824180603 0
			vertex -0.021763255819678307 -0.025940915569663048 0
		endloop
	endfacet
	facet normal 0 0 -1
		outer loop
			vertex -0.01624194160103798 -0.026000484824180603 0
			vertex -0.025550000369548798 -0.031099999323487282 0
			vertex -0.021858058869838715 -0.026000484824180603 0
		endloop
	endfacet
	facet normal 0 0 -1
		outer loop
			vertex -0.016475483775138855 -0.025766942650079727 0
			vertex -0.01641591638326645 -0.025861745700240135 0
			vertex -0.021684084087610245 -0.025861745700240135 0
		endloop
	endfacet
	facet normal 0 0 -1
		outer loop
			vertex -0.016475483775138855 -0.025766942650079727 0
			vertex -0.021684084087610245 -0.025861745700240135 0
			vertex -0.02162451483309269 -0.025766942650079727 0
		endloop
	endfacet
	facet normal 0 0 -1
		outer loop
			vertex -0.03552548587322235 -0.006716941948980093 0
			vertex -0.03546591475605965 -0.006811744999140501 0
			vertex -0.03546591475605965 -0.012238254770636559 0
		endloop
	endfacet
	facet normal 0 0 -1
		outer loop
			vertex -0.03552548587322235 -0.006716941948980093 0
			vertex -0.03546591475605965 -0.012238254770636559 0
			vertex -0.03552548587322235 -0.012333057820796967 0
		endloop
	endfacet
	facet normal 0 0 -1
		outer loop
			vertex -0.035291943699121475 -0.006950484588742256 0
			vertex -0.035291943699121475 -0.01209951564669609 0
			vertex -0.035386744886636734 -0.012159083969891071 0
		endloop
	endfacet
	facet normal 0 0 -1
		outer loop
			vertex -0.035291943699121475 -0.006950484588742256 0
			vertex -0.035386744886636734 -0.012159083969891071 0
			vertex -0.035386744886636734 -0.006890915799885988 0
		endloop
	endfacet
	facet normal 0 0 -1
		outer loop
			vertex -0.010111999697983265 -0.032099999487400055 0
			vertex -0.012159083969891071 -0.031288255006074905 0
			vertex -0.012238254770636559 -0.031209085136651993 0
		endloop
	endfacet
	facet normal 0 0 -1
		outer loop
			vertex -0.010111999697983265 -0.032099999487400055 0
			vertex -0.010223260149359703 -0.03211253508925438 0
			vertex -0.012159083969891071 -0.031288255006074905 0
		endloop
	endfacet
	facet normal 0 0 -1
		outer loop
			vertex 0.0029137395322322845 -0.04508746415376663 0
			vertex -0.003721084212884307 -0.04691174626350403 0
			vertex 0.0028080581687390804 -0.0450504831969738 0
		endloop
	endfacet
	facet normal 0 0 -1
		outer loop
			vertex 0.0029137395322322845 -0.04508746415376663 0
			vertex -0.003800255013629794 -0.04699091613292694 0
			vertex -0.003721084212884307 -0.04691174626350403 0
		endloop
	endfacet
	facet normal 0 0 -1
		outer loop
			vertex 0.0025375359691679478 -0.04471126198768616 0
			vertex 0.0025745155289769173 -0.044816941022872925 0
			vertex -0.0036120000295341015 -0.04659999907016754 0
		endloop
	endfacet
	facet normal 0 0 -1
		outer loop
			vertex -0.03518626093864441 -0.006987464148551226 0
			vertex -0.03518626093864441 -0.012062535621225834 0
			vertex -0.035291943699121475 -0.01209951564669609 0
		endloop
	endfacet
	facet normal 0 0 -1
		outer loop
			vertex -0.03518626093864441 -0.006987464148551226 0
			vertex -0.035291943699121475 -0.01209951564669609 0
			vertex -0.035291943699121475 -0.006950484588742256 0
		endloop
	endfacet
	facet normal 0 0 -1
		outer loop
			vertex -0.035562463104724884 -0.006611260585486889 0
			vertex -0.03552548587322235 -0.012333057820796967 0
			vertex -0.035562463104724884 -0.012438739649951458 0
		endloop
	endfacet
	facet normal 0 0 -1
		outer loop
			vertex -0.035562463104724884 -0.006611260585486889 0
			vertex -0.03552548587322235 -0.006716941948980093 0
			vertex -0.03552548587322235 -0.012333057820796967 0
		endloop
	endfacet
	facet normal 0 0 -1
		outer loop
			vertex -0.016512464731931686 -0.02566125988960266 0
			vertex -0.02162451483309269 -0.025766942650079727 0
			vertex -0.021587535738945007 -0.02566125988960266 0
		endloop
	endfacet
	facet normal 0 0 -1
		outer loop
			vertex -0.016512464731931686 -0.02566125988960266 0
			vertex -0.016475483775138855 -0.025766942650079727 0
			vertex -0.02162451483309269 -0.025766942650079727 0
		endloop
	endfacet
	facet normal 0 0 -1
		outer loop
			vertex -0.016136260703206062 -0.026037463918328285 0
			vertex -0.012550000101327896 -0.031099999323487282 0
			vertex -0.01624194160103798 -0.026000484824180603 0
		endloop
	endfacet
	facet normal 0 0 -1
		outer loop
			vertex 0.002524999901652336 -0.044599998742341995 0
			vertex 0.0025375359691679478 -0.04471126198768616 0
			vertex -0.0036120000295341015 -0.04659999907016754 0
		endloop
	endfacet
	facet normal 0 0 -1
		outer loop
			vertex 0.0030249999836087227 -0.045099999755620956 0
			vertex -0.003895058063790202 -0.04705048352479935 0
			vertex -0.003800255013629794 -0.04699091613292694 0
		endloop
	endfacet
	facet normal 0 0 -1
		outer loop
			vertex 0.0030249999836087227 -0.045099999755620956 0
			vertex -0.003800255013629794 -0.04699091613292694 0
			vertex 0.0029137395322322845 -0.04508746415376663 0
		endloop
	endfacet
	facet normal 0 0 -1
		outer loop
			vertex -0.01602499932050705 -0.02604999952018261 0
			vertex -0.012550000101327896 -0.031099999323487282 0
			vertex -0.016136260703206062 -0.026037463918328285 0
		endloop
	endfacet
	facet normal 0 0 -1
		outer loop
			vertex -0.01602499932050705 -0.02604999952018261 0
			vertex -0.012333057820796967 -0.031149515882134438 0
			vertex -0.012438739649951458 -0.031112536787986755 0
		endloop
	endfacet
	facet normal 0 0 -1
		outer loop
			vertex -0.01602499932050705 -0.02604999952018261 0
			vertex -0.012438739649951458 -0.031112536787986755 0
			vertex -0.012550000101327896 -0.031099999323487282 0
		endloop
	endfacet
	facet normal 0 0 -1
		outer loop
			vertex -0.01652500033378601 -0.025550000369548798 0
			vertex -0.021587535738945007 -0.02566125988960266 0
			vertex -0.021575000137090683 -0.025550000369548798 0
		endloop
	endfacet
	facet normal 0 0 -1
		outer loop
			vertex -0.01652500033378601 -0.025550000369548798 0
			vertex -0.016512464731931686 -0.02566125988960266 0
			vertex -0.021587535738945007 -0.02566125988960266 0
		endloop
	endfacet
	facet normal 0 0 -1
		outer loop
			vertex -0.035075001418590546 -0.007000000216066837 0
			vertex -0.035075001418590546 -0.01205000001937151 0
			vertex -0.03518626093864441 -0.012062535621225834 0
		endloop
	endfacet
	facet normal 0 0 -1
		outer loop
			vertex -0.035075001418590546 -0.007000000216066837 0
			vertex -0.03518626093864441 -0.012062535621225834 0
			vertex -0.03518626093864441 -0.006987464148551226 0
		endloop
	endfacet
	facet normal 0 0 -1
		outer loop
			vertex -0.03557499870657921 -0.006500000134110451 0
			vertex -0.035562463104724884 -0.012438739649951458 0
			vertex -0.03557499870657921 -0.012550000101327896 0
		endloop
	endfacet
	facet normal 0 0 -1
		outer loop
			vertex -0.03557499870657921 -0.006500000134110451 0
			vertex -0.035562463104724884 -0.006611260585486889 0
			vertex -0.035562463104724884 -0.012438739649951458 0
		endloop
	endfacet
	facet normal 0 0 -1
		outer loop
			vertex -0.0036120000295341015 -0.032600000500679016 0
			vertex 0.002524999901652336 -0.044599998742341995 0
			vertex -0.0036120000295341015 -0.04659999907016754 0
		endloop
	endfacet
	facet normal 0 0 -1
		outer loop
			vertex 0.01602499932050705 -0.045099999755620956 0
			vertex -0.003895058063790202 -0.04705048352479935 0
			vertex 0.0030249999836087227 -0.045099999755620956 0
		endloop
	endfacet
	facet normal 0 0 -1
		outer loop
			vertex 0.01602499932050705 -0.045099999755620956 0
			vertex -0.00400073966011405 -0.04708746448159218 0
			vertex -0.003895058063790202 -0.04705048352479935 0
		endloop
	endfacet
	facet normal 0 0 -1
		outer loop
			vertex 0.002524999901652336 -0.031599998474121094 0
			vertex 0.002524999901652336 -0.044599998742341995 0
			vertex -0.0036120000295341015 -0.032600000500679016 0
		endloop
	endfacet
	facet normal 0 0 -1
		outer loop
			vertex 0.002524999901652336 -0.031599998474121094 0
			vertex -0.0036120000295341015 -0.032600000500679016 0
			vertex -0.003624536097049713 -0.03248874098062515 0
		endloop
	endfacet
	facet normal 0 0 -1
		outer loop
			vertex 0.002524999901652336 -0.031599998474121094 0
			vertex -0.003624536097049713 -0.03248874098062515 0
			vertex -0.0036615156568586826 -0.03238305822014809 0
		endloop
	endfacet
	facet normal 0 0 -1
		outer loop
			vertex -0.0030249999836087227 -0.02604999952018261 0
			vertex -0.012238254770636559 -0.031209085136651993 0
			vertex -0.012333057820796967 -0.031149515882134438 0
		endloop
	endfacet
	facet normal 0 0 -1
		outer loop
			vertex -0.0030249999836087227 -0.02604999952018261 0
			vertex -0.010111999697983265 -0.032099999487400055 0
			vertex -0.012238254770636559 -0.031209085136651993 0
		endloop
	endfacet
	facet normal 0 0 -1
		outer loop
			vertex -0.0030249999836087227 -0.02604999952018261 0
			vertex -0.012333057820796967 -0.031149515882134438 0
			vertex -0.01602499932050705 -0.02604999952018261 0
		endloop
	endfacet
	facet normal 0 0 -1
		outer loop
			vertex -0.0030249999836087227 -0.02604999952018261 0
			vertex -0.004112000111490488 -0.032099999487400055 0
			vertex -0.010111999697983265 -0.032099999487400055 0
		endloop
	endfacet
	facet normal 0 0 -1
		outer loop
			vertex -0.0030249999836087227 -0.02604999952018261 0
			vertex -0.003895058063790202 -0.03214951604604721 0
			vertex -0.00400073966011405 -0.03211253508925438 0
		endloop
	endfacet
	facet normal 0 0 -1
		outer loop
			vertex -0.0030249999836087227 -0.02604999952018261 0
			vertex -0.00400073966011405 -0.03211253508925438 0
			vertex -0.004112000111490488 -0.032099999487400055 0
		endloop
	endfacet
	facet normal 0 0 -1
		outer loop
			vertex -0.01652500033378601 -0.012550000101327896 0
			vertex -0.01652500033378601 -0.025550000369548798 0
			vertex -0.021575000137090683 -0.025550000369548798 0
		endloop
	endfacet
	facet normal 0 0 -1
		outer loop
			vertex -0.01652500033378601 -0.012550000101327896 0
			vertex -0.021575000137090683 -0.025550000369548798 0
			vertex -0.021575000137090683 -0.012550000101327896 0
		endloop
	endfacet
	facet normal 0 0 -1
		outer loop
			vertex -0.022074999287724495 -0.007000000216066837 0
			vertex -0.022074999287724495 -0.01205000001937151 0
			vertex -0.035075001418590546 -0.01205000001937151 0
		endloop
	endfacet
	facet normal 0 0 -1
		outer loop
			vertex -0.022074999287724495 -0.007000000216066837 0
			vertex -0.035075001418590546 -0.01205000001937151 0
			vertex -0.035075001418590546 -0.007000000216066837 0
		endloop
	endfacet
	facet normal 0 0 -1
		outer loop
			vertex 0.0025375359691679478 -0.03148873895406723 0
			vertex 0.002524999901652336 -0.031599998474121094 0
			vertex -0.0036615156568586826 -0.03238305822014809 0
		endloop
	endfacet
	facet normal 0 0 -1
		outer loop
			vertex 0.0025375359691679478 -0.03148873895406723 0
			vertex -0.0036615156568586826 -0.03238305822014809 0
			vertex -0.003721084212884307 -0.03228825330734253 0
		endloop
	endfacet
	facet normal 0 0 -1
		outer loop
			vertex -0.0029137395322322845 -0.026037463918328285 0
			vertex -0.003895058063790202 -0.03214951604604721 0
			vertex -0.0030249999836087227 -0.02604999952018261 0
		endloop
	endfacet
	facet normal 0 0 -1
		outer loop
			vertex -0.0029137395322322845 -0.026037463918328285 0
			vertex -0.003800255013629794 -0.03220908343791962 0
			vertex -0.003895058063790202 -0.03214951604604721 0
		endloop
	endfacet
	facet normal 0 0 -1
		outer loop
			vertex -0.02196373976767063 -0.006987464148551226 0
			vertex -0.02196373976767063 -0.012062535621225834 0
			vertex -0.022074999287724495 -0.01205000001937151 0
		endloop
	endfacet
	facet normal 0 0 -1
		outer loop
			vertex -0.02196373976767063 -0.006987464148551226 0
			vertex -0.022074999287724495 -0.01205000001937151 0
			vertex -0.022074999287724495 -0.007000000216066837 0
		endloop
	endfacet
	facet normal 0 0 -1
		outer loop
			vertex -0.016512464731931686 -0.012438739649951458 0
			vertex -0.021575000137090683 -0.012550000101327896 0
			vertex -0.021587535738945007 -0.012438739649951458 0
		endloop
	endfacet
	facet normal 0 0 -1
		outer loop
			vertex -0.016512464731931686 -0.012438739649951458 0
			vertex -0.01652500033378601 -0.012550000101327896 0
			vertex -0.021575000137090683 -0.012550000101327896 0
		endloop
	endfacet
	facet normal 0 0 -1
		outer loop
			vertex 0.0025745155289769173 -0.03138305991888046 0
			vertex 0.0025375359691679478 -0.03148873895406723 0
			vertex -0.003721084212884307 -0.03228825330734253 0
		endloop
	endfacet
	facet normal 0 0 -1
		outer loop
			vertex -0.0028080581687390804 -0.026000484824180603 0
			vertex -0.003800255013629794 -0.03220908343791962 0
			vertex -0.0029137395322322845 -0.026037463918328285 0
		endloop
	endfacet
	facet normal 0 0 -1
		outer loop
			vertex -0.0028080581687390804 -0.026000484824180603 0
			vertex 0.0025745155289769173 -0.03138305991888046 0
			vertex -0.003721084212884307 -0.03228825330734253 0
		endloop
	endfacet
	facet normal 0 0 -1
		outer loop
			vertex -0.0028080581687390804 -0.026000484824180603 0
			vertex -0.003721084212884307 -0.03228825330734253 0
			vertex -0.003800255013629794 -0.03220908343791962 0
		endloop
	endfacet
	facet normal 0 0 -1
		outer loop
			vertex -0.016475483775138855 -0.012333057820796967 0
			vertex -0.021587535738945007 -0.012438739649951458 0
			vertex -0.02162451483309269 -0.012333057820796967 0
		endloop
	endfacet
	facet normal 0 0 -1
		outer loop
			vertex -0.016475483775138855 -0.012333057820796967 0
			vertex -0.016512464731931686 -0.012438739649951458 0
			vertex -0.021587535738945007 -0.012438739649951458 0
		endloop
	endfacet
	facet normal 0 0 -1
		outer loop
			vertex -0.021858058869838715 -0.006950484588742256 0
			vertex -0.021858058869838715 -0.01209951564669609 0
			vertex -0.02196373976767063 -0.012062535621225834 0
		endloop
	endfacet
	facet normal 0 0 -1
		outer loop
			vertex -0.021858058869838715 -0.006950484588742256 0
			vertex -0.02196373976767063 -0.012062535621225834 0
			vertex -0.02196373976767063 -0.006987464148551226 0
		endloop
	endfacet
	facet normal 0 0 -1
		outer loop
			vertex -0.0027132551185786724 -0.025940915569663048 0
			vertex 0.0025745155289769173 -0.03138305991888046 0
			vertex -0.0028080581687390804 -0.026000484824180603 0
		endloop
	endfacet
	facet normal 0 0 -1
		outer loop
			vertex -0.0027132551185786724 -0.025940915569663048 0
			vertex 0.002634084317833185 -0.031288255006074905 0
			vertex 0.0025745155289769173 -0.03138305991888046 0
		endloop
	endfacet
	facet normal 0 0 -1
		outer loop
			vertex -0.021763255819678307 -0.006890915799885988 0
			vertex -0.021763255819678307 -0.012159083969891071 0
			vertex -0.021858058869838715 -0.01209951564669609 0
		endloop
	endfacet
	facet normal 0 0 -1
		outer loop
			vertex -0.021763255819678307 -0.006890915799885988 0
			vertex -0.021858058869838715 -0.01209951564669609 0
			vertex -0.021858058869838715 -0.006950484588742256 0
		endloop
	endfacet
	facet normal 0 0 -1
		outer loop
			vertex -0.01641591638326645 -0.012238254770636559 0
			vertex -0.02162451483309269 -0.012333057820796967 0
			vertex -0.021684084087610245 -0.012238254770636559 0
		endloop
	endfacet
	facet normal 0 0 -1
		outer loop
			vertex -0.01641591638326645 -0.012238254770636559 0
			vertex -0.016475483775138855 -0.012333057820796967 0
			vertex -0.02162451483309269 -0.012333057820796967 0
		endloop
	endfacet
	facet normal 0 0 -1
		outer loop
			vertex -0.002634084317833185 -0.025861745700240135 0
			vertex 0.002634084317833185 -0.031288255006074905 0
			vertex -0.0027132551185786724 -0.025940915569663048 0
		endloop
	endfacet
	facet normal 0 0 -1
		outer loop
			vertex -0.002634084317833185 -0.025861745700240135 0
			vertex 0.0027132551185786724 -0.031209085136651993 0
			vertex 0.002634084317833185 -0.031288255006074905 0
		endloop
	endfacet
	facet normal 0 0 -1
		outer loop
			vertex -0.016336744651198387 -0.012159083969891071 0
			vertex -0.021684084087610245 -0.012238254770636559 0
			vertex -0.021763255819678307 -0.012159083969891071 0
		endloop
	endfacet
	facet normal 0 0 -1
		outer loop
			vertex -0.016336744651198387 -0.012159083969891071 0
			vertex -0.01641591638326645 -0.012238254770636559 0
			vertex -0.021684084087610245 -0.012238254770636559 0
		endloop
	endfacet
	facet normal 0 0 -1
		outer loop
			vertex 0.01976325549185276 -0.04390391707420349 0
			vertex 0.016475483775138855 -0.044816941022872925 0
			vertex 0.016512464731931686 -0.04471126198768616 0
		endloop
	endfacet
	facet normal 0 0 -1
		outer loop
			vertex 0.0196840837597847 -0.04382474347949028 0
			vertex 0.016512464731931686 -0.04471126198768616 0
			vertex 0.01652500033378601 -0.044599998742341995 0
		endloop
	endfacet
	facet normal 0 0 -1
		outer loop
			vertex 0.0196840837597847 -0.04382474347949028 0
			vertex 0.01976325549185276 -0.04390391707420349 0
			vertex 0.016512464731931686 -0.04471126198768616 0
		endloop
	endfacet
	facet normal 0 0 -1
		outer loop
			vertex 0.01985805854201317 -0.0439634844660759 0
			vertex 0.01641591638326645 -0.04491174593567848 0
			vertex 0.016475483775138855 -0.044816941022872925 0
		endloop
	endfacet
	facet normal 0 0 -1
		outer loop
			vertex 0.01985805854201317 -0.0439634844660759 0
			vertex 0.016475483775138855 -0.044816941022872925 0
			vertex 0.01976325549185276 -0.04390391707420349 0
		endloop
	endfacet
	facet normal 0 0 -1
		outer loop
			vertex 0.019624516367912292 -0.04372994229197502 0
			vertex 0.0196840837597847 -0.04382474347949028 0
			vertex 0.01652500033378601 -0.044599998742341995 0
		endloop
	endfacet
	facet normal 0 0 -1
		outer loop
			vertex 0.019963739439845085 -0.04400046542286873 0
			vertex 0.016336744651198387 -0.044990915805101395 0
			vertex 0.01641591638326645 -0.04491174593567848 0
		endloop
	endfacet
	facet normal 0 0 -1
		outer loop
			vertex 0.019963739439845085 -0.04400046542286873 0
			vertex 0.01641591638326645 -0.04491174593567848 0
			vertex 0.01985805854201317 -0.0439634844660759 0
		endloop
	endfacet
	facet normal 0 0 -1
		outer loop
			vertex 0.01958753541111946 -0.043624259531497955 0
			vertex 0.019624516367912292 -0.04372994229197502 0
			vertex 0.01652500033378601 -0.044599998742341995 0
		endloop
	endfacet
	facet normal 0 0 -1
		outer loop
			vertex 0.020075000822544098 -0.04401300102472305 0
			vertex 0.01624194160103798 -0.0450504831969738 0
			vertex 0.016336744651198387 -0.044990915805101395 0
		endloop
	endfacet
	facet normal 0 0 -1
		outer loop
			vertex 0.020075000822544098 -0.04401300102472305 0
			vertex 0.016336744651198387 -0.044990915805101395 0
			vertex 0.019963739439845085 -0.04400046542286873 0
		endloop
	endfacet
	facet normal 0 0 -1
		outer loop
			vertex 0.019574999809265137 -0.04351300001144409 0
			vertex 0.01958753541111946 -0.043624259531497955 0
			vertex 0.01652500033378601 -0.044599998742341995 0
		endloop
	endfacet
	facet normal 0 0 -1
		outer loop
			vertex -0.01641591638326645 -0.006811744999140501 0
			vertex -0.021763255819678307 -0.006890915799885988 0
			vertex -0.021684084087610245 -0.006811744999140501 0
		endloop
	endfacet
	facet normal 0 0 -1
		outer loop
			vertex -0.01641591638326645 -0.006811744999140501 0
			vertex -0.021763255819678307 -0.012159083969891071 0
			vertex -0.021763255819678307 -0.006890915799885988 0
		endloop
	endfacet
	facet normal 0 0 -1
		outer loop
			vertex -0.01641591638326645 -0.006811744999140501 0
			vertex -0.016336744651198387 -0.006890915799885988 0
			vertex -0.016336744651198387 -0.012159083969891071 0
		endloop
	endfacet
	facet normal 0 0 -1
		outer loop
			vertex -0.01641591638326645 -0.006811744999140501 0
			vertex -0.016336744651198387 -0.012159083969891071 0
			vertex -0.021763255819678307 -0.012159083969891071 0
		endloop
	endfacet
	facet normal 0 0 -1
		outer loop
			vertex -0.03546591475605965 0.012238254770636559 0
			vertex -0.035386744886636734 0.006890915799885988 0
			vertex -0.03546591475605965 0.006811744999140501 0
		endloop
	endfacet
	facet normal 0 0 -1
		outer loop
			vertex -0.03546591475605965 0.012238254770636559 0
			vertex -0.035386744886636734 0.012159083969891071 0
			vertex -0.035386744886636734 0.006890915799885988 0
		endloop
	endfacet
	facet normal 0 0 -1
		outer loop
			vertex 0.002634084317833185 -0.025861745700240135 0
			vertex 0.0027132551185786724 -0.025940915569663048 0
			vertex 0.0027132551185786724 -0.031209085136651993 0
		endloop
	endfacet
	facet normal 0 0 -1
		outer loop
			vertex 0.002634084317833185 -0.025861745700240135 0
			vertex 0.0027132551185786724 -0.031209085136651993 0
			vertex -0.002634084317833185 -0.025861745700240135 0
		endloop
	endfacet
	facet normal 0 0 -1
		outer loop
			vertex 0.0025745155289769173 -0.025766942650079727 0
			vertex -0.002634084317833185 -0.025861745700240135 0
			vertex -0.0025745155289769173 -0.025766942650079727 0
		endloop
	endfacet
	facet normal 0 0 -1
		outer loop
			vertex 0.0025745155289769173 -0.025766942650079727 0
			vertex 0.002634084317833185 -0.025861745700240135 0
			vertex -0.002634084317833185 -0.025861745700240135 0
		endloop
	endfacet
	facet normal 0 0 -1
		outer loop
			vertex 0.0028080581687390804 -0.026000484824180603 0
			vertex 0.0027132551185786724 -0.031209085136651993 0
			vertex 0.0027132551185786724 -0.025940915569663048 0
		endloop
	endfacet
	facet normal 0 0 -1
		outer loop
			vertex 0.0028080581687390804 -0.026000484824180603 0
			vertex 0.0028080581687390804 -0.031149515882134438 0
			vertex 0.0027132551185786724 -0.031209085136651993 0
		endloop
	endfacet
	facet normal 0 0 -1
		outer loop
			vertex -0.016475483775138855 -0.006716941948980093 0
			vertex -0.01641591638326645 -0.006811744999140501 0
			vertex -0.021684084087610245 -0.006811744999140501 0
		endloop
	endfacet
	facet normal 0 0 -1
		outer loop
			vertex -0.016475483775138855 -0.006716941948980093 0
			vertex -0.021684084087610245 -0.006811744999140501 0
			vertex -0.02162451483309269 -0.006716941948980093 0
		endloop
	endfacet
	facet normal 0 0 -1
		outer loop
			vertex -0.03552548587322235 0.012333057820796967 0
			vertex -0.03546591475605965 0.006811744999140501 0
			vertex -0.03552548587322235 0.006716941948980093 0
		endloop
	endfacet
	facet normal 0 0 -1
		outer loop
			vertex -0.03552548587322235 0.012333057820796967 0
			vertex -0.03546591475605965 0.012238254770636559 0
			vertex -0.03546591475605965 0.006811744999140501 0
		endloop
	endfacet
	facet normal 0 0 -1
		outer loop
			vertex -0.035291943699121475 0.01209951564669609 0
			vertex -0.035291943699121475 0.006950484588742256 0
			vertex -0.035386744886636734 0.006890915799885988 0
		endloop
	endfacet
	facet normal 0 0 -1
		outer loop
			vertex -0.035291943699121475 0.01209951564669609 0
			vertex -0.035386744886636734 0.006890915799885988 0
			vertex -0.035386744886636734 0.012159083969891071 0
		endloop
	endfacet
	facet normal 0 0 -1
		outer loop
			vertex -0.01624194160103798 -0.006950484588742256 0
			vertex -0.016336744651198387 -0.012159083969891071 0
			vertex -0.016336744651198387 -0.006890915799885988 0
		endloop
	endfacet
	facet normal 0 0 -1
		outer loop
			vertex -0.01624194160103798 -0.006950484588742256 0
			vertex -0.01624194160103798 -0.01209951564669609 0
			vertex -0.016336744651198387 -0.012159083969891071 0
		endloop
	endfacet
	facet normal 0 0 -1
		outer loop
			vertex 0.0029137395322322845 -0.026037463918328285 0
			vertex 0.0029137395322322845 -0.031112536787986755 0
			vertex 0.0028080581687390804 -0.031149515882134438 0
		endloop
	endfacet
	facet normal 0 0 -1
		outer loop
			vertex 0.0029137395322322845 -0.026037463918328285 0
			vertex 0.0028080581687390804 -0.031149515882134438 0
			vertex 0.0028080581687390804 -0.026000484824180603 0
		endloop
	endfacet
	facet normal 0 0 -1
		outer loop
			vertex 0.0025375359691679478 -0.02566125988960266 0
			vertex -0.0025745155289769173 -0.025766942650079727 0
			vertex -0.0025375359691679478 -0.02566125988960266 0
		endloop
	endfacet
	facet normal 0 0 -1
		outer loop
			vertex 0.0025375359691679478 -0.02566125988960266 0
			vertex 0.0025745155289769173 -0.025766942650079727 0
			vertex -0.0025745155289769173 -0.025766942650079727 0
		endloop
	endfacet
	facet normal 0 0 -1
		outer loop
			vertex -0.016512464731931686 -0.006611260585486889 0
			vertex -0.02162451483309269 -0.006716941948980093 0
			vertex -0.021587535738945007 -0.006611260585486889 0
		endloop
	endfacet
	facet normal 0 0 -1
		outer loop
			vertex -0.016512464731931686 -0.006611260585486889 0
			vertex -0.016475483775138855 -0.006716941948980093 0
			vertex -0.02162451483309269 -0.006716941948980093 0
		endloop
	endfacet
	facet normal 0 0 -1
		outer loop
			vertex -0.03518626093864441 0.012062535621225834 0
			vertex -0.03518626093864441 0.006987464148551226 0
			vertex -0.035291943699121475 0.006950484588742256 0
		endloop
	endfacet
	facet normal 0 0 -1
		outer loop
			vertex -0.03518626093864441 0.012062535621225834 0
			vertex -0.035291943699121475 0.006950484588742256 0
			vertex -0.035291943699121475 0.01209951564669609 0
		endloop
	endfacet
	facet normal 0 0 -1
		outer loop
			vertex -0.035562463104724884 0.012438739649951458 0
			vertex -0.03552548587322235 0.006716941948980093 0
			vertex -0.035562463104724884 0.006611260585486889 0
		endloop
	endfacet
	facet normal 0 0 -1
		outer loop
			vertex -0.035562463104724884 0.012438739649951458 0
			vertex -0.03552548587322235 0.012333057820796967 0
			vertex -0.03552548587322235 0.006716941948980093 0
		endloop
	endfacet
	facet normal 0 0 -1
		outer loop
			vertex -0.016136260703206062 -0.006987464148551226 0
			vertex -0.016136260703206062 -0.012062535621225834 0
			vertex -0.01624194160103798 -0.01209951564669609 0
		endloop
	endfacet
	facet normal 0 0 -1
		outer loop
			vertex -0.016136260703206062 -0.006987464148551226 0
			vertex -0.01624194160103798 -0.01209951564669609 0
			vertex -0.01624194160103798 -0.006950484588742256 0
		endloop
	endfacet
	facet normal 0 0 -1
		outer loop
			vertex 0.0030249999836087227 -0.02604999952018261 0
			vertex 0.0029137395322322845 -0.031112536787986755 0
			vertex 0.0029137395322322845 -0.026037463918328285 0
		endloop
	endfacet
	facet normal 0 0 -1
		outer loop
			vertex 0.0030249999836087227 -0.02604999952018261 0
			vertex 0.0030249999836087227 -0.031099999323487282 0
			vertex 0.0029137395322322845 -0.031112536787986755 0
		endloop
	endfacet
	facet normal 0 0 -1
		outer loop
			vertex 0.002524999901652336 -0.025550000369548798 0
			vertex -0.0025375359691679478 -0.02566125988960266 0
			vertex -0.002524999901652336 -0.025550000369548798 0
		endloop
	endfacet
	facet normal 0 0 -1
		outer loop
			vertex 0.002524999901652336 -0.025550000369548798 0
			vertex 0.0025375359691679478 -0.02566125988960266 0
			vertex -0.0025375359691679478 -0.02566125988960266 0
		endloop
	endfacet
	facet normal 0 0 -1
		outer loop
			vertex -0.01602499932050705 -0.007000000216066837 0
			vertex -0.01602499932050705 -0.01205000001937151 0
			vertex -0.016136260703206062 -0.012062535621225834 0
		endloop
	endfacet
	facet normal 0 0 -1
		outer loop
			vertex -0.01602499932050705 -0.007000000216066837 0
			vertex -0.016136260703206062 -0.012062535621225834 0
			vertex -0.016136260703206062 -0.006987464148551226 0
		endloop
	endfacet
	facet normal 0 0 -1
		outer loop
			vertex -0.03557499870657921 0.012550000101327896 0
			vertex -0.035562463104724884 0.006611260585486889 0
			vertex -0.03557499870657921 0.006500000134110451 0
		endloop
	endfacet
	facet normal 0 0 -1
		outer loop
			vertex -0.03557499870657921 0.012550000101327896 0
			vertex -0.035562463104724884 0.012438739649951458 0
			vertex -0.035562463104724884 0.006611260585486889 0
		endloop
	endfacet
	facet normal 0 0 -1
		outer loop
			vertex -0.035075001418590546 0.01205000001937151 0
			vertex -0.035075001418590546 0.007000000216066837 0
			vertex -0.03518626093864441 0.006987464148551226 0
		endloop
	endfacet
	facet normal 0 0 -1
		outer loop
			vertex -0.035075001418590546 0.01205000001937151 0
			vertex -0.03518626093864441 0.006987464148551226 0
			vertex -0.03518626093864441 0.012062535621225834 0
		endloop
	endfacet
	facet normal 0 0 -1
		outer loop
			vertex -0.01652500033378601 -0.006500000134110451 0
			vertex -0.021587535738945007 -0.006611260585486889 0
			vertex -0.021575000137090683 -0.006500000134110451 0
		endloop
	endfacet
	facet normal 0 0 -1
		outer loop
			vertex -0.01652500033378601 -0.006500000134110451 0
			vertex -0.016512464731931686 -0.006611260585486889 0
			vertex -0.021587535738945007 -0.006611260585486889 0
		endloop
	endfacet
	facet normal 0 0 -1
		outer loop
			vertex 0.019574999809265137 -0.03751299902796745 0
			vertex 0.019574999809265137 -0.04351300001144409 0
			vertex 0.01652500033378601 -0.044599998742341995 0
		endloop
	endfacet
	facet normal 0 0 -1
		outer loop
			vertex 0.01652500033378601 -0.031599998474121094 0
			vertex 0.019574999809265137 -0.03751299902796745 0
			vertex 0.01652500033378601 -0.044599998742341995 0
		endloop
	endfacet
	facet normal 0 0 -1
		outer loop
			vertex 0.01652500033378601 -0.031599998474121094 0
			vertex 0.01985805854201317 -0.03706251457333565 0
			vertex 0.01976325549185276 -0.03712208569049835 0
		endloop
	endfacet
	facet normal 0 0 -1
		outer loop
			vertex 0.01652500033378601 -0.031599998474121094 0
			vertex 0.01976325549185276 -0.03712208569049835 0
			vertex 0.0196840837597847 -0.037201255559921265 0
		endloop
	endfacet
	facet normal 0 0 -1
		outer loop
			vertex 0.01652500033378601 -0.031599998474121094 0
			vertex 0.0196840837597847 -0.037201255559921265 0
			vertex 0.019624516367912292 -0.03729605674743652 0
		endloop
	endfacet
	facet normal 0 0 -1
		outer loop
			vertex 0.01652500033378601 -0.031599998474121094 0
			vertex 0.019624516367912292 -0.03729605674743652 0
			vertex 0.01958753541111946 -0.03740173950791359 0
		endloop
	endfacet
	facet normal 0 0 -1
		outer loop
			vertex 0.01652500033378601 -0.031599998474121094 0
			vertex 0.01958753541111946 -0.03740173950791359 0
			vertex 0.019574999809265137 -0.03751299902796745 0
		endloop
	endfacet
	facet normal 0 0 -1
		outer loop
			vertex 0.021684084087610245 -0.035386744886636734 0
			vertex 0.021763255819678307 -0.03546591475605965 0
			vertex 0.020075000822544098 -0.03701300173997879 0
		endloop
	endfacet
	facet normal 0 0 -1
		outer loop
			vertex 0.021858058869838715 -0.03552548587322235 0
			vertex 0.020075000822544098 -0.03701300173997879 0
			vertex 0.021763255819678307 -0.03546591475605965 0
		endloop
	endfacet
	facet normal 0 0 -1
		outer loop
			vertex 0.02162451483309269 -0.035291943699121475 0
			vertex 0.021684084087610245 -0.035386744886636734 0
			vertex 0.020075000822544098 -0.03701300173997879 0
		endloop
	endfacet
	facet normal 0 0 -1
		outer loop
			vertex 0.02196373976767063 -0.035562463104724884 0
			vertex 0.020075000822544098 -0.03701300173997879 0
			vertex 0.021858058869838715 -0.03552548587322235 0
		endloop
	endfacet
	facet normal 0 0 -1
		outer loop
			vertex 0.021587535738945007 -0.03518626093864441 0
			vertex 0.02162451483309269 -0.035291943699121475 0
			vertex 0.020075000822544098 -0.03701300173997879 0
		endloop
	endfacet
	facet normal 0 0 -1
		outer loop
			vertex 0.022074999287724495 -0.03557499870657921 0
			vertex 0.020075000822544098 -0.03701300173997879 0
			vertex 0.02196373976767063 -0.035562463104724884 0
		endloop
	endfacet
	facet normal 0 0 -1
		outer loop
			vertex 0.021575000137090683 -0.035075001418590546 0
			vertex 0.01652500033378601 -0.031599998474121094 0
			vertex 0.016512464731931686 -0.03148873895406723 0
		endloop
	endfacet
	facet normal 0 0 -1
		outer loop
			vertex 0.021575000137090683 -0.035075001418590546 0
			vertex 0.016512464731931686 -0.03148873895406723 0
			vertex 0.016475483775138855 -0.03138305991888046 0
		endloop
	endfacet
	facet normal 0 0 -1
		outer loop
			vertex 0.021575000137090683 -0.035075001418590546 0
			vertex 0.01985805854201317 -0.03706251457333565 0
			vertex 0.01652500033378601 -0.031599998474121094 0
		endloop
	endfacet
	facet normal 0 0 -1
		outer loop
			vertex 0.021575000137090683 -0.035075001418590546 0
			vertex 0.021587535738945007 -0.03518626093864441 0
			vertex 0.020075000822544098 -0.03701300173997879 0
		endloop
	endfacet
	facet normal 0 0 -1
		outer loop
			vertex 0.021575000137090683 -0.035075001418590546 0
			vertex 0.020075000822544098 -0.03701300173997879 0
			vertex 0.019963739439845085 -0.037025537341833115 0
		endloop
	endfacet
	facet normal 0 0 -1
		outer loop
			vertex 0.021575000137090683 -0.035075001418590546 0
			vertex 0.019963739439845085 -0.037025537341833115 0
			vertex 0.01985805854201317 -0.03706251457333565 0
		endloop
	endfacet
	facet normal 0 0 -1
		outer loop
			vertex 0.01602499932050705 -0.02604999952018261 0
			vertex 0.01602499932050705 -0.031099999323487282 0
			vertex 0.0030249999836087227 -0.031099999323487282 0
		endloop
	endfacet
	facet normal 0 0 -1
		outer loop
			vertex 0.01602499932050705 -0.02604999952018261 0
			vertex 0.0030249999836087227 -0.031099999323487282 0
			vertex 0.0030249999836087227 -0.02604999952018261 0
		endloop
	endfacet
	facet normal 0 0 -1
		outer loop
			vertex 0.002524999901652336 -0.012550000101327896 0
			vertex -0.002524999901652336 -0.025550000369548798 0
			vertex -0.002524999901652336 -0.012550000101327896 0
		endloop
	endfacet
	facet normal 0 0 -1
		outer loop
			vertex 0.002524999901652336 -0.012550000101327896 0
			vertex 0.002524999901652336 -0.025550000369548798 0
			vertex -0.002524999901652336 -0.025550000369548798 0
		endloop
	endfacet
	facet normal 0 0 -1
		outer loop
			vertex -0.01652500033378601 0.006500000134110451 0
			vertex -0.01652500033378601 -0.006500000134110451 0
			vertex -0.021575000137090683 -0.006500000134110451 0
		endloop
	endfacet
	facet normal 0 0 -1
		outer loop
			vertex -0.01652500033378601 0.006500000134110451 0
			vertex -0.021575000137090683 -0.006500000134110451 0
			vertex -0.021575000137090683 0.006500000134110451 0
		endloop
	endfacet
	facet normal 0 0 -1
		outer loop
			vertex -0.0030249999836087227 -0.007000000216066837 0
			vertex -0.0030249999836087227 -0.01205000001937151 0
			vertex -0.01602499932050705 -0.01205000001937151 0
		endloop
	endfacet
	facet normal 0 0 -1
		outer loop
			vertex -0.0030249999836087227 -0.007000000216066837 0
			vertex -0.01602499932050705 -0.01205000001937151 0
			vertex -0.01602499932050705 -0.007000000216066837 0
		endloop
	endfacet
	facet normal 0 0 -1
		outer loop
			vertex -0.022074999287724495 0.01205000001937151 0
			vertex -0.022074999287724495 0.007000000216066837 0
			vertex -0.035075001418590546 0.007000000216066837 0
		endloop
	endfacet
	facet normal 0 0 -1
		outer loop
			vertex -0.022074999287724495 0.01205000001937151 0
			vertex -0.035075001418590546 0.007000000216066837 0
			vertex -0.035075001418590546 0.01205000001937151 0
		endloop
	endfacet
	facet normal 0 0 -1
		outer loop
			vertex 0.016136260703206062 -0.026037463918328285 0
			vertex 0.016136260703206062 -0.031112536787986755 0
			vertex 0.01602499932050705 -0.031099999323487282 0
		endloop
	endfacet
	facet normal 0 0 -1
		outer loop
			vertex 0.016136260703206062 -0.026037463918328285 0
			vertex 0.01602499932050705 -0.031099999323487282 0
			vertex 0.01602499932050705 -0.02604999952018261 0
		endloop
	endfacet
	facet normal 0 0 -1
		outer loop
			vertex -0.02196373976767063 0.012062535621225834 0
			vertex -0.022074999287724495 0.007000000216066837 0
			vertex -0.022074999287724495 0.01205000001937151 0
		endloop
	endfacet
	facet normal 0 0 -1
		outer loop
			vertex -0.02196373976767063 0.012062535621225834 0
			vertex -0.02196373976767063 0.006987464148551226 0
			vertex -0.022074999287724495 0.007000000216066837 0
		endloop
	endfacet
	facet normal 0 0 -1
		outer loop
			vertex -0.016512464731931686 0.006611260585486889 0
			vertex -0.021575000137090683 0.006500000134110451 0
			vertex -0.021587535738945007 0.006611260585486889 0
		endloop
	endfacet
	facet normal 0 0 -1
		outer loop
			vertex -0.016512464731931686 0.006611260585486889 0
			vertex -0.01652500033378601 0.006500000134110451 0
			vertex -0.021575000137090683 0.006500000134110451 0
		endloop
	endfacet
	facet normal 0 0 -1
		outer loop
			vertex -0.0029137395322322845 -0.006987464148551226 0
			vertex -0.0030249999836087227 -0.01205000001937151 0
			vertex -0.0030249999836087227 -0.007000000216066837 0
		endloop
	endfacet
	facet normal 0 0 -1
		outer loop
			vertex -0.0029137395322322845 -0.006987464148551226 0
			vertex -0.0029137395322322845 -0.012062535621225834 0
			vertex -0.0030249999836087227 -0.01205000001937151 0
		endloop
	endfacet
	facet normal 0 0 -1
		outer loop
			vertex 0.0025375359691679478 -0.012438739649951458 0
			vertex -0.002524999901652336 -0.012550000101327896 0
			vertex -0.0025375359691679478 -0.012438739649951458 0
		endloop
	endfacet
	facet normal 0 0 -1
		outer loop
			vertex 0.0025375359691679478 -0.012438739649951458 0
			vertex 0.002524999901652336 -0.012550000101327896 0
			vertex -0.002524999901652336 -0.012550000101327896 0
		endloop
	endfacet
	facet normal 0 0 -1
		outer loop
			vertex 0.01624194160103798 -0.026000484824180603 0
			vertex 0.01624194160103798 -0.031149515882134438 0
			vertex 0.016136260703206062 -0.031112536787986755 0
		endloop
	endfacet
	facet normal 0 0 -1
		outer loop
			vertex 0.01624194160103798 -0.026000484824180603 0
			vertex 0.016136260703206062 -0.031112536787986755 0
			vertex 0.016136260703206062 -0.026037463918328285 0
		endloop
	endfacet
	facet normal 0 0 -1
		outer loop
			vertex -0.0028080581687390804 -0.006950484588742256 0
			vertex -0.0029137395322322845 -0.012062535621225834 0
			vertex -0.0029137395322322845 -0.006987464148551226 0
		endloop
	endfacet
	facet normal 0 0 -1
		outer loop
			vertex -0.0028080581687390804 -0.006950484588742256 0
			vertex -0.0028080581687390804 -0.01209951564669609 0
			vertex -0.0029137395322322845 -0.012062535621225834 0
		endloop
	endfacet
	facet normal 0 0 -1
		outer loop
			vertex 0.0025745155289769173 -0.012333057820796967 0
			vertex -0.0025375359691679478 -0.012438739649951458 0
			vertex -0.0025745155289769173 -0.012333057820796967 0
		endloop
	endfacet
	facet normal 0 0 -1
		outer loop
			vertex 0.0025745155289769173 -0.012333057820796967 0
			vertex 0.0025375359691679478 -0.012438739649951458 0
			vertex -0.0025375359691679478 -0.012438739649951458 0
		endloop
	endfacet
	facet normal 0 0 -1
		outer loop
			vertex -0.016475483775138855 0.006716941948980093 0
			vertex -0.021587535738945007 0.006611260585486889 0
			vertex -0.02162451483309269 0.006716941948980093 0
		endloop
	endfacet
	facet normal 0 0 -1
		outer loop
			vertex -0.016475483775138855 0.006716941948980093 0
			vertex -0.016512464731931686 0.006611260585486889 0
			vertex -0.021587535738945007 0.006611260585486889 0
		endloop
	endfacet
	facet normal 0 0 -1
		outer loop
			vertex -0.021858058869838715 0.01209951564669609 0
			vertex -0.021858058869838715 0.006950484588742256 0
			vertex -0.02196373976767063 0.006987464148551226 0
		endloop
	endfacet
	facet normal 0 0 -1
		outer loop
			vertex -0.021858058869838715 0.01209951564669609 0
			vertex -0.02196373976767063 0.006987464148551226 0
			vertex -0.02196373976767063 0.012062535621225834 0
		endloop
	endfacet
	facet normal 0 0 -1
		outer loop
			vertex 0.016336744651198387 -0.025940915569663048 0
			vertex 0.016336744651198387 -0.031209085136651993 0
			vertex 0.01624194160103798 -0.031149515882134438 0
		endloop
	endfacet
	facet normal 0 0 -1
		outer loop
			vertex 0.016336744651198387 -0.025940915569663048 0
			vertex 0.01624194160103798 -0.031149515882134438 0
			vertex 0.01624194160103798 -0.026000484824180603 0
		endloop
	endfacet
	facet normal 0 0 -1
		outer loop
			vertex -0.01641591638326645 0.006811744999140501 0
			vertex -0.016475483775138855 0.006716941948980093 0
			vertex -0.02162451483309269 0.006716941948980093 0
		endloop
	endfacet
	facet normal 0 0 -1
		outer loop
			vertex -0.01641591638326645 0.006811744999140501 0
			vertex -0.02162451483309269 0.006716941948980093 0
			vertex -0.021684084087610245 0.006811744999140501 0
		endloop
	endfacet
	facet normal 0 0 -1
		outer loop
			vertex -0.021763255819678307 0.012159083969891071 0
			vertex -0.021763255819678307 0.006890915799885988 0
			vertex -0.021858058869838715 0.006950484588742256 0
		endloop
	endfacet
	facet normal 0 0 -1
		outer loop
			vertex -0.021763255819678307 0.012159083969891071 0
			vertex -0.021858058869838715 0.006950484588742256 0
			vertex -0.021858058869838715 0.01209951564669609 0
		endloop
	endfacet
	facet normal 0 0 -1
		outer loop
			vertex -0.0027132551185786724 -0.006890915799885988 0
			vertex -0.0028080581687390804 -0.01209951564669609 0
			vertex -0.0028080581687390804 -0.006950484588742256 0
		endloop
	endfacet
	facet normal 0 0 -1
		outer loop
			vertex -0.0027132551185786724 -0.006890915799885988 0
			vertex -0.0027132551185786724 -0.012159083969891071 0
			vertex -0.0028080581687390804 -0.01209951564669609 0
		endloop
	endfacet
	facet normal 0 0 -1
		outer loop
			vertex 0.002634084317833185 -0.012238254770636559 0
			vertex 0.0025745155289769173 -0.012333057820796967 0
			vertex -0.0025745155289769173 -0.012333057820796967 0
		endloop
	endfacet
	facet normal 0 0 -1
		outer loop
			vertex 0.002634084317833185 -0.012238254770636559 0
			vertex -0.0025745155289769173 -0.012333057820796967 0
			vertex -0.002634084317833185 -0.012238254770636559 0
		endloop
	endfacet
	facet normal 0 0 -1
		outer loop
			vertex 0.038100000470876694 -0.04762500151991844 0
			vertex 0.01602499932050705 -0.045099999755620956 0
			vertex 0.016136260703206062 -0.04508746415376663 0
		endloop
	endfacet
	facet normal 0 0 -1
		outer loop
			vertex 0.038100000470876694 -0.04762500151991844 0
			vertex 0.016136260703206062 -0.04508746415376663 0
			vertex 0.01624194160103798 -0.0450504831969738 0
		endloop
	endfacet
	facet normal 0 0 -1
		outer loop
			vertex 0.038100000470876694 -0.04762500151991844 0
			vertex 0.01624194160103798 -0.0450504831969738 0
			vertex 0.020075000822544098 -0.04401300102472305 0
		endloop
	endfacet
	facet normal 0 0 -1
		outer loop
			vertex 0.038100000470876694 -0.04762500151991844 0
			vertex -0.00400073966011405 -0.04708746448159218 0
			vertex 0.01602499932050705 -0.045099999755620956 0
		endloop
	endfacet
	facet normal 0 0 -1
		outer loop
			vertex 0.038100000470876694 -0.04762500151991844 0
			vertex 0.03407499939203262 -0.04401300102472305 0
			vertex 0.03418625891208649 -0.04400046542286873 0
		endloop
	endfacet
	facet normal 0 0 -1
		outer loop
			vertex 0.038100000470876694 -0.04762500151991844 0
			vertex 0.03418625891208649 -0.04400046542286873 0
			vertex 0.03429194167256355 -0.0439634844660759 0
		endloop
	endfacet
	facet normal 0 0 -1
		outer loop
			vertex 0.038100000470876694 -0.04762500151991844 0
			vertex -0.004112000111490488 -0.0471000000834465 0
			vertex -0.00400073966011405 -0.04708746448159218 0
		endloop
	endfacet
	facet normal 0 0 -1
		outer loop
			vertex 0.038100000470876694 -0.04762500151991844 0
			vertex 0.020075000822544098 -0.04401300102472305 0
			vertex 0.03407499939203262 -0.04401300102472305 0
		endloop
	endfacet
	facet normal 0 0 -1
		outer loop
			vertex 0.03438674658536911 -0.04390391707420349 0
			vertex 0.038100000470876694 -0.04762500151991844 0
			vertex 0.03429194167256355 -0.0439634844660759 0
		endloop
	endfacet
	facet normal 0 0 -1
		outer loop
			vertex 0.01641591638326645 -0.025861745700240135 0
			vertex 0.01641591638326645 -0.031288255006074905 0
			vertex 0.016336744651198387 -0.031209085136651993 0
		endloop
	endfacet
	facet normal 0 0 -1
		outer loop
			vertex 0.01641591638326645 -0.025861745700240135 0
			vertex 0.016336744651198387 -0.031209085136651993 0
			vertex 0.016336744651198387 -0.025940915569663048 0
		endloop
	endfacet
	facet normal 0 0 -1
		outer loop
			vertex -0.021684084087610245 0.012238254770636559 0
			vertex -0.021684084087610245 0.006811744999140501 0
			vertex -0.021763255819678307 0.006890915799885988 0
		endloop
	endfacet
	facet normal 0 0 -1
		outer loop
			vertex -0.021684084087610245 0.012238254770636559 0
			vertex -0.021763255819678307 0.006890915799885988 0
			vertex -0.021763255819678307 0.012159083969891071 0
		endloop
	endfacet
	facet normal 0 0 -1
		outer loop
			vertex 0.0027132551185786724 -0.012159083969891071 0
			vertex 0.002634084317833185 -0.012238254770636559 0
			vertex -0.002634084317833185 -0.012238254770636559 0
		endloop
	endfacet
	facet normal 0 0 -1
		outer loop
			vertex 0.03446591645479202 -0.04382474347949028 0
			vertex 0.038100000470876694 -0.04762500151991844 0
			vertex 0.03438674658536911 -0.04390391707420349 0
		endloop
	endfacet
	facet normal 0 0 -1
		outer loop
			vertex 0.016475483775138855 -0.025766942650079727 0
			vertex 0.016475483775138855 -0.03138305991888046 0
			vertex 0.01641591638326645 -0.031288255006074905 0
		endloop
	endfacet
	facet normal 0 0 -1
		outer loop
			vertex 0.016475483775138855 -0.025766942650079727 0
			vertex 0.01641591638326645 -0.031288255006074905 0
			vertex 0.01641591638326645 -0.025861745700240135 0
		endloop
	endfacet
	facet normal 0 0 -1
		outer loop
			vertex 0.03452548384666443 -0.04372994229197502 0
			vertex 0.038100000470876694 -0.04762500151991844 0
			vertex 0.03446591645479202 -0.04382474347949028 0
		endloop
	endfacet
	facet normal 0 0 -1
		outer loop
			vertex 0.03456246480345726 -0.043624259531497955 0
			vertex 0.038100000470876694 -0.04762500151991844 0
			vertex 0.03452548384666443 -0.04372994229197502 0
		endloop
	endfacet
	facet normal 0 0 -1
		outer loop
			vertex 0.034575000405311584 -0.04351300001144409 0
			vertex 0.038100000470876694 -0.04762500151991844 0
			vertex 0.03456246480345726 -0.043624259531497955 0
		endloop
	endfacet
	facet normal 0 0 -1
		outer loop
			vertex -0.01641591638326645 0.012238254770636559 0
			vertex -0.016336744651198387 0.012159083969891071 0
			vertex -0.016336744651198387 0.006890915799885988 0
		endloop
	endfacet
	facet normal 0 0 -1
		outer loop
			vertex -0.01641591638326645 0.012238254770636559 0
			vertex -0.01641591638326645 0.006811744999140501 0
			vertex -0.021684084087610245 0.006811744999140501 0
		endloop
	endfacet
	facet normal 0 0 -1
		outer loop
			vertex -0.01641591638326645 0.012238254770636559 0
			vertex -0.021684084087610245 0.006811744999140501 0
			vertex -0.021684084087610245 0.012238254770636559 0
		endloop
	endfacet
	facet normal 0 0 -1
		outer loop
			vertex -0.01641591638326645 0.012238254770636559 0
			vertex -0.016336744651198387 0.006890915799885988 0
			vertex -0.01641591638326645 0.006811744999140501 0
		endloop
	endfacet
	facet normal 0 0 -1
		outer loop
			vertex 0.0027132551185786724 -0.006890915799885988 0
			vertex -0.002634084317833185 -0.006811744999140501 0
			vertex 0.002634084317833185 -0.006811744999140501 0
		endloop
	endfacet
	facet normal 0 0 -1
		outer loop
			vertex 0.0027132551185786724 -0.006890915799885988 0
			vertex -0.0027132551185786724 -0.012159083969891071 0
			vertex -0.0027132551185786724 -0.006890915799885988 0
		endloop
	endfacet
	facet normal 0 0 -1
		outer loop
			vertex 0.0027132551185786724 -0.006890915799885988 0
			vertex -0.002634084317833185 -0.012238254770636559 0
			vertex -0.0027132551185786724 -0.012159083969891071 0
		endloop
	endfacet
	facet normal 0 0 -1
		outer loop
			vertex 0.0027132551185786724 -0.006890915799885988 0
			vertex 0.0027132551185786724 -0.012159083969891071 0
			vertex -0.002634084317833185 -0.012238254770636559 0
		endloop
	endfacet
	facet normal 0 0 -1
		outer loop
			vertex 0.0027132551185786724 -0.006890915799885988 0
			vertex -0.0027132551185786724 -0.006890915799885988 0
			vertex -0.002634084317833185 -0.006811744999140501 0
		endloop
	endfacet
	facet normal 0 0 -1
		outer loop
			vertex -0.035386744886636734 0.031209085136651993 0
			vertex -0.03546591475605965 0.025861745700240135 0
			vertex -0.03546591475605965 0.031288255006074905 0
		endloop
	endfacet
	facet normal 0 0 -1
		outer loop
			vertex -0.035386744886636734 0.031209085136651993 0
			vertex -0.035386744886636734 0.025940915569663048 0
			vertex -0.03546591475605965 0.025861745700240135 0
		endloop
	endfacet
	facet normal 0 0 -1
		outer loop
			vertex -0.01624194160103798 0.01209951564669609 0
			vertex -0.016336744651198387 0.006890915799885988 0
			vertex -0.016336744651198387 0.012159083969891071 0
		endloop
	endfacet
	facet normal 0 0 -1
		outer loop
			vertex -0.01624194160103798 0.01209951564669609 0
			vertex -0.01624194160103798 0.006950484588742256 0
			vertex -0.016336744651198387 0.006890915799885988 0
		endloop
	endfacet
	facet normal 0 0 -1
		outer loop
			vertex -0.035291943699121475 0.031149515882134438 0
			vertex -0.035386744886636734 0.025940915569663048 0
			vertex -0.035386744886636734 0.031209085136651993 0
		endloop
	endfacet
	facet normal 0 0 -1
		outer loop
			vertex -0.035291943699121475 0.031149515882134438 0
			vertex -0.035291943699121475 0.026000484824180603 0
			vertex -0.035386744886636734 0.025940915569663048 0
		endloop
	endfacet
	facet normal 0 0 -1
		outer loop
			vertex 0.0025745155289769173 -0.006716941948980093 0
			vertex 0.002634084317833185 -0.006811744999140501 0
			vertex -0.002634084317833185 -0.006811744999140501 0
		endloop
	endfacet
	facet normal 0 0 -1
		outer loop
			vertex 0.0025745155289769173 -0.006716941948980093 0
			vertex -0.002634084317833185 -0.006811744999140501 0
			vertex -0.0025745155289769173 -0.006716941948980093 0
		endloop
	endfacet
	facet normal 0 0 -1
		outer loop
			vertex -0.016475483775138855 0.012333057820796967 0
			vertex -0.021684084087610245 0.012238254770636559 0
			vertex -0.02162451483309269 0.012333057820796967 0
		endloop
	endfacet
	facet normal 0 0 -1
		outer loop
			vertex -0.016475483775138855 0.012333057820796967 0
			vertex -0.01641591638326645 0.012238254770636559 0
			vertex -0.021684084087610245 0.012238254770636559 0
		endloop
	endfacet
	facet normal 0 0 -1
		outer loop
			vertex 0.0028080581687390804 -0.006950484588742256 0
			vertex 0.0028080581687390804 -0.01209951564669609 0
			vertex 0.0027132551185786724 -0.012159083969891071 0
		endloop
	endfacet
	facet normal 0 0 -1
		outer loop
			vertex 0.0028080581687390804 -0.006950484588742256 0
			vertex 0.0027132551185786724 -0.012159083969891071 0
			vertex 0.0027132551185786724 -0.006890915799885988 0
		endloop
	endfacet
	facet normal 0 0 -1
		outer loop
			vertex -0.03552548587322235 0.03138305991888046 0
			vertex -0.03546591475605965 0.031288255006074905 0
			vertex -0.03546591475605965 0.025861745700240135 0
		endloop
	endfacet
	facet normal 0 0 -1
		outer loop
			vertex -0.03552548587322235 0.03138305991888046 0
			vertex -0.03546591475605965 0.025861745700240135 0
			vertex -0.03552548587322235 0.025766942650079727 0
		endloop
	endfacet
	facet normal 0 0 -1
		outer loop
			vertex 0.0029137395322322845 -0.006987464148551226 0
			vertex 0.0029137395322322845 -0.012062535621225834 0
			vertex 0.0028080581687390804 -0.01209951564669609 0
		endloop
	endfacet
	facet normal 0 0 -1
		outer loop
			vertex 0.0029137395322322845 -0.006987464148551226 0
			vertex 0.0028080581687390804 -0.01209951564669609 0
			vertex 0.0028080581687390804 -0.006950484588742256 0
		endloop
	endfacet
	facet normal 0 0 -1
		outer loop
			vertex 0.0025375359691679478 -0.006611260585486889 0
			vertex 0.0025745155289769173 -0.006716941948980093 0
			vertex -0.0025745155289769173 -0.006716941948980093 0
		endloop
	endfacet
	facet normal 0 0 -1
		outer loop
			vertex 0.0025375359691679478 -0.006611260585486889 0
			vertex -0.0025745155289769173 -0.006716941948980093 0
			vertex -0.0025375359691679478 -0.006611260585486889 0
		endloop
	endfacet
	facet normal 0 0 -1
		outer loop
			vertex -0.035562463104724884 0.03148873895406723 0
			vertex -0.03552548587322235 0.03138305991888046 0
			vertex -0.03552548587322235 0.025766942650079727 0
		endloop
	endfacet
	facet normal 0 0 -1
		outer loop
			vertex -0.035562463104724884 0.03148873895406723 0
			vertex -0.03552548587322235 0.025766942650079727 0
			vertex -0.035562463104724884 0.02566125988960266 0
		endloop
	endfacet
	facet normal 0 0 -1
		outer loop
			vertex -0.016512464731931686 0.012438739649951458 0
			vertex -0.016475483775138855 0.012333057820796967 0
			vertex -0.02162451483309269 0.012333057820796967 0
		endloop
	endfacet
	facet normal 0 0 -1
		outer loop
			vertex -0.016512464731931686 0.012438739649951458 0
			vertex -0.02162451483309269 0.012333057820796967 0
			vertex -0.021587535738945007 0.012438739649951458 0
		endloop
	endfacet
	facet normal 0 0 -1
		outer loop
			vertex -0.03518626093864441 0.031112536787986755 0
			vertex -0.035291943699121475 0.026000484824180603 0
			vertex -0.035291943699121475 0.031149515882134438 0
		endloop
	endfacet
	facet normal 0 0 -1
		outer loop
			vertex -0.03518626093864441 0.031112536787986755 0
			vertex -0.03518626093864441 0.026037463918328285 0
			vertex -0.035291943699121475 0.026000484824180603 0
		endloop
	endfacet
	facet normal 0 0 -1
		outer loop
			vertex -0.016136260703206062 0.012062535621225834 0
			vertex -0.01624194160103798 0.006950484588742256 0
			vertex -0.01624194160103798 0.01209951564669609 0
		endloop
	endfacet
	facet normal 0 0 -1
		outer loop
			vertex -0.016136260703206062 0.012062535621225834 0
			vertex -0.016136260703206062 0.006987464148551226 0
			vertex -0.01624194160103798 0.006950484588742256 0
		endloop
	endfacet
	facet normal 0 0 -1
		outer loop
			vertex 0.002524999901652336 -0.006500000134110451 0
			vertex 0.0025375359691679478 -0.006611260585486889 0
			vertex -0.0025375359691679478 -0.006611260585486889 0
		endloop
	endfacet
	facet normal 0 0 -1
		outer loop
			vertex 0.002524999901652336 -0.006500000134110451 0
			vertex -0.0025375359691679478 -0.006611260585486889 0
			vertex -0.002524999901652336 -0.006500000134110451 0
		endloop
	endfacet
	facet normal 0 0 -1
		outer loop
			vertex 0.0030249999836087227 -0.007000000216066837 0
			vertex 0.0030249999836087227 -0.01205000001937151 0
			vertex 0.0029137395322322845 -0.012062535621225834 0
		endloop
	endfacet
	facet normal 0 0 -1
		outer loop
			vertex 0.0030249999836087227 -0.007000000216066837 0
			vertex 0.0029137395322322845 -0.012062535621225834 0
			vertex 0.0029137395322322845 -0.006987464148551226 0
		endloop
	endfacet
	facet normal 0 0 -1
		outer loop
			vertex -0.01652500033378601 0.012550000101327896 0
			vertex -0.021587535738945007 0.012438739649951458 0
			vertex -0.021575000137090683 0.012550000101327896 0
		endloop
	endfacet
	facet normal 0 0 -1
		outer loop
			vertex -0.01652500033378601 0.012550000101327896 0
			vertex -0.016512464731931686 0.012438739649951458 0
			vertex -0.021587535738945007 0.012438739649951458 0
		endloop
	endfacet
	facet normal 0 0 -1
		outer loop
			vertex -0.01602499932050705 0.01205000001937151 0
			vertex -0.016136260703206062 0.006987464148551226 0
			vertex -0.016136260703206062 0.012062535621225834 0
		endloop
	endfacet
	facet normal 0 0 -1
		outer loop
			vertex -0.01602499932050705 0.01205000001937151 0
			vertex -0.01602499932050705 0.007000000216066837 0
			vertex -0.016136260703206062 0.006987464148551226 0
		endloop
	endfacet
	facet normal 0 0 -1
		outer loop
			vertex -0.03557499870657921 0.031599998474121094 0
			vertex -0.035562463104724884 0.03148873895406723 0
			vertex -0.035562463104724884 0.02566125988960266 0
		endloop
	endfacet
	facet normal 0 0 -1
		outer loop
			vertex -0.03557499870657921 0.031599998474121094 0
			vertex -0.035562463104724884 0.02566125988960266 0
			vertex -0.03557499870657921 0.025550000369548798 0
		endloop
	endfacet
	facet normal 0 0 -1
		outer loop
			vertex -0.035075001418590546 0.031099999323487282 0
			vertex -0.03518626093864441 0.026037463918328285 0
			vertex -0.03518626093864441 0.031112536787986755 0
		endloop
	endfacet
	facet normal 0 0 -1
		outer loop
			vertex -0.035075001418590546 0.031099999323487282 0
			vertex -0.035075001418590546 0.02604999952018261 0
			vertex -0.03518626093864441 0.026037463918328285 0
		endloop
	endfacet
	facet normal 0 0 -1
		outer loop
			vertex 0.034575000405311584 -0.03751299902796745 0
			vertex 0.038100000470876694 -0.04762500151991844 0
			vertex 0.034575000405311584 -0.04351300001144409 0
		endloop
	endfacet
	facet normal 0 0 -1
		outer loop
			vertex 0.021575000137090683 -0.022074999287724495 0
			vertex 0.016475483775138855 -0.03138305991888046 0
			vertex 0.016475483775138855 -0.025766942650079727 0
		endloop
	endfacet
	facet normal 0 0 -1
		outer loop
			vertex 0.021575000137090683 -0.022074999287724495 0
			vertex 0.021575000137090683 -0.035075001418590546 0
			vertex 0.016475483775138855 -0.03138305991888046 0
		endloop
	endfacet
	facet normal 0 0 -1
		outer loop
			vertex 0.021575000137090683 -0.022074999287724495 0
			vertex 0.016475483775138855 -0.025766942650079727 0
			vertex 0.016512464731931686 -0.02566125988960266 0
		endloop
	endfacet
	facet normal 0 0 -1
		outer loop
			vertex 0.021575000137090683 -0.022074999287724495 0
			vertex 0.016512464731931686 -0.02566125988960266 0
			vertex 0.01652500033378601 -0.025550000369548798 0
		endloop
	endfacet
	facet normal 0 0 -1
		outer loop
			vertex 0.035075001418590546 -0.03557499870657921 0
			vertex 0.03446591645479202 -0.037201255559921265 0
			vertex 0.03438674658536911 -0.03712208569049835 0
		endloop
	endfacet
	facet normal 0 0 -1
		outer loop
			vertex 0.035075001418590546 -0.03557499870657921 0
			vertex 0.03438674658536911 -0.03712208569049835 0
			vertex 0.03429194167256355 -0.03706251457333565 0
		endloop
	endfacet
	facet normal 0 0 -1
		outer loop
			vertex 0.035075001418590546 -0.03557499870657921 0
			vertex 0.03429194167256355 -0.03706251457333565 0
			vertex 0.03418625891208649 -0.037025537341833115 0
		endloop
	endfacet
	facet normal 0 0 -1
		outer loop
			vertex 0.035075001418590546 -0.03557499870657921 0
			vertex 0.03418625891208649 -0.037025537341833115 0
			vertex 0.03407499939203262 -0.03701300173997879 0
		endloop
	endfacet
	facet normal 0 0 -1
		outer loop
			vertex 0.035075001418590546 -0.03557499870657921 0
			vertex 0.03407499939203262 -0.03701300173997879 0
			vertex 0.022074999287724495 -0.03557499870657921 0
		endloop
	endfacet
	facet normal 0 0 -1
		outer loop
			vertex 0.03518626093864441 -0.035562463104724884 0
			vertex 0.03452548384666443 -0.03729605674743652 0
			vertex 0.03446591645479202 -0.037201255559921265 0
		endloop
	endfacet
	facet normal 0 0 -1
		outer loop
			vertex 0.03518626093864441 -0.035562463104724884 0
			vertex 0.03446591645479202 -0.037201255559921265 0
			vertex 0.035075001418590546 -0.03557499870657921 0
		endloop
	endfacet
	facet normal 0 0 -1
		outer loop
			vertex 0.01976325549185276 -0.02002791501581669 0
			vertex 0.01652500033378601 -0.025550000369548798 0
			vertex 0.0196840837597847 -0.019948745146393776 0
		endloop
	endfacet
	facet normal 0 0 -1
		outer loop
			vertex 0.035291943699121475 -0.03552548587322235 0
			vertex 0.03456246480345726 -0.03740173950791359 0
			vertex 0.03452548384666443 -0.03729605674743652 0
		endloop
	endfacet
	facet normal 0 0 -1
		outer loop
			vertex 0.035291943699121475 -0.03552548587322235 0
			vertex 0.03452548384666443 -0.03729605674743652 0
			vertex 0.03518626093864441 -0.035562463104724884 0
		endloop
	endfacet
	facet normal 0 0 -1
		outer loop
			vertex 0.019624516367912292 -0.019853942096233368 0
			vertex 0.0196840837597847 -0.019948745146393776 0
			vertex 0.01652500033378601 -0.025550000369548798 0
		endloop
	endfacet
	facet normal 0 0 -1
		outer loop
			vertex 0.01985805854201317 -0.020087484270334244 0
			vertex 0.021575000137090683 -0.022074999287724495 0
			vertex 0.01652500033378601 -0.025550000369548798 0
		endloop
	endfacet
	facet normal 0 0 -1
		outer loop
			vertex 0.01985805854201317 -0.020087484270334244 0
			vertex 0.01652500033378601 -0.025550000369548798 0
			vertex 0.01976325549185276 -0.02002791501581669 0
		endloop
	endfacet
	facet normal 0 0 -1
		outer loop
			vertex 0.019963739439845085 -0.020124463364481926 0
			vertex 0.021575000137090683 -0.022074999287724495 0
			vertex 0.01985805854201317 -0.020087484270334244 0
		endloop
	endfacet
	facet normal 0 0 -1
		outer loop
			vertex 0.01958753541111946 -0.01974826119840145 0
			vertex 0.019624516367912292 -0.019853942096233368 0
			vertex 0.01652500033378601 -0.025550000369548798 0
		endloop
	endfacet
	facet normal 0 0 -1
		outer loop
			vertex 0.035386744886636734 -0.03546591475605965 0
			vertex 0.034575000405311584 -0.03751299902796745 0
			vertex 0.03456246480345726 -0.03740173950791359 0
		endloop
	endfacet
	facet normal 0 0 -1
		outer loop
			vertex 0.035386744886636734 -0.03546591475605965 0
			vertex 0.03456246480345726 -0.03740173950791359 0
			vertex 0.035291943699121475 -0.03552548587322235 0
		endloop
	endfacet
	facet normal 0 0 -1
		outer loop
			vertex 0.019574999809265137 -0.01963699981570244 0
			vertex 0.01958753541111946 -0.01974826119840145 0
			vertex 0.01652500033378601 -0.025550000369548798 0
		endloop
	endfacet
	facet normal 0 0 -1
		outer loop
			vertex 0.020075000822544098 -0.0201370008289814 0
			vertex 0.021684084087610245 -0.021763255819678307 0
			vertex 0.02162451483309269 -0.021858058869838715 0
		endloop
	endfacet
	facet normal 0 0 -1
		outer loop
			vertex 0.020075000822544098 -0.0201370008289814 0
			vertex 0.02162451483309269 -0.021858058869838715 0
			vertex 0.021587535738945007 -0.02196373976767063 0
		endloop
	endfacet
	facet normal 0 0 -1
		outer loop
			vertex 0.020075000822544098 -0.0201370008289814 0
			vertex 0.021587535738945007 -0.02196373976767063 0
			vertex 0.021575000137090683 -0.022074999287724495 0
		endloop
	endfacet
	facet normal 0 0 -1
		outer loop
			vertex 0.020075000822544098 -0.0201370008289814 0
			vertex 0.021575000137090683 -0.022074999287724495 0
			vertex 0.019963739439845085 -0.020124463364481926 0
		endloop
	endfacet
	facet normal 0 0 -1
		outer loop
			vertex 0.021763255819678307 -0.021684084087610245 0
			vertex 0.021684084087610245 -0.021763255819678307 0
			vertex 0.020075000822544098 -0.0201370008289814 0
		endloop
	endfacet
	facet normal 0 0 -1
		outer loop
			vertex 0.03546591475605965 -0.035386744886636734 0
			vertex 0.034575000405311584 -0.03751299902796745 0
			vertex 0.035386744886636734 -0.03546591475605965 0
		endloop
	endfacet
	facet normal 0 0 -1
		outer loop
			vertex 0.03552548587322235 -0.035291943699121475 0
			vertex 0.038100000470876694 -0.04762500151991844 0
			vertex 0.034575000405311584 -0.03751299902796745 0
		endloop
	endfacet
	facet normal 0 0 -1
		outer loop
			vertex 0.03552548587322235 -0.035291943699121475 0
			vertex 0.034575000405311584 -0.03751299902796745 0
			vertex 0.03546591475605965 -0.035386744886636734 0
		endloop
	endfacet
	facet normal 0 0 -1
		outer loop
			vertex 0.021858058869838715 -0.02162451483309269 0
			vertex 0.021763255819678307 -0.021684084087610245 0
			vertex 0.020075000822544098 -0.0201370008289814 0
		endloop
	endfacet
	facet normal 0 0 -1
		outer loop
			vertex 0.035562463104724884 -0.03518626093864441 0
			vertex 0.038100000470876694 -0.04762500151991844 0
			vertex 0.03552548587322235 -0.035291943699121475 0
		endloop
	endfacet
	facet normal 0 0 -1
		outer loop
			vertex 0.02196373976767063 -0.021587535738945007 0
			vertex 0.021858058869838715 -0.02162451483309269 0
			vertex 0.020075000822544098 -0.0201370008289814 0
		endloop
	endfacet
	facet normal 0 0 -1
		outer loop
			vertex 0.022074999287724495 -0.021575000137090683 0
			vertex 0.02196373976767063 -0.021587535738945007 0
			vertex 0.020075000822544098 -0.0201370008289814 0
		endloop
	endfacet
	facet normal 0 0 -1
		outer loop
			vertex 0.03557499870657921 -0.035075001418590546 0
			vertex 0.038100000470876694 -0.04762500151991844 0
			vertex 0.035562463104724884 -0.03518626093864441 0
		endloop
	endfacet
	facet normal 0 0 -1
		outer loop
			vertex 0.01652500033378601 -0.012550000101327896 0
			vertex 0.019574999809265137 -0.01963699981570244 0
			vertex 0.01652500033378601 -0.025550000369548798 0
		endloop
	endfacet
	facet normal 0 0 -1
		outer loop
			vertex 0.019574999809265137 -0.013636999763548374 0
			vertex 0.019574999809265137 -0.01963699981570244 0
			vertex 0.01652500033378601 -0.012550000101327896 0
		endloop
	endfacet
	facet normal 0 0 -1
		outer loop
			vertex 0.01958753541111946 -0.013525739312171936 0
			vertex 0.019574999809265137 -0.013636999763548374 0
			vertex 0.01652500033378601 -0.012550000101327896 0
		endloop
	endfacet
	facet normal 0 0 -1
		outer loop
			vertex 0.019624516367912292 -0.01342005841434002 0
			vertex 0.01958753541111946 -0.013525739312171936 0
			vertex 0.01652500033378601 -0.012550000101327896 0
		endloop
	endfacet
	facet normal 0 0 -1
		outer loop
			vertex 0.0196840837597847 -0.013325255364179611 0
			vertex 0.019624516367912292 -0.01342005841434002 0
			vertex 0.01652500033378601 -0.012550000101327896 0
		endloop
	endfacet
	facet normal 0 0 -1
		outer loop
			vertex 0.0196840837597847 -0.013325255364179611 0
			vertex 0.01652500033378601 -0.012550000101327896 0
			vertex 0.016512464731931686 -0.012438739649951458 0
		endloop
	endfacet
	facet normal 0 0 -1
		outer loop
			vertex 0.01976325549185276 -0.013246084563434124 0
			vertex 0.0196840837597847 -0.013325255364179611 0
			vertex 0.016512464731931686 -0.012438739649951458 0
		endloop
	endfacet
	facet normal 0 0 -1
		outer loop
			vertex 0.01976325549185276 -0.013246084563434124 0
			vertex 0.016512464731931686 -0.012438739649951458 0
			vertex 0.016475483775138855 -0.012333057820796967 0
		endloop
	endfacet
	facet normal 0 0 -1
		outer loop
			vertex 0.01985805854201317 -0.013186515308916569 0
			vertex 0.01976325549185276 -0.013246084563434124 0
			vertex 0.016475483775138855 -0.012333057820796967 0
		endloop
	endfacet
	facet normal 0 0 -1
		outer loop
			vertex 0.01985805854201317 -0.013186515308916569 0
			vertex 0.016475483775138855 -0.012333057820796967 0
			vertex 0.01641591638326645 -0.012238254770636559 0
		endloop
	endfacet
	facet normal 0 0 -1
		outer loop
			vertex 0.019963739439845085 -0.013149536214768887 0
			vertex 0.01985805854201317 -0.013186515308916569 0
			vertex 0.01641591638326645 -0.012238254770636559 0
		endloop
	endfacet
	facet normal 0 0 -1
		outer loop
			vertex 0.019963739439845085 -0.013149536214768887 0
			vertex 0.01641591638326645 -0.012238254770636559 0
			vertex 0.016336744651198387 -0.012159083969891071 0
		endloop
	endfacet
	facet normal 0 0 -1
		outer loop
			vertex 0.002524999901652336 0.006500000134110451 0
			vertex 0.002524999901652336 -0.006500000134110451 0
			vertex -0.002524999901652336 -0.006500000134110451 0
		endloop
	endfacet
	facet normal 0 0 -1
		outer loop
			vertex 0.002524999901652336 0.006500000134110451 0
			vertex -0.002524999901652336 -0.006500000134110451 0
			vertex -0.002524999901652336 0.006500000134110451 0
		endloop
	endfacet
	facet normal 0 0 -1
		outer loop
			vertex 0.01602499932050705 -0.007000000216066837 0
			vertex 0.0030249999836087227 -0.01205000001937151 0
			vertex 0.0030249999836087227 -0.007000000216066837 0
		endloop
	endfacet
	facet normal 0 0 -1
		outer loop
			vertex 0.01602499932050705 -0.007000000216066837 0
			vertex 0.01602499932050705 -0.01205000001937151 0
			vertex 0.0030249999836087227 -0.01205000001937151 0
		endloop
	endfacet
	facet normal 0 0 -1
		outer loop
			vertex -0.0030249999836087227 0.01205000001937151 0
			vertex -0.01602499932050705 0.007000000216066837 0
			vertex -0.01602499932050705 0.01205000001937151 0
		endloop
	endfacet
	facet normal 0 0 -1
		outer loop
			vertex -0.0030249999836087227 0.01205000001937151 0
			vertex -0.0030249999836087227 0.007000000216066837 0
			vertex -0.01602499932050705 0.007000000216066837 0
		endloop
	endfacet
	facet normal 0 0 -1
		outer loop
			vertex -0.022074999287724495 0.031099999323487282 0
			vertex -0.022074999287724495 0.02604999952018261 0
			vertex -0.035075001418590546 0.02604999952018261 0
		endloop
	endfacet
	facet normal 0 0 -1
		outer loop
			vertex -0.022074999287724495 0.031099999323487282 0
			vertex -0.035075001418590546 0.02604999952018261 0
			vertex -0.035075001418590546 0.031099999323487282 0
		endloop
	endfacet
	facet normal 0 0 -1
		outer loop
			vertex -0.01652500033378601 0.025550000369548798 0
			vertex -0.021575000137090683 0.012550000101327896 0
			vertex -0.021575000137090683 0.025550000369548798 0
		endloop
	endfacet
	facet normal 0 0 -1
		outer loop
			vertex -0.01652500033378601 0.025550000369548798 0
			vertex -0.01652500033378601 0.012550000101327896 0
			vertex -0.021575000137090683 0.012550000101327896 0
		endloop
	endfacet
	facet normal 0 0 -1
		outer loop
			vertex 0.016136260703206062 -0.006987464148551226 0
			vertex 0.01602499932050705 -0.01205000001937151 0
			vertex 0.01602499932050705 -0.007000000216066837 0
		endloop
	endfacet
	facet normal 0 0 -1
		outer loop
			vertex 0.016136260703206062 -0.006987464148551226 0
			vertex 0.016136260703206062 -0.012062535621225834 0
			vertex 0.01602499932050705 -0.01205000001937151 0
		endloop
	endfacet
	facet normal 0 0 -1
		outer loop
			vertex 0.0025375359691679478 0.006611260585486889 0
			vertex 0.002524999901652336 0.006500000134110451 0
			vertex -0.002524999901652336 0.006500000134110451 0
		endloop
	endfacet
	facet normal 0 0 -1
		outer loop
			vertex 0.0025375359691679478 0.006611260585486889 0
			vertex -0.002524999901652336 0.006500000134110451 0
			vertex -0.0025375359691679478 0.006611260585486889 0
		endloop
	endfacet
	facet normal 0 0 -1
		outer loop
			vertex -0.016512464731931686 0.02566125988960266 0
			vertex -0.021575000137090683 0.025550000369548798 0
			vertex -0.021587535738945007 0.02566125988960266 0
		endloop
	endfacet
	facet normal 0 0 -1
		outer loop
			vertex -0.016512464731931686 0.02566125988960266 0
			vertex -0.01652500033378601 0.025550000369548798 0
			vertex -0.021575000137090683 0.025550000369548798 0
		endloop
	endfacet
	facet normal 0 0 -1
		outer loop
			vertex -0.0029137395322322845 0.012062535621225834 0
			vertex -0.0029137395322322845 0.006987464148551226 0
			vertex -0.0030249999836087227 0.007000000216066837 0
		endloop
	endfacet
	facet normal 0 0 -1
		outer loop
			vertex -0.0029137395322322845 0.012062535621225834 0
			vertex -0.0030249999836087227 0.007000000216066837 0
			vertex -0.0030249999836087227 0.01205000001937151 0
		endloop
	endfacet
	facet normal 0 0 -1
		outer loop
			vertex -0.02196373976767063 0.031112536787986755 0
			vertex -0.02196373976767063 0.026037463918328285 0
			vertex -0.022074999287724495 0.02604999952018261 0
		endloop
	endfacet
	facet normal 0 0 -1
		outer loop
			vertex -0.02196373976767063 0.031112536787986755 0
			vertex -0.022074999287724495 0.02604999952018261 0
			vertex -0.022074999287724495 0.031099999323487282 0
		endloop
	endfacet
	facet normal 0 0 -1
		outer loop
			vertex 0.01624194160103798 -0.006950484588742256 0
			vertex 0.01624194160103798 -0.01209951564669609 0
			vertex 0.016136260703206062 -0.012062535621225834 0
		endloop
	endfacet
	facet normal 0 0 -1
		outer loop
			vertex 0.01624194160103798 -0.006950484588742256 0
			vertex 0.016136260703206062 -0.012062535621225834 0
			vertex 0.016136260703206062 -0.006987464148551226 0
		endloop
	endfacet
	facet normal 0 0 -1
		outer loop
			vertex 0.0025745155289769173 0.006716941948980093 0
			vertex -0.0025375359691679478 0.006611260585486889 0
			vertex -0.0025745155289769173 0.006716941948980093 0
		endloop
	endfacet
	facet normal 0 0 -1
		outer loop
			vertex 0.0025745155289769173 0.006716941948980093 0
			vertex 0.0025375359691679478 0.006611260585486889 0
			vertex -0.0025375359691679478 0.006611260585486889 0
		endloop
	endfacet
	facet normal 0 0 -1
		outer loop
			vertex -0.016475483775138855 0.025766942650079727 0
			vertex -0.016512464731931686 0.02566125988960266 0
			vertex -0.021587535738945007 0.02566125988960266 0
		endloop
	endfacet
	facet normal 0 0 -1
		outer loop
			vertex -0.016475483775138855 0.025766942650079727 0
			vertex -0.021587535738945007 0.02566125988960266 0
			vertex -0.02162451483309269 0.025766942650079727 0
		endloop
	endfacet
	facet normal 0 0 -1
		outer loop
			vertex -0.0028080581687390804 0.01209951564669609 0
			vertex -0.0028080581687390804 0.006950484588742256 0
			vertex -0.0029137395322322845 0.006987464148551226 0
		endloop
	endfacet
	facet normal 0 0 -1
		outer loop
			vertex -0.0028080581687390804 0.01209951564669609 0
			vertex -0.0029137395322322845 0.006987464148551226 0
			vertex -0.0029137395322322845 0.012062535621225834 0
		endloop
	endfacet
	facet normal 0 0 -1
		outer loop
			vertex -0.021858058869838715 0.031149515882134438 0
			vertex -0.021858058869838715 0.026000484824180603 0
			vertex -0.02196373976767063 0.026037463918328285 0
		endloop
	endfacet
	facet normal 0 0 -1
		outer loop
			vertex -0.021858058869838715 0.031149515882134438 0
			vertex -0.02196373976767063 0.026037463918328285 0
			vertex -0.02196373976767063 0.031112536787986755 0
		endloop
	endfacet
	facet normal 0 0 -1
		outer loop
			vertex 0.002634084317833185 0.006811744999140501 0
			vertex 0.0025745155289769173 0.006716941948980093 0
			vertex -0.0025745155289769173 0.006716941948980093 0
		endloop
	endfacet
	facet normal 0 0 -1
		outer loop
			vertex 0.002634084317833185 0.006811744999140501 0
			vertex -0.0025745155289769173 0.006716941948980093 0
			vertex -0.002634084317833185 0.006811744999140501 0
		endloop
	endfacet
	facet normal 0 0 -1
		outer loop
			vertex 0.016336744651198387 -0.006890915799885988 0
			vertex 0.016336744651198387 -0.012159083969891071 0
			vertex 0.01624194160103798 -0.01209951564669609 0
		endloop
	endfacet
	facet normal 0 0 -1
		outer loop
			vertex 0.016336744651198387 -0.006890915799885988 0
			vertex 0.01624194160103798 -0.01209951564669609 0
			vertex 0.01624194160103798 -0.006950484588742256 0
		endloop
	endfacet
	facet normal 0 0 -1
		outer loop
			vertex -0.01641591638326645 0.025861745700240135 0
			vertex -0.02162451483309269 0.025766942650079727 0
			vertex -0.021684084087610245 0.025861745700240135 0
		endloop
	endfacet
	facet normal 0 0 -1
		outer loop
			vertex -0.01641591638326645 0.025861745700240135 0
			vertex -0.016475483775138855 0.025766942650079727 0
			vertex -0.02162451483309269 0.025766942650079727 0
		endloop
	endfacet
	facet normal 0 0 -1
		outer loop
			vertex -0.0027132551185786724 0.012159083969891071 0
			vertex -0.0027132551185786724 0.006890915799885988 0
			vertex -0.0028080581687390804 0.006950484588742256 0
		endloop
	endfacet
	facet normal 0 0 -1
		outer loop
			vertex -0.0027132551185786724 0.012159083969891071 0
			vertex -0.0028080581687390804 0.006950484588742256 0
			vertex -0.0028080581687390804 0.01209951564669609 0
		endloop
	endfacet
	facet normal 0 0 -1
		outer loop
			vertex -0.021763255819678307 0.031209085136651993 0
			vertex -0.021763255819678307 0.025940915569663048 0
			vertex -0.021858058869838715 0.026000484824180603 0
		endloop
	endfacet
	facet normal 0 0 -1
		outer loop
			vertex -0.021763255819678307 0.031209085136651993 0
			vertex -0.021858058869838715 0.026000484824180603 0
			vertex -0.021858058869838715 0.031149515882134438 0
		endloop
	endfacet
	facet normal 0 0 -1
		outer loop
			vertex -0.038100000470876694 0.04762500151991844 0
			vertex -0.03557499870657921 0.044599998742341995 0
			vertex -0.03557499870657921 0.031599998474121094 0
		endloop
	endfacet
	facet normal 0 0 -1
		outer loop
			vertex -0.038100000470876694 0.04762500151991844 0
			vertex -0.03546591475605965 0.04491174593567848 0
			vertex -0.03552548587322235 0.044816941022872925 0
		endloop
	endfacet
	facet normal 0 0 -1
		outer loop
			vertex -0.038100000470876694 0.04762500151991844 0
			vertex -0.03552548587322235 0.044816941022872925 0
			vertex -0.035562463104724884 0.04471126198768616 0
		endloop
	endfacet
	facet normal 0 0 -1
		outer loop
			vertex -0.038100000470876694 0.04762500151991844 0
			vertex -0.035562463104724884 0.04471126198768616 0
			vertex -0.03557499870657921 0.044599998742341995 0
		endloop
	endfacet
	facet normal 0 0 -1
		outer loop
			vertex -0.038100000470876694 0.04762500151991844 0
			vertex -0.03557499870657921 0.031599998474121094 0
			vertex -0.03557499870657921 0.025550000369548798 0
		endloop
	endfacet
	facet normal 0 0 -1
		outer loop
			vertex 0.0027132551185786724 0.006890915799885988 0
			vertex 0.002634084317833185 0.006811744999140501 0
			vertex -0.002634084317833185 0.006811744999140501 0
		endloop
	endfacet
	facet normal 0 0 -1
		outer loop
			vertex -0.002634084317833185 0.012238254770636559 0
			vertex -0.0027132551185786724 0.006890915799885988 0
			vertex -0.0027132551185786724 0.012159083969891071 0
		endloop
	endfacet
	facet normal 0 0 -1
		outer loop
			vertex -0.002634084317833185 0.012238254770636559 0
			vertex -0.002634084317833185 0.006811744999140501 0
			vertex -0.0027132551185786724 0.006890915799885988 0
		endloop
	endfacet
	facet normal 0 0 -1
		outer loop
			vertex -0.021684084087610245 0.031288255006074905 0
			vertex -0.021684084087610245 0.025861745700240135 0
			vertex -0.021763255819678307 0.025940915569663048 0
		endloop
	endfacet
	facet normal 0 0 -1
		outer loop
			vertex -0.021684084087610245 0.031288255006074905 0
			vertex -0.021763255819678307 0.025940915569663048 0
			vertex -0.021763255819678307 0.031209085136651993 0
		endloop
	endfacet
	facet normal 0 0 -1
		outer loop
			vertex -0.035386744886636734 0.044990915805101395 0
			vertex -0.03546591475605965 0.04491174593567848 0
			vertex -0.038100000470876694 0.04762500151991844 0
		endloop
	endfacet
	facet normal 0 0 -1
		outer loop
			vertex -0.035291943699121475 0.0450504831969738 0
			vertex -0.035386744886636734 0.044990915805101395 0
			vertex -0.038100000470876694 0.04762500151991844 0
		endloop
	endfacet
	facet normal 0 0 -1
		outer loop
			vertex -0.03518626093864441 0.04508746415376663 0
			vertex -0.035291943699121475 0.0450504831969738 0
			vertex -0.038100000470876694 0.04762500151991844 0
		endloop
	endfacet
	facet normal 0 0 -1
		outer loop
			vertex -0.035075001418590546 0.045099999755620956 0
			vertex -0.03518626093864441 0.04508746415376663 0
			vertex -0.038100000470876694 0.04762500151991844 0
		endloop
	endfacet
	facet normal 0 0 -1
		outer loop
			vertex 0.03557499870657921 -0.022074999287724495 0
			vertex 0.038100000470876694 -0.04762500151991844 0
			vertex 0.03557499870657921 -0.035075001418590546 0
		endloop
	endfacet
	facet normal 0 0 -1
		outer loop
			vertex 0.03407499939203262 -0.0201370008289814 0
			vertex 0.035075001418590546 -0.021575000137090683 0
			vertex 0.022074999287724495 -0.021575000137090683 0
		endloop
	endfacet
	facet normal 0 0 -1
		outer loop
			vertex 0.01976325549185276 -0.005803915672004223 0
			vertex 0.016475483775138855 -0.006716941948980093 0
			vertex 0.016512464731931686 -0.006611260585486889 0
		endloop
	endfacet
	facet normal 0 0 -1
		outer loop
			vertex 0.0196840837597847 -0.005724744871258736 0
			vertex 0.016512464731931686 -0.006611260585486889 0
			vertex 0.01652500033378601 -0.006500000134110451 0
		endloop
	endfacet
	facet normal 0 0 -1
		outer loop
			vertex 0.0196840837597847 -0.005724744871258736 0
			vertex 0.01976325549185276 -0.005803915672004223 0
			vertex 0.016512464731931686 -0.006611260585486889 0
		endloop
	endfacet
	facet normal 0 0 -1
		outer loop
			vertex 0.01985805854201317 -0.005863484460860491 0
			vertex 0.016475483775138855 -0.006716941948980093 0
			vertex 0.01976325549185276 -0.005803915672004223 0
		endloop
	endfacet
	facet normal 0 0 -1
		outer loop
			vertex 0.01985805854201317 -0.005863484460860491 0
			vertex 0.01641591638326645 -0.006811744999140501 0
			vertex 0.016475483775138855 -0.006716941948980093 0
		endloop
	endfacet
	facet normal 0 0 -1
		outer loop
			vertex 0.019624516367912292 -0.005629941821098328 0
			vertex 0.0196840837597847 -0.005724744871258736 0
			vertex 0.01652500033378601 -0.006500000134110451 0
		endloop
	endfacet
	facet normal 0 0 -1
		outer loop
			vertex 0.03418625891208649 -0.020124463364481926 0
			vertex 0.035075001418590546 -0.021575000137090683 0
			vertex 0.03407499939203262 -0.0201370008289814 0
		endloop
	endfacet
	facet normal 0 0 -1
		outer loop
			vertex 0.019963739439845085 -0.00590046402066946 0
			vertex 0.016336744651198387 -0.012159083969891071 0
			vertex 0.016336744651198387 -0.006890915799885988 0
		endloop
	endfacet
	facet normal 0 0 -1
		outer loop
			vertex 0.019963739439845085 -0.00590046402066946 0
			vertex 0.019963739439845085 -0.013149536214768887 0
			vertex 0.016336744651198387 -0.012159083969891071 0
		endloop
	endfacet
	facet normal 0 0 -1
		outer loop
			vertex 0.019963739439845085 -0.00590046402066946 0
			vertex 0.01641591638326645 -0.006811744999140501 0
			vertex 0.01985805854201317 -0.005863484460860491 0
		endloop
	endfacet
	facet normal 0 0 -1
		outer loop
			vertex 0.019963739439845085 -0.00590046402066946 0
			vertex 0.016336744651198387 -0.006890915799885988 0
			vertex 0.01641591638326645 -0.006811744999140501 0
		endloop
	endfacet
	facet normal 0 0 -1
		outer loop
			vertex 0.01958753541111946 -0.0055242604576051235 0
			vertex 0.019624516367912292 -0.005629941821098328 0
			vertex 0.01652500033378601 -0.006500000134110451 0
		endloop
	endfacet
	facet normal 0 0 -1
		outer loop
			vertex 0.019574999809265137 -0.005413000006228685 0
			vertex 0.01958753541111946 -0.0055242604576051235 0
			vertex 0.01652500033378601 -0.006500000134110451 0
		endloop
	endfacet
	facet normal 0 0 -1
		outer loop
			vertex 0.020075000822544098 -0.005913000088185072 0
			vertex 0.020075000822544098 -0.013136999681591988 0
			vertex 0.019963739439845085 -0.013149536214768887 0
		endloop
	endfacet
	facet normal 0 0 -1
		outer loop
			vertex 0.020075000822544098 -0.005913000088185072 0
			vertex 0.019963739439845085 -0.013149536214768887 0
			vertex 0.019963739439845085 -0.00590046402066946 0
		endloop
	endfacet
	facet normal 0 0 -1
		outer loop
			vertex 0.03429194167256355 -0.020087484270334244 0
			vertex 0.035075001418590546 -0.021575000137090683 0
			vertex 0.03418625891208649 -0.020124463364481926 0
		endloop
	endfacet
	facet normal 0 0 -1
		outer loop
			vertex 0.03438674658536911 -0.02002791501581669 0
			vertex 0.035075001418590546 -0.021575000137090683 0
			vertex 0.03429194167256355 -0.020087484270334244 0
		endloop
	endfacet
	facet normal 0 0 -1
		outer loop
			vertex 0.03446591645479202 -0.019948745146393776 0
			vertex 0.035075001418590546 -0.021575000137090683 0
			vertex 0.03438674658536911 -0.02002791501581669 0
		endloop
	endfacet
	facet normal 0 0 -1
		outer loop
			vertex 0.03446591645479202 -0.019948745146393776 0
			vertex 0.03518626093864441 -0.021587535738945007 0
			vertex 0.035075001418590546 -0.021575000137090683 0
		endloop
	endfacet
	facet normal 0 0 -1
		outer loop
			vertex 0.03452548384666443 -0.019853942096233368 0
			vertex 0.03518626093864441 -0.021587535738945007 0
			vertex 0.03446591645479202 -0.019948745146393776 0
		endloop
	endfacet
	facet normal 0 0 -1
		outer loop
			vertex 0.03452548384666443 -0.019853942096233368 0
			vertex 0.035291943699121475 -0.02162451483309269 0
			vertex 0.03518626093864441 -0.021587535738945007 0
		endloop
	endfacet
	facet normal 0 0 -1
		outer loop
			vertex 0.03456246480345726 -0.01974826119840145 0
			vertex 0.035291943699121475 -0.02162451483309269 0
			vertex 0.03452548384666443 -0.019853942096233368 0
		endloop
	endfacet
	facet normal 0 0 -1
		outer loop
			vertex 0.03456246480345726 -0.01974826119840145 0
			vertex 0.035386744886636734 -0.021684084087610245 0
			vertex 0.035291943699121475 -0.02162451483309269 0
		endloop
	endfacet
	facet normal 0 0 -1
		outer loop
			vertex 0.002634084317833185 0.012238254770636559 0
			vertex 0.0027132551185786724 0.006890915799885988 0
			vertex -0.002634084317833185 0.006811744999140501 0
		endloop
	endfacet
	facet normal 0 0 -1
		outer loop
			vertex 0.002634084317833185 0.012238254770636559 0
			vertex 0.0027132551185786724 0.012159083969891071 0
			vertex 0.0027132551185786724 0.006890915799885988 0
		endloop
	endfacet
	facet normal 0 0 -1
		outer loop
			vertex 0.002634084317833185 0.012238254770636559 0
			vertex -0.002634084317833185 0.006811744999140501 0
			vertex -0.002634084317833185 0.012238254770636559 0
		endloop
	endfacet
	facet normal 0 0 -1
		outer loop
			vertex -0.01641591638326645 0.031288255006074905 0
			vertex -0.016336744651198387 0.031209085136651993 0
			vertex -0.016336744651198387 0.025940915569663048 0
		endloop
	endfacet
	facet normal 0 0 -1
		outer loop
			vertex -0.01641591638326645 0.031288255006074905 0
			vertex -0.021684084087610245 0.025861745700240135 0
			vertex -0.021684084087610245 0.031288255006074905 0
		endloop
	endfacet
	facet normal 0 0 -1
		outer loop
			vertex -0.01641591638326645 0.031288255006074905 0
			vertex -0.01641591638326645 0.025861745700240135 0
			vertex -0.021684084087610245 0.025861745700240135 0
		endloop
	endfacet
	facet normal 0 0 -1
		outer loop
			vertex -0.01641591638326645 0.031288255006074905 0
			vertex -0.016336744651198387 0.025940915569663048 0
			vertex -0.01641591638326645 0.025861745700240135 0
		endloop
	endfacet
	facet normal 0 0 -1
		outer loop
			vertex 0.0028080581687390804 0.01209951564669609 0
			vertex 0.0028080581687390804 0.006950484588742256 0
			vertex 0.0027132551185786724 0.006890915799885988 0
		endloop
	endfacet
	facet normal 0 0 -1
		outer loop
			vertex 0.0028080581687390804 0.01209951564669609 0
			vertex 0.0027132551185786724 0.006890915799885988 0
			vertex 0.0027132551185786724 0.012159083969891071 0
		endloop
	endfacet
	facet normal 0 0 -1
		outer loop
			vertex 0.0025745155289769173 0.012333057820796967 0
			vertex 0.002634084317833185 0.012238254770636559 0
			vertex -0.002634084317833185 0.012238254770636559 0
		endloop
	endfacet
	facet normal 0 0 -1
		outer loop
			vertex 0.0025745155289769173 0.012333057820796967 0
			vertex -0.002634084317833185 0.012238254770636559 0
			vertex -0.0025745155289769173 0.012333057820796967 0
		endloop
	endfacet
	facet normal 0 0 -1
		outer loop
			vertex -0.01624194160103798 0.031149515882134438 0
			vertex -0.016336744651198387 0.025940915569663048 0
			vertex -0.016336744651198387 0.031209085136651993 0
		endloop
	endfacet
	facet normal 0 0 -1
		outer loop
			vertex -0.01624194160103798 0.031149515882134438 0
			vertex -0.01624194160103798 0.026000484824180603 0
			vertex -0.016336744651198387 0.025940915569663048 0
		endloop
	endfacet
	facet normal 0 0 -1
		outer loop
			vertex -0.016475483775138855 0.03138305991888046 0
			vertex -0.021684084087610245 0.031288255006074905 0
			vertex -0.02162451483309269 0.03138305991888046 0
		endloop
	endfacet
	facet normal 0 0 -1
		outer loop
			vertex -0.016475483775138855 0.03138305991888046 0
			vertex -0.01641591638326645 0.031288255006074905 0
			vertex -0.021684084087610245 0.031288255006074905 0
		endloop
	endfacet
	facet normal 0 0 -1
		outer loop
			vertex 0.034575000405311584 -0.01963699981570244 0
			vertex 0.035386744886636734 -0.021684084087610245 0
			vertex 0.03456246480345726 -0.01974826119840145 0
		endloop
	endfacet
	facet normal 0 0 -1
		outer loop
			vertex 0.034575000405311584 -0.01963699981570244 0
			vertex 0.03552548587322235 -0.021858058869838715 0
			vertex 0.03546591475605965 -0.021763255819678307 0
		endloop
	endfacet
	facet normal 0 0 -1
		outer loop
			vertex 0.034575000405311584 -0.01963699981570244 0
			vertex 0.03546591475605965 -0.021763255819678307 0
			vertex 0.035386744886636734 -0.021684084087610245 0
		endloop
	endfacet
	facet normal 0 0 -1
		outer loop
			vertex 0.0029137395322322845 0.012062535621225834 0
			vertex 0.0029137395322322845 0.006987464148551226 0
			vertex 0.0028080581687390804 0.006950484588742256 0
		endloop
	endfacet
	facet normal 0 0 -1
		outer loop
			vertex 0.0029137395322322845 0.012062535621225834 0
			vertex 0.0028080581687390804 0.006950484588742256 0
			vertex 0.0028080581687390804 0.01209951564669609 0
		endloop
	endfacet
	facet normal 0 0 -1
		outer loop
			vertex 0.0025375359691679478 0.012438739649951458 0
			vertex 0.0025745155289769173 0.012333057820796967 0
			vertex -0.0025745155289769173 0.012333057820796967 0
		endloop
	endfacet
	facet normal 0 0 -1
		outer loop
			vertex 0.0025375359691679478 0.012438739649951458 0
			vertex -0.0025745155289769173 0.012333057820796967 0
			vertex -0.0025375359691679478 0.012438739649951458 0
		endloop
	endfacet
	facet normal 0 0 -1
		outer loop
			vertex -0.016512464731931686 0.03148873895406723 0
			vertex -0.02162451483309269 0.03138305991888046 0
			vertex -0.021587535738945007 0.03148873895406723 0
		endloop
	endfacet
	facet normal 0 0 -1
		outer loop
			vertex -0.016512464731931686 0.03148873895406723 0
			vertex -0.016475483775138855 0.03138305991888046 0
			vertex -0.02162451483309269 0.03138305991888046 0
		endloop
	endfacet
	facet normal 0 0 -1
		outer loop
			vertex -0.016136260703206062 0.031112536787986755 0
			vertex -0.01624194160103798 0.026000484824180603 0
			vertex -0.01624194160103798 0.031149515882134438 0
		endloop
	endfacet
	facet normal 0 0 -1
		outer loop
			vertex -0.016136260703206062 0.031112536787986755 0
			vertex -0.016136260703206062 0.026037463918328285 0
			vertex -0.01624194160103798 0.026000484824180603 0
		endloop
	endfacet
	facet normal 0 0 -1
		outer loop
			vertex 0.002524999901652336 0.012550000101327896 0
			vertex 0.0025375359691679478 0.012438739649951458 0
			vertex -0.0025375359691679478 0.012438739649951458 0
		endloop
	endfacet
	facet normal 0 0 -1
		outer loop
			vertex 0.002524999901652336 0.012550000101327896 0
			vertex -0.0025375359691679478 0.012438739649951458 0
			vertex -0.002524999901652336 0.012550000101327896 0
		endloop
	endfacet
	facet normal 0 0 -1
		outer loop
			vertex 0.0030249999836087227 0.01205000001937151 0
			vertex 0.0030249999836087227 0.007000000216066837 0
			vertex 0.0029137395322322845 0.006987464148551226 0
		endloop
	endfacet
	facet normal 0 0 -1
		outer loop
			vertex 0.0030249999836087227 0.01205000001937151 0
			vertex 0.0029137395322322845 0.006987464148551226 0
			vertex 0.0029137395322322845 0.012062535621225834 0
		endloop
	endfacet
	facet normal 0 0 -1
		outer loop
			vertex -0.01652500033378601 0.031599998474121094 0
			vertex -0.021587535738945007 0.03148873895406723 0
			vertex -0.021575000137090683 0.031599998474121094 0
		endloop
	endfacet
	facet normal 0 0 -1
		outer loop
			vertex -0.01652500033378601 0.031599998474121094 0
			vertex -0.016512464731931686 0.03148873895406723 0
			vertex -0.021587535738945007 0.03148873895406723 0
		endloop
	endfacet
	facet normal 0 0 -1
		outer loop
			vertex -0.01602499932050705 0.031099999323487282 0
			vertex -0.016136260703206062 0.026037463918328285 0
			vertex -0.016136260703206062 0.031112536787986755 0
		endloop
	endfacet
	facet normal 0 0 -1
		outer loop
			vertex -0.01602499932050705 0.031099999323487282 0
			vertex -0.01602499932050705 0.02604999952018261 0
			vertex -0.016136260703206062 0.026037463918328285 0
		endloop
	endfacet
	facet normal 0 0 -1
		outer loop
			vertex 0.019574999809265137 0.0005869999877177179 0
			vertex 0.019574999809265137 -0.005413000006228685 0
			vertex 0.01652500033378601 -0.006500000134110451 0
		endloop
	endfacet
	facet normal 0 0 -1
		outer loop
			vertex 0.034575000405311584 -0.013636999763548374 0
			vertex 0.035562463104724884 -0.02196373976767063 0
			vertex 0.03552548587322235 -0.021858058869838715 0
		endloop
	endfacet
	facet normal 0 0 -1
		outer loop
			vertex 0.034575000405311584 -0.013636999763548374 0
			vertex 0.03552548587322235 -0.021858058869838715 0
			vertex 0.034575000405311584 -0.01963699981570244 0
		endloop
	endfacet
	facet normal 0 0 -1
		outer loop
			vertex 0.01652500033378601 0.006500000134110451 0
			vertex 0.01985805854201317 0.0010374843841418624 0
			vertex 0.01976325549185276 0.0009779157117009163 0
		endloop
	endfacet
	facet normal 0 0 -1
		outer loop
			vertex 0.01652500033378601 0.006500000134110451 0
			vertex 0.01976325549185276 0.0009779157117009163 0
			vertex 0.0196840837597847 0.0008987449109554291 0
		endloop
	endfacet
	facet normal 0 0 -1
		outer loop
			vertex 0.01652500033378601 0.006500000134110451 0
			vertex 0.0196840837597847 0.0008987449109554291 0
			vertex 0.019624516367912292 0.0008039418607950211 0
		endloop
	endfacet
	facet normal 0 0 -1
		outer loop
			vertex 0.01652500033378601 0.006500000134110451 0
			vertex 0.019624516367912292 0.0008039418607950211 0
			vertex 0.01958753541111946 0.000698260439094156 0
		endloop
	endfacet
	facet normal 0 0 -1
		outer loop
			vertex 0.01652500033378601 0.006500000134110451 0
			vertex 0.01958753541111946 0.000698260439094156 0
			vertex 0.019574999809265137 0.0005869999877177179 0
		endloop
	endfacet
	facet normal 0 0 -1
		outer loop
			vertex 0.01652500033378601 0.006500000134110451 0
			vertex 0.019574999809265137 0.0005869999877177179 0
			vertex 0.01652500033378601 -0.006500000134110451 0
		endloop
	endfacet
	facet normal 0 0 -1
		outer loop
			vertex -0.022074999287724495 0.045099999755620956 0
			vertex -0.035075001418590546 0.045099999755620956 0
			vertex -0.038100000470876694 0.04762500151991844 0
		endloop
	endfacet
	facet normal 0 0 -1
		outer loop
			vertex 0.021684084087610245 0.0027132551185786724 0
			vertex 0.021763255819678307 0.002634084317833185 0
			vertex 0.020075000822544098 0.0010870000114664435 0
		endloop
	endfacet
	facet normal 0 0 -1
		outer loop
			vertex 0.021858058869838715 0.0025745155289769173 0
			vertex 0.020075000822544098 0.0010870000114664435 0
			vertex 0.021763255819678307 0.002634084317833185 0
		endloop
	endfacet
	facet normal 0 0 -1
		outer loop
			vertex 0.02162451483309269 0.0028080581687390804 0
			vertex 0.021684084087610245 0.0027132551185786724 0
			vertex 0.020075000822544098 0.0010870000114664435 0
		endloop
	endfacet
	facet normal 0 0 -1
		outer loop
			vertex 0.02196373976767063 0.0025375359691679478 0
			vertex 0.020075000822544098 0.0010870000114664435 0
			vertex 0.021858058869838715 0.0025745155289769173 0
		endloop
	endfacet
	facet normal 0 0 -1
		outer loop
			vertex 0.021587535738945007 0.0029137395322322845 0
			vertex 0.02162451483309269 0.0028080581687390804 0
			vertex 0.020075000822544098 0.0010870000114664435 0
		endloop
	endfacet
	facet normal 0 0 -1
		outer loop
			vertex 0.021575000137090683 0.0030249999836087227 0
			vertex 0.021587535738945007 0.0029137395322322845 0
			vertex 0.020075000822544098 0.0010870000114664435 0
		endloop
	endfacet
	facet normal 0 0 -1
		outer loop
			vertex 0.021575000137090683 0.0030249999836087227 0
			vertex 0.020075000822544098 0.0010870000114664435 0
			vertex 0.019963739439845085 0.0010744639439508319 0
		endloop
	endfacet
	facet normal 0 0 -1
		outer loop
			vertex 0.021575000137090683 0.0030249999836087227 0
			vertex 0.019963739439845085 0.0010744639439508319 0
			vertex 0.01985805854201317 0.0010374843841418624 0
		endloop
	endfacet
	facet normal 0 0 -1
		outer loop
			vertex 0.021575000137090683 0.0030249999836087227 0
			vertex 0.01985805854201317 0.0010374843841418624 0
			vertex 0.01652500033378601 0.006500000134110451 0
		endloop
	endfacet
	facet normal 0 0 -1
		outer loop
			vertex 0.021575000137090683 0.0030249999836087227 0
			vertex 0.01652500033378601 0.006500000134110451 0
			vertex 0.016512464731931686 0.006611260585486889 0
		endloop
	endfacet
	facet normal 0 0 -1
		outer loop
			vertex 0.021575000137090683 0.0030249999836087227 0
			vertex 0.016512464731931686 0.006611260585486889 0
			vertex 0.016475483775138855 0.006716941948980093 0
		endloop
	endfacet
	facet normal 0 0 -1
		outer loop
			vertex 0.022074999287724495 0.002524999901652336 0
			vertex 0.020075000822544098 0.0010870000114664435 0
			vertex 0.02196373976767063 0.0025375359691679478 0
		endloop
	endfacet
	facet normal 0 0 -1
		outer loop
			vertex 0.01602499932050705 0.01205000001937151 0
			vertex 0.0030249999836087227 0.007000000216066837 0
			vertex 0.0030249999836087227 0.01205000001937151 0
		endloop
	endfacet
	facet normal 0 0 -1
		outer loop
			vertex 0.01602499932050705 0.01205000001937151 0
			vertex 0.01602499932050705 0.007000000216066837 0
			vertex 0.0030249999836087227 0.007000000216066837 0
		endloop
	endfacet
	facet normal 0 0 -1
		outer loop
			vertex -0.01652500033378601 0.044599998742341995 0
			vertex -0.021575000137090683 0.031599998474121094 0
			vertex -0.021575000137090683 0.044599998742341995 0
		endloop
	endfacet
	facet normal 0 0 -1
		outer loop
			vertex -0.01652500033378601 0.044599998742341995 0
			vertex -0.01652500033378601 0.031599998474121094 0
			vertex -0.021575000137090683 0.031599998474121094 0
		endloop
	endfacet
	facet normal 0 0 -1
		outer loop
			vertex 0.002524999901652336 0.025550000369548798 0
			vertex 0.002524999901652336 0.012550000101327896 0
			vertex -0.002524999901652336 0.012550000101327896 0
		endloop
	endfacet
	facet normal 0 0 -1
		outer loop
			vertex 0.002524999901652336 0.025550000369548798 0
			vertex -0.002524999901652336 0.012550000101327896 0
			vertex -0.002524999901652336 0.025550000369548798 0
		endloop
	endfacet
	facet normal 0 0 -1
		outer loop
			vertex -0.0030249999836087227 0.031099999323487282 0
			vertex -0.01602499932050705 0.02604999952018261 0
			vertex -0.01602499932050705 0.031099999323487282 0
		endloop
	endfacet
	facet normal 0 0 -1
		outer loop
			vertex -0.0030249999836087227 0.031099999323487282 0
			vertex -0.0030249999836087227 0.02604999952018261 0
			vertex -0.01602499932050705 0.02604999952018261 0
		endloop
	endfacet
	facet normal 0 0 -1
		outer loop
			vertex 0.03407499939203262 -0.005913000088185072 0
			vertex 0.020075000822544098 -0.013136999681591988 0
			vertex 0.020075000822544098 -0.005913000088185072 0
		endloop
	endfacet
	facet normal 0 0 -1
		outer loop
			vertex 0.03407499939203262 -0.005913000088185072 0
			vertex 0.03407499939203262 -0.013136999681591988 0
			vertex 0.020075000822544098 -0.013136999681591988 0
		endloop
	endfacet
	facet normal 0 0 -1
		outer loop
			vertex 0.0025375359691679478 0.02566125988960266 0
			vertex 0.002524999901652336 0.025550000369548798 0
			vertex -0.002524999901652336 0.025550000369548798 0
		endloop
	endfacet
	facet normal 0 0 -1
		outer loop
			vertex 0.0025375359691679478 0.02566125988960266 0
			vertex -0.002524999901652336 0.025550000369548798 0
			vertex -0.0025375359691679478 0.02566125988960266 0
		endloop
	endfacet
	facet normal 0 0 -1
		outer loop
			vertex 0.016136260703206062 0.012062535621225834 0
			vertex 0.016136260703206062 0.006987464148551226 0
			vertex 0.01602499932050705 0.007000000216066837 0
		endloop
	endfacet
	facet normal 0 0 -1
		outer loop
			vertex 0.016136260703206062 0.012062535621225834 0
			vertex 0.01602499932050705 0.007000000216066837 0
			vertex 0.01602499932050705 0.01205000001937151 0
		endloop
	endfacet
	facet normal 0 0 -1
		outer loop
			vertex -0.016512464731931686 0.04471126198768616 0
			vertex -0.021575000137090683 0.044599998742341995 0
			vertex -0.021587535738945007 0.04471126198768616 0
		endloop
	endfacet
	facet normal 0 0 -1
		outer loop
			vertex -0.016512464731931686 0.04471126198768616 0
			vertex -0.01652500033378601 0.044599998742341995 0
			vertex -0.021575000137090683 0.044599998742341995 0
		endloop
	endfacet
	facet normal 0 0 -1
		outer loop
			vertex -0.0029137395322322845 0.031112536787986755 0
			vertex -0.0030249999836087227 0.02604999952018261 0
			vertex -0.0030249999836087227 0.031099999323487282 0
		endloop
	endfacet
	facet normal 0 0 -1
		outer loop
			vertex -0.0029137395322322845 0.031112536787986755 0
			vertex -0.0029137395322322845 0.026037463918328285 0
			vertex -0.0030249999836087227 0.02604999952018261 0
		endloop
	endfacet
	facet normal 0 0 -1
		outer loop
			vertex 0.03418625891208649 -0.00590046402066946 0
			vertex 0.03407499939203262 -0.013136999681591988 0
			vertex 0.03407499939203262 -0.005913000088185072 0
		endloop
	endfacet
	facet normal 0 0 -1
		outer loop
			vertex 0.03418625891208649 -0.00590046402066946 0
			vertex 0.03418625891208649 -0.013149536214768887 0
			vertex 0.03407499939203262 -0.013136999681591988 0
		endloop
	endfacet
	facet normal 0 0 -1
		outer loop
			vertex 0.01624194160103798 0.01209951564669609 0
			vertex 0.016136260703206062 0.006987464148551226 0
			vertex 0.016136260703206062 0.012062535621225834 0
		endloop
	endfacet
	facet normal 0 0 -1
		outer loop
			vertex 0.01624194160103798 0.01209951564669609 0
			vertex 0.01624194160103798 0.006950484588742256 0
			vertex 0.016136260703206062 0.006987464148551226 0
		endloop
	endfacet
	facet normal 0 0 -1
		outer loop
			vertex 0.0025745155289769173 0.025766942650079727 0
			vertex 0.0025375359691679478 0.02566125988960266 0
			vertex -0.0025375359691679478 0.02566125988960266 0
		endloop
	endfacet
	facet normal 0 0 -1
		outer loop
			vertex 0.0025745155289769173 0.025766942650079727 0
			vertex -0.0025375359691679478 0.02566125988960266 0
			vertex -0.0025745155289769173 0.025766942650079727 0
		endloop
	endfacet
	facet normal 0 0 -1
		outer loop
			vertex -0.0028080581687390804 0.031149515882134438 0
			vertex -0.0029137395322322845 0.026037463918328285 0
			vertex -0.0029137395322322845 0.031112536787986755 0
		endloop
	endfacet
	facet normal 0 0 -1
		outer loop
			vertex -0.0028080581687390804 0.031149515882134438 0
			vertex -0.0028080581687390804 0.026000484824180603 0
			vertex -0.0029137395322322845 0.026037463918328285 0
		endloop
	endfacet
	facet normal 0 0 -1
		outer loop
			vertex -0.016475483775138855 0.044816941022872925 0
			vertex -0.016512464731931686 0.04471126198768616 0
			vertex -0.021587535738945007 0.04471126198768616 0
		endloop
	endfacet
	facet normal 0 0 -1
		outer loop
			vertex -0.016475483775138855 0.044816941022872925 0
			vertex -0.021587535738945007 0.04471126198768616 0
			vertex -0.02162451483309269 0.044816941022872925 0
		endloop
	endfacet
	facet normal 0 0 -1
		outer loop
			vertex 0.03429194167256355 -0.005863484460860491 0
			vertex 0.03418625891208649 -0.013149536214768887 0
			vertex 0.03418625891208649 -0.00590046402066946 0
		endloop
	endfacet
	facet normal 0 0 -1
		outer loop
			vertex 0.03429194167256355 -0.005863484460860491 0
			vertex 0.03429194167256355 -0.013186515308916569 0
			vertex 0.03418625891208649 -0.013149536214768887 0
		endloop
	endfacet
	facet normal 0 0 -1
		outer loop
			vertex 0.016336744651198387 0.012159083969891071 0
			vertex 0.01624194160103798 0.006950484588742256 0
			vertex 0.01624194160103798 0.01209951564669609 0
		endloop
	endfacet
	facet normal 0 0 -1
		outer loop
			vertex 0.016336744651198387 0.012159083969891071 0
			vertex 0.016336744651198387 0.006890915799885988 0
			vertex 0.01624194160103798 0.006950484588742256 0
		endloop
	endfacet
	facet normal 0 0 -1
		outer loop
			vertex 0.002634084317833185 0.025861745700240135 0
			vertex -0.0025745155289769173 0.025766942650079727 0
			vertex -0.002634084317833185 0.025861745700240135 0
		endloop
	endfacet
	facet normal 0 0 -1
		outer loop
			vertex 0.002634084317833185 0.025861745700240135 0
			vertex 0.0025745155289769173 0.025766942650079727 0
			vertex -0.0025745155289769173 0.025766942650079727 0
		endloop
	endfacet
	facet normal 0 0 -1
		outer loop
			vertex -0.0027132551185786724 0.031209085136651993 0
			vertex -0.0027132551185786724 0.025940915569663048 0
			vertex -0.0028080581687390804 0.026000484824180603 0
		endloop
	endfacet
	facet normal 0 0 -1
		outer loop
			vertex -0.0027132551185786724 0.031209085136651993 0
			vertex -0.0028080581687390804 0.026000484824180603 0
			vertex -0.0028080581687390804 0.031149515882134438 0
		endloop
	endfacet
	facet normal 0 0 -1
		outer loop
			vertex -0.01641591638326645 0.04491174593567848 0
			vertex -0.02162451483309269 0.044816941022872925 0
			vertex -0.021684084087610245 0.04491174593567848 0
		endloop
	endfacet
	facet normal 0 0 -1
		outer loop
			vertex -0.01641591638326645 0.04491174593567848 0
			vertex -0.016475483775138855 0.044816941022872925 0
			vertex -0.02162451483309269 0.044816941022872925 0
		endloop
	endfacet
	facet normal 0 0 -1
		outer loop
			vertex 0.03438674658536911 -0.005803915672004223 0
			vertex 0.03438674658536911 -0.013246084563434124 0
			vertex 0.03429194167256355 -0.013186515308916569 0
		endloop
	endfacet
	facet normal 0 0 -1
		outer loop
			vertex 0.03438674658536911 -0.005803915672004223 0
			vertex 0.03429194167256355 -0.013186515308916569 0
			vertex 0.03429194167256355 -0.005863484460860491 0
		endloop
	endfacet
	facet normal 0 0 -1
		outer loop
			vertex 0.01641591638326645 0.012238254770636559 0
			vertex 0.016336744651198387 0.006890915799885988 0
			vertex 0.016336744651198387 0.012159083969891071 0
		endloop
	endfacet
	facet normal 0 0 -1
		outer loop
			vertex 0.01641591638326645 0.012238254770636559 0
			vertex 0.01641591638326645 0.006811744999140501 0
			vertex 0.016336744651198387 0.006890915799885988 0
		endloop
	endfacet
	facet normal 0 0 -1
		outer loop
			vertex -0.002634084317833185 0.031288255006074905 0
			vertex -0.0027132551185786724 0.025940915569663048 0
			vertex -0.0027132551185786724 0.031209085136651993 0
		endloop
	endfacet
	facet normal 0 0 -1
		outer loop
			vertex -0.002634084317833185 0.031288255006074905 0
			vertex -0.002634084317833185 0.025861745700240135 0
			vertex -0.0027132551185786724 0.025940915569663048 0
		endloop
	endfacet
	facet normal 0 0 -1
		outer loop
			vertex -0.016336744651198387 0.044990915805101395 0
			vertex -0.021684084087610245 0.04491174593567848 0
			vertex -0.021763255819678307 0.044990915805101395 0
		endloop
	endfacet
	facet normal 0 0 -1
		outer loop
			vertex -0.016336744651198387 0.044990915805101395 0
			vertex -0.01641591638326645 0.04491174593567848 0
			vertex -0.021684084087610245 0.04491174593567848 0
		endloop
	endfacet
	facet normal 0 0 -1
		outer loop
			vertex 0.03446591645479202 -0.005724744871258736 0
			vertex 0.03446591645479202 -0.013325255364179611 0
			vertex 0.03438674658536911 -0.013246084563434124 0
		endloop
	endfacet
	facet normal 0 0 -1
		outer loop
			vertex 0.03446591645479202 -0.005724744871258736 0
			vertex 0.03438674658536911 -0.013246084563434124 0
			vertex 0.03438674658536911 -0.005803915672004223 0
		endloop
	endfacet
	facet normal 0 0 -1
		outer loop
			vertex 0.016475483775138855 0.012333057820796967 0
			vertex 0.01641591638326645 0.006811744999140501 0
			vertex 0.01641591638326645 0.012238254770636559 0
		endloop
	endfacet
	facet normal 0 0 -1
		outer loop
			vertex 0.016475483775138855 0.012333057820796967 0
			vertex 0.016475483775138855 0.006716941948980093 0
			vertex 0.01641591638326645 0.006811744999140501 0
		endloop
	endfacet
	facet normal 0 0 -1
		outer loop
			vertex -0.01624194160103798 0.0450504831969738 0
			vertex -0.021763255819678307 0.044990915805101395 0
			vertex -0.021858058869838715 0.0450504831969738 0
		endloop
	endfacet
	facet normal 0 0 -1
		outer loop
			vertex -0.01624194160103798 0.0450504831969738 0
			vertex -0.016336744651198387 0.044990915805101395 0
			vertex -0.021763255819678307 0.044990915805101395 0
		endloop
	endfacet
	facet normal 0 0 -1
		outer loop
			vertex 0.03452548384666443 -0.005629941821098328 0
			vertex 0.03452548384666443 -0.01342005841434002 0
			vertex 0.03446591645479202 -0.013325255364179611 0
		endloop
	endfacet
	facet normal 0 0 -1
		outer loop
			vertex 0.03452548384666443 -0.005629941821098328 0
			vertex 0.03446591645479202 -0.013325255364179611 0
			vertex 0.03446591645479202 -0.005724744871258736 0
		endloop
	endfacet
	facet normal 0 0 -1
		outer loop
			vertex -0.016136260703206062 0.04508746415376663 0
			vertex -0.021858058869838715 0.0450504831969738 0
			vertex -0.02196373976767063 0.04508746415376663 0
		endloop
	endfacet
	facet normal 0 0 -1
		outer loop
			vertex -0.016136260703206062 0.04508746415376663 0
			vertex -0.01624194160103798 0.0450504831969738 0
			vertex -0.021858058869838715 0.0450504831969738 0
		endloop
	endfacet
	facet normal 0 0 -1
		outer loop
			vertex 0.03456246480345726 -0.0055242604576051235 0
			vertex 0.03452548384666443 -0.01342005841434002 0
			vertex 0.03452548384666443 -0.005629941821098328 0
		endloop
	endfacet
	facet normal 0 0 -1
		outer loop
			vertex 0.03456246480345726 -0.0055242604576051235 0
			vertex 0.03456246480345726 -0.013525739312171936 0
			vertex 0.03452548384666443 -0.01342005841434002 0
		endloop
	endfacet
	facet normal 0 0 -1
		outer loop
			vertex -0.01602499932050705 0.045099999755620956 0
			vertex -0.02196373976767063 0.04508746415376663 0
			vertex -0.022074999287724495 0.045099999755620956 0
		endloop
	endfacet
	facet normal 0 0 -1
		outer loop
			vertex -0.01602499932050705 0.045099999755620956 0
			vertex -0.016136260703206062 0.04508746415376663 0
			vertex -0.02196373976767063 0.04508746415376663 0
		endloop
	endfacet
	facet normal 0 0 -1
		outer loop
			vertex 0.034575000405311584 -0.005413000006228685 0
			vertex 0.034575000405311584 -0.013636999763548374 0
			vertex 0.03456246480345726 -0.013525739312171936 0
		endloop
	endfacet
	facet normal 0 0 -1
		outer loop
			vertex 0.034575000405311584 -0.005413000006228685 0
			vertex 0.03456246480345726 -0.013525739312171936 0
			vertex 0.03456246480345726 -0.0055242604576051235 0
		endloop
	endfacet
	facet normal 0 0 -1
		outer loop
			vertex 0.0027132551185786724 0.031209085136651993 0
			vertex 0.0027132551185786724 0.025940915569663048 0
			vertex 0.002634084317833185 0.025861745700240135 0
		endloop
	endfacet
	facet normal 0 0 -1
		outer loop
			vertex 0.0027132551185786724 0.031209085136651993 0
			vertex -0.002634084317833185 0.031288255006074905 0
			vertex 0.002634084317833185 0.031288255006074905 0
		endloop
	endfacet
	facet normal 0 0 -1
		outer loop
			vertex 0.0027132551185786724 0.031209085136651993 0
			vertex 0.002634084317833185 0.025861745700240135 0
			vertex -0.002634084317833185 0.025861745700240135 0
		endloop
	endfacet
	facet normal 0 0 -1
		outer loop
			vertex 0.0027132551185786724 0.031209085136651993 0
			vertex -0.002634084317833185 0.025861745700240135 0
			vertex -0.002634084317833185 0.031288255006074905 0
		endloop
	endfacet
	facet normal 0 0 -1
		outer loop
			vertex 0.0028080581687390804 0.031149515882134438 0
			vertex 0.0028080581687390804 0.026000484824180603 0
			vertex 0.0027132551185786724 0.025940915569663048 0
		endloop
	endfacet
	facet normal 0 0 -1
		outer loop
			vertex 0.0028080581687390804 0.031149515882134438 0
			vertex 0.0027132551185786724 0.025940915569663048 0
			vertex 0.0027132551185786724 0.031209085136651993 0
		endloop
	endfacet
	facet normal 0 0 -1
		outer loop
			vertex 0.0025745155289769173 0.03138305991888046 0
			vertex 0.002634084317833185 0.031288255006074905 0
			vertex -0.002634084317833185 0.031288255006074905 0
		endloop
	endfacet
	facet normal 0 0 -1
		outer loop
			vertex 0.0025745155289769173 0.03138305991888046 0
			vertex -0.002634084317833185 0.031288255006074905 0
			vertex -0.0025745155289769173 0.03138305991888046 0
		endloop
	endfacet
	facet normal 0 0 -1
		outer loop
			vertex 0.0029137395322322845 0.031112536787986755 0
			vertex 0.0029137395322322845 0.026037463918328285 0
			vertex 0.0028080581687390804 0.026000484824180603 0
		endloop
	endfacet
	facet normal 0 0 -1
		outer loop
			vertex 0.0029137395322322845 0.031112536787986755 0
			vertex 0.0028080581687390804 0.026000484824180603 0
			vertex 0.0028080581687390804 0.031149515882134438 0
		endloop
	endfacet
	facet normal 0 0 -1
		outer loop
			vertex 0.0025375359691679478 0.03148873895406723 0
			vertex 0.0025745155289769173 0.03138305991888046 0
			vertex -0.0025745155289769173 0.03138305991888046 0
		endloop
	endfacet
	facet normal 0 0 -1
		outer loop
			vertex 0.0025375359691679478 0.03148873895406723 0
			vertex -0.0025745155289769173 0.03138305991888046 0
			vertex -0.0025375359691679478 0.03148873895406723 0
		endloop
	endfacet
	facet normal 0 0 -1
		outer loop
			vertex 0.002524999901652336 0.031599998474121094 0
			vertex 0.0025375359691679478 0.03148873895406723 0
			vertex -0.0025375359691679478 0.03148873895406723 0
		endloop
	endfacet
	facet normal 0 0 -1
		outer loop
			vertex 0.002524999901652336 0.031599998474121094 0
			vertex -0.0025375359691679478 0.03148873895406723 0
			vertex -0.002524999901652336 0.031599998474121094 0
		endloop
	endfacet
	facet normal 0 0 -1
		outer loop
			vertex 0.0030249999836087227 0.031099999323487282 0
			vertex 0.0030249999836087227 0.02604999952018261 0
			vertex 0.0029137395322322845 0.026037463918328285 0
		endloop
	endfacet
	facet normal 0 0 -1
		outer loop
			vertex 0.0030249999836087227 0.031099999323487282 0
			vertex 0.0029137395322322845 0.026037463918328285 0
			vertex 0.0029137395322322845 0.031112536787986755 0
		endloop
	endfacet
	facet normal 0 0 -1
		outer loop
			vertex 0.035075001418590546 0.002524999901652336 0
			vertex 0.03446591645479202 0.0008987449109554291 0
			vertex 0.03438674658536911 0.0009779157117009163 0
		endloop
	endfacet
	facet normal 0 0 -1
		outer loop
			vertex 0.035075001418590546 0.002524999901652336 0
			vertex 0.03438674658536911 0.0009779157117009163 0
			vertex 0.03429194167256355 0.0010374843841418624 0
		endloop
	endfacet
	facet normal 0 0 -1
		outer loop
			vertex 0.035075001418590546 0.002524999901652336 0
			vertex 0.03429194167256355 0.0010374843841418624 0
			vertex 0.03418625891208649 0.0010744639439508319 0
		endloop
	endfacet
	facet normal 0 0 -1
		outer loop
			vertex 0.035075001418590546 0.002524999901652336 0
			vertex 0.03418625891208649 0.0010744639439508319 0
			vertex 0.03407499939203262 0.0010870000114664435 0
		endloop
	endfacet
	facet normal 0 0 -1
		outer loop
			vertex 0.035075001418590546 0.002524999901652336 0
			vertex 0.03407499939203262 0.0010870000114664435 0
			vertex 0.022074999287724495 0.002524999901652336 0
		endloop
	endfacet
	facet normal 0 0 -1
		outer loop
			vertex 0.021575000137090683 0.01602499932050705 0
			vertex 0.016475483775138855 0.012333057820796967 0
			vertex 0.016512464731931686 0.012438739649951458 0
		endloop
	endfacet
	facet normal 0 0 -1
		outer loop
			vertex 0.021575000137090683 0.01602499932050705 0
			vertex 0.016512464731931686 0.012438739649951458 0
			vertex 0.01652500033378601 0.012550000101327896 0
		endloop
	endfacet
	facet normal 0 0 -1
		outer loop
			vertex 0.021575000137090683 0.01602499932050705 0
			vertex 0.021575000137090683 0.0030249999836087227 0
			vertex 0.016475483775138855 0.006716941948980093 0
		endloop
	endfacet
	facet normal 0 0 -1
		outer loop
			vertex 0.021575000137090683 0.01602499932050705 0
			vertex 0.016475483775138855 0.006716941948980093 0
			vertex 0.016475483775138855 0.012333057820796967 0
		endloop
	endfacet
	facet normal 0 0 -1
		outer loop
			vertex 0.03518626093864441 0.0025375359691679478 0
			vertex 0.03452548384666443 0.0008039418607950211 0
			vertex 0.03446591645479202 0.0008987449109554291 0
		endloop
	endfacet
	facet normal 0 0 -1
		outer loop
			vertex 0.03518626093864441 0.0025375359691679478 0
			vertex 0.03446591645479202 0.0008987449109554291 0
			vertex 0.035075001418590546 0.002524999901652336 0
		endloop
	endfacet
	facet normal 0 0 -1
		outer loop
			vertex 0.0196840837597847 0.018151255324482918 0
			vertex 0.01976325549185276 0.018072083592414856 0
			vertex 0.01652500033378601 0.012550000101327896 0
		endloop
	endfacet
	facet normal 0 0 -1
		outer loop
			vertex 0.035291943699121475 0.0025745155289769173 0
			vertex 0.03456246480345726 0.000698260439094156 0
			vertex 0.03452548384666443 0.0008039418607950211 0
		endloop
	endfacet
	facet normal 0 0 -1
		outer loop
			vertex 0.035291943699121475 0.0025745155289769173 0
			vertex 0.03452548384666443 0.0008039418607950211 0
			vertex 0.03518626093864441 0.0025375359691679478 0
		endloop
	endfacet
	facet normal 0 0 -1
		outer loop
			vertex 0.01985805854201317 0.01801251620054245 0
			vertex 0.021575000137090683 0.01602499932050705 0
			vertex 0.01652500033378601 0.012550000101327896 0
		endloop
	endfacet
	facet normal 0 0 -1
		outer loop
			vertex 0.01985805854201317 0.01801251620054245 0
			vertex 0.01652500033378601 0.012550000101327896 0
			vertex 0.01976325549185276 0.018072083592414856 0
		endloop
	endfacet
	facet normal 0 0 -1
		outer loop
			vertex 0.019624516367912292 0.018246058374643326 0
			vertex 0.0196840837597847 0.018151255324482918 0
			vertex 0.01652500033378601 0.012550000101327896 0
		endloop
	endfacet
	facet normal 0 0 -1
		outer loop
			vertex 0.019963739439845085 0.01797553524374962 0
			vertex 0.021575000137090683 0.01602499932050705 0
			vertex 0.01985805854201317 0.01801251620054245 0
		endloop
	endfacet
	facet normal 0 0 -1
		outer loop
			vertex 0.01958753541111946 0.018351739272475243 0
			vertex 0.019624516367912292 0.018246058374643326 0
			vertex 0.01652500033378601 0.012550000101327896 0
		endloop
	endfacet
	facet normal 0 0 -1
		outer loop
			vertex 0.035386744886636734 0.002634084317833185 0
			vertex 0.034575000405311584 0.0005869999877177179 0
			vertex 0.03456246480345726 0.000698260439094156 0
		endloop
	endfacet
	facet normal 0 0 -1
		outer loop
			vertex 0.035386744886636734 0.002634084317833185 0
			vertex 0.03456246480345726 0.000698260439094156 0
			vertex 0.035291943699121475 0.0025745155289769173 0
		endloop
	endfacet
	facet normal 0 0 -1
		outer loop
			vertex 0.019574999809265137 0.018463000655174255 0
			vertex 0.01958753541111946 0.018351739272475243 0
			vertex 0.01652500033378601 0.012550000101327896 0
		endloop
	endfacet
	facet normal 0 0 -1
		outer loop
			vertex 0.020075000822544098 0.017962999641895294 0
			vertex 0.021684084087610245 0.016336744651198387 0
			vertex 0.02162451483309269 0.01624194160103798 0
		endloop
	endfacet
	facet normal 0 0 -1
		outer loop
			vertex 0.020075000822544098 0.017962999641895294 0
			vertex 0.02162451483309269 0.01624194160103798 0
			vertex 0.021587535738945007 0.016136260703206062 0
		endloop
	endfacet
	facet normal 0 0 -1
		outer loop
			vertex 0.020075000822544098 0.017962999641895294 0
			vertex 0.021587535738945007 0.016136260703206062 0
			vertex 0.021575000137090683 0.01602499932050705 0
		endloop
	endfacet
	facet normal 0 0 -1
		outer loop
			vertex 0.020075000822544098 0.017962999641895294 0
			vertex 0.021575000137090683 0.01602499932050705 0
			vertex 0.019963739439845085 0.01797553524374962 0
		endloop
	endfacet
	facet normal 0 0 -1
		outer loop
			vertex 0.021763255819678307 0.01641591638326645 0
			vertex 0.021684084087610245 0.016336744651198387 0
			vertex 0.020075000822544098 0.017962999641895294 0
		endloop
	endfacet
	facet normal 0 0 -1
		outer loop
			vertex 0.03546591475605965 0.0027132551185786724 0
			vertex 0.034575000405311584 0.0005869999877177179 0
			vertex 0.035386744886636734 0.002634084317833185 0
		endloop
	endfacet
	facet normal 0 0 -1
		outer loop
			vertex 0.021858058869838715 0.016475483775138855 0
			vertex 0.021763255819678307 0.01641591638326645 0
			vertex 0.020075000822544098 0.017962999641895294 0
		endloop
	endfacet
	facet normal 0 0 -1
		outer loop
			vertex 0.03552548587322235 0.0028080581687390804 0
			vertex 0.034575000405311584 -0.005413000006228685 0
			vertex 0.034575000405311584 0.0005869999877177179 0
		endloop
	endfacet
	facet normal 0 0 -1
		outer loop
			vertex 0.03552548587322235 0.0028080581687390804 0
			vertex 0.034575000405311584 0.0005869999877177179 0
			vertex 0.03546591475605965 0.0027132551185786724 0
		endloop
	endfacet
	facet normal 0 0 -1
		outer loop
			vertex 0.035562463104724884 0.0029137395322322845 0
			vertex 0.034575000405311584 -0.013636999763548374 0
			vertex 0.034575000405311584 -0.005413000006228685 0
		endloop
	endfacet
	facet normal 0 0 -1
		outer loop
			vertex 0.035562463104724884 0.0029137395322322845 0
			vertex 0.035562463104724884 -0.02196373976767063 0
			vertex 0.034575000405311584 -0.013636999763548374 0
		endloop
	endfacet
	facet normal 0 0 -1
		outer loop
			vertex 0.035562463104724884 0.0029137395322322845 0
			vertex 0.034575000405311584 -0.005413000006228685 0
			vertex 0.03552548587322235 0.0028080581687390804 0
		endloop
	endfacet
	facet normal 0 0 -1
		outer loop
			vertex 0.02196373976767063 0.016512464731931686 0
			vertex 0.021858058869838715 0.016475483775138855 0
			vertex 0.020075000822544098 0.017962999641895294 0
		endloop
	endfacet
	facet normal 0 0 -1
		outer loop
			vertex 0.03557499870657921 0.0030249999836087227 0
			vertex 0.03557499870657921 -0.022074999287724495 0
			vertex 0.035562463104724884 -0.02196373976767063 0
		endloop
	endfacet
	facet normal 0 0 -1
		outer loop
			vertex 0.03557499870657921 0.0030249999836087227 0
			vertex 0.035562463104724884 -0.02196373976767063 0
			vertex 0.035562463104724884 0.0029137395322322845 0
		endloop
	endfacet
	facet normal 0 0 -1
		outer loop
			vertex 0.022074999287724495 0.01652500033378601 0
			vertex 0.02196373976767063 0.016512464731931686 0
			vertex 0.020075000822544098 0.017962999641895294 0
		endloop
	endfacet
	facet normal 0 0 -1
		outer loop
			vertex 0.01652500033378601 0.025550000369548798 0
			vertex 0.019574999809265137 0.018463000655174255 0
			vertex 0.01652500033378601 0.012550000101327896 0
		endloop
	endfacet
	facet normal 0 0 -1
		outer loop
			vertex 0.019574999809265137 0.024462999776005745 0
			vertex 0.019574999809265137 0.018463000655174255 0
			vertex 0.01652500033378601 0.025550000369548798 0
		endloop
	endfacet
	facet normal 0 0 -1
		outer loop
			vertex 0.01958753541111946 0.024574261158704758 0
			vertex 0.019574999809265137 0.024462999776005745 0
			vertex 0.01652500033378601 0.025550000369548798 0
		endloop
	endfacet
	facet normal 0 0 -1
		outer loop
			vertex 0.019624516367912292 0.024679942056536674 0
			vertex 0.01958753541111946 0.024574261158704758 0
			vertex 0.01652500033378601 0.025550000369548798 0
		endloop
	endfacet
	facet normal 0 0 -1
		outer loop
			vertex 0.0196840837597847 0.024774745106697083 0
			vertex 0.019624516367912292 0.024679942056536674 0
			vertex 0.01652500033378601 0.025550000369548798 0
		endloop
	endfacet
	facet normal 0 0 -1
		outer loop
			vertex 0.0196840837597847 0.024774745106697083 0
			vertex 0.01652500033378601 0.025550000369548798 0
			vertex 0.016512464731931686 0.02566125988960266 0
		endloop
	endfacet
	facet normal 0 0 -1
		outer loop
			vertex 0.01976325549185276 0.024853914976119995 0
			vertex 0.0196840837597847 0.024774745106697083 0
			vertex 0.016512464731931686 0.02566125988960266 0
		endloop
	endfacet
	facet normal 0 0 -1
		outer loop
			vertex 0.01976325549185276 0.024853914976119995 0
			vertex 0.016512464731931686 0.02566125988960266 0
			vertex 0.016475483775138855 0.025766942650079727 0
		endloop
	endfacet
	facet normal 0 0 -1
		outer loop
			vertex 0.01985805854201317 0.02491348423063755 0
			vertex 0.01976325549185276 0.024853914976119995 0
			vertex 0.016475483775138855 0.025766942650079727 0
		endloop
	endfacet
	facet normal 0 0 -1
		outer loop
			vertex 0.01985805854201317 0.02491348423063755 0
			vertex 0.016475483775138855 0.025766942650079727 0
			vertex 0.01641591638326645 0.025861745700240135 0
		endloop
	endfacet
	facet normal 0 0 -1
		outer loop
			vertex 0.019963739439845085 0.024950463324785233 0
			vertex 0.01985805854201317 0.02491348423063755 0
			vertex 0.01641591638326645 0.025861745700240135 0
		endloop
	endfacet
	facet normal 0 0 -1
		outer loop
			vertex 0.019963739439845085 0.024950463324785233 0
			vertex 0.01641591638326645 0.025861745700240135 0
			vertex 0.016336744651198387 0.025940915569663048 0
		endloop
	endfacet
	facet normal 0 0 -1
		outer loop
			vertex 0.002524999901652336 0.044599998742341995 0
			vertex 0.002524999901652336 0.031599998474121094 0
			vertex -0.002524999901652336 0.031599998474121094 0
		endloop
	endfacet
	facet normal 0 0 -1
		outer loop
			vertex 0.002524999901652336 0.044599998742341995 0
			vertex -0.002524999901652336 0.031599998474121094 0
			vertex -0.002524999901652336 0.044599998742341995 0
		endloop
	endfacet
	facet normal 0 0 -1
		outer loop
			vertex 0.01602499932050705 0.031099999323487282 0
			vertex 0.0030249999836087227 0.02604999952018261 0
			vertex 0.0030249999836087227 0.031099999323487282 0
		endloop
	endfacet
	facet normal 0 0 -1
		outer loop
			vertex 0.01602499932050705 0.031099999323487282 0
			vertex 0.01602499932050705 0.02604999952018261 0
			vertex 0.0030249999836087227 0.02604999952018261 0
		endloop
	endfacet
	facet normal 0 0 -1
		outer loop
			vertex 0.0025375359691679478 0.04471126198768616 0
			vertex 0.002524999901652336 0.044599998742341995 0
			vertex -0.002524999901652336 0.044599998742341995 0
		endloop
	endfacet
	facet normal 0 0 -1
		outer loop
			vertex 0.0025375359691679478 0.04471126198768616 0
			vertex -0.002524999901652336 0.044599998742341995 0
			vertex -0.0025375359691679478 0.04471126198768616 0
		endloop
	endfacet
	facet normal 0 0 -1
		outer loop
			vertex 0.016136260703206062 0.031112536787986755 0
			vertex 0.016136260703206062 0.026037463918328285 0
			vertex 0.01602499932050705 0.02604999952018261 0
		endloop
	endfacet
	facet normal 0 0 -1
		outer loop
			vertex 0.016136260703206062 0.031112536787986755 0
			vertex 0.01602499932050705 0.02604999952018261 0
			vertex 0.01602499932050705 0.031099999323487282 0
		endloop
	endfacet
	facet normal 0 0 -1
		outer loop
			vertex 0.0025745155289769173 0.044816941022872925 0
			vertex 0.0025375359691679478 0.04471126198768616 0
			vertex -0.0025375359691679478 0.04471126198768616 0
		endloop
	endfacet
	facet normal 0 0 -1
		outer loop
			vertex 0.0025745155289769173 0.044816941022872925 0
			vertex -0.0025375359691679478 0.04471126198768616 0
			vertex -0.0025745155289769173 0.044816941022872925 0
		endloop
	endfacet
	facet normal 0 0 -1
		outer loop
			vertex 0.01624194160103798 0.031149515882134438 0
			vertex 0.01624194160103798 0.026000484824180603 0
			vertex 0.016136260703206062 0.026037463918328285 0
		endloop
	endfacet
	facet normal 0 0 -1
		outer loop
			vertex 0.01624194160103798 0.031149515882134438 0
			vertex 0.016136260703206062 0.026037463918328285 0
			vertex 0.016136260703206062 0.031112536787986755 0
		endloop
	endfacet
	facet normal 0 0 -1
		outer loop
			vertex 0.002634084317833185 0.04491174593567848 0
			vertex 0.0025745155289769173 0.044816941022872925 0
			vertex -0.0025745155289769173 0.044816941022872925 0
		endloop
	endfacet
	facet normal 0 0 -1
		outer loop
			vertex 0.002634084317833185 0.04491174593567848 0
			vertex -0.0025745155289769173 0.044816941022872925 0
			vertex -0.002634084317833185 0.04491174593567848 0
		endloop
	endfacet
	facet normal 0 0 -1
		outer loop
			vertex 0.016336744651198387 0.031209085136651993 0
			vertex 0.016336744651198387 0.025940915569663048 0
			vertex 0.01624194160103798 0.026000484824180603 0
		endloop
	endfacet
	facet normal 0 0 -1
		outer loop
			vertex 0.016336744651198387 0.031209085136651993 0
			vertex 0.01624194160103798 0.026000484824180603 0
			vertex 0.01624194160103798 0.031149515882134438 0
		endloop
	endfacet
	facet normal 0 0 -1
		outer loop
			vertex 0.016336744651198387 0.031209085136651993 0
			vertex 0.019963739439845085 0.024950463324785233 0
			vertex 0.016336744651198387 0.025940915569663048 0
		endloop
	endfacet
	facet normal 0 0 -1
		outer loop
			vertex 0.0027132551185786724 0.044990915805101395 0
			vertex -0.002634084317833185 0.04491174593567848 0
			vertex -0.0027132551185786724 0.044990915805101395 0
		endloop
	endfacet
	facet normal 0 0 -1
		outer loop
			vertex 0.0027132551185786724 0.044990915805101395 0
			vertex 0.002634084317833185 0.04491174593567848 0
			vertex -0.002634084317833185 0.04491174593567848 0
		endloop
	endfacet
	facet normal 0 0 -1
		outer loop
			vertex 0.01641591638326645 0.031288255006074905 0
			vertex 0.019963739439845085 0.024950463324785233 0
			vertex 0.016336744651198387 0.031209085136651993 0
		endloop
	endfacet
	facet normal 0 0 -1
		outer loop
			vertex 0.0028080581687390804 0.0450504831969738 0
			vertex -0.0027132551185786724 0.044990915805101395 0
			vertex -0.0028080581687390804 0.0450504831969738 0
		endloop
	endfacet
	facet normal 0 0 -1
		outer loop
			vertex 0.0028080581687390804 0.0450504831969738 0
			vertex 0.0027132551185786724 0.044990915805101395 0
			vertex -0.0027132551185786724 0.044990915805101395 0
		endloop
	endfacet
	facet normal 0 0 -1
		outer loop
			vertex 0.0029137395322322845 0.04508746415376663 0
			vertex 0.0028080581687390804 0.0450504831969738 0
			vertex -0.0028080581687390804 0.0450504831969738 0
		endloop
	endfacet
	facet normal 0 0 -1
		outer loop
			vertex 0.0029137395322322845 0.04508746415376663 0
			vertex -0.0028080581687390804 0.0450504831969738 0
			vertex -0.0029137395322322845 0.04508746415376663 0
		endloop
	endfacet
	facet normal 0 0 -1
		outer loop
			vertex 0.0030249999836087227 0.045099999755620956 0
			vertex -0.0029137395322322845 0.04508746415376663 0
			vertex -0.0030249999836087227 0.045099999755620956 0
		endloop
	endfacet
	facet normal 0 0 -1
		outer loop
			vertex 0.0030249999836087227 0.045099999755620956 0
			vertex 0.0029137395322322845 0.04508746415376663 0
			vertex -0.0029137395322322845 0.04508746415376663 0
		endloop
	endfacet
	facet normal 0 0 -1
		outer loop
			vertex 0.03407499939203262 0.017962999641895294 0
			vertex 0.035075001418590546 0.01652500033378601 0
			vertex 0.022074999287724495 0.01652500033378601 0
		endloop
	endfacet
	facet normal 0 0 -1
		outer loop
			vertex 0.03418625891208649 0.01797553524374962 0
			vertex 0.035075001418590546 0.01652500033378601 0
			vertex 0.03407499939203262 0.017962999641895294 0
		endloop
	endfacet
	facet normal 0 0 -1
		outer loop
			vertex 0.03429194167256355 0.01801251620054245 0
			vertex 0.035075001418590546 0.01652500033378601 0
			vertex 0.03418625891208649 0.01797553524374962 0
		endloop
	endfacet
	facet normal 0 0 -1
		outer loop
			vertex 0.03438674658536911 0.018072083592414856 0
			vertex 0.035075001418590546 0.01652500033378601 0
			vertex 0.03429194167256355 0.01801251620054245 0
		endloop
	endfacet
	facet normal 0 0 -1
		outer loop
			vertex 0.03446591645479202 0.018151255324482918 0
			vertex 0.035075001418590546 0.01652500033378601 0
			vertex 0.03438674658536911 0.018072083592414856 0
		endloop
	endfacet
	facet normal 0 0 -1
		outer loop
			vertex 0.03446591645479202 0.018151255324482918 0
			vertex 0.03518626093864441 0.016512464731931686 0
			vertex 0.035075001418590546 0.01652500033378601 0
		endloop
	endfacet
	facet normal 0 0 -1
		outer loop
			vertex 0.03452548384666443 0.018246058374643326 0
			vertex 0.03518626093864441 0.016512464731931686 0
			vertex 0.03446591645479202 0.018151255324482918 0
		endloop
	endfacet
	facet normal 0 0 -1
		outer loop
			vertex 0.03452548384666443 0.018246058374643326 0
			vertex 0.035291943699121475 0.016475483775138855 0
			vertex 0.03518626093864441 0.016512464731931686 0
		endloop
	endfacet
	facet normal 0 0 -1
		outer loop
			vertex 0.03456246480345726 0.018351739272475243 0
			vertex 0.035291943699121475 0.016475483775138855 0
			vertex 0.03452548384666443 0.018246058374643326 0
		endloop
	endfacet
	facet normal 0 0 -1
		outer loop
			vertex 0.03456246480345726 0.018351739272475243 0
			vertex 0.035386744886636734 0.01641591638326645 0
			vertex 0.035291943699121475 0.016475483775138855 0
		endloop
	endfacet
	facet normal 0 0 -1
		outer loop
			vertex 0.021763255819678307 0.031209085136651993 0
			vertex 0.020075000822544098 0.024963000789284706 0
			vertex 0.019963739439845085 0.024950463324785233 0
		endloop
	endfacet
	facet normal 0 0 -1
		outer loop
			vertex 0.021684084087610245 0.031288255006074905 0
			vertex 0.021763255819678307 0.031209085136651993 0
			vertex 0.019963739439845085 0.024950463324785233 0
		endloop
	endfacet
	facet normal 0 0 -1
		outer loop
			vertex 0.021684084087610245 0.031288255006074905 0
			vertex 0.019963739439845085 0.024950463324785233 0
			vertex 0.01641591638326645 0.031288255006074905 0
		endloop
	endfacet
	facet normal 0 0 -1
		outer loop
			vertex 0.021858058869838715 0.031149515882134438 0
			vertex 0.020075000822544098 0.024963000789284706 0
			vertex 0.021763255819678307 0.031209085136651993 0
		endloop
	endfacet
	facet normal 0 0 -1
		outer loop
			vertex 0.02162451483309269 0.03138305991888046 0
			vertex 0.021684084087610245 0.031288255006074905 0
			vertex 0.01641591638326645 0.031288255006074905 0
		endloop
	endfacet
	facet normal 0 0 -1
		outer loop
			vertex 0.02162451483309269 0.03138305991888046 0
			vertex 0.01641591638326645 0.031288255006074905 0
			vertex 0.016475483775138855 0.03138305991888046 0
		endloop
	endfacet
	facet normal 0 0 -1
		outer loop
			vertex 0.034575000405311584 0.018463000655174255 0
			vertex 0.035386744886636734 0.01641591638326645 0
			vertex 0.03456246480345726 0.018351739272475243 0
		endloop
	endfacet
	facet normal 0 0 -1
		outer loop
			vertex 0.034575000405311584 0.018463000655174255 0
			vertex 0.03552548587322235 0.01624194160103798 0
			vertex 0.03546591475605965 0.016336744651198387 0
		endloop
	endfacet
	facet normal 0 0 -1
		outer loop
			vertex 0.034575000405311584 0.018463000655174255 0
			vertex 0.03546591475605965 0.016336744651198387 0
			vertex 0.035386744886636734 0.01641591638326645 0
		endloop
	endfacet
	facet normal 0 0 -1
		outer loop
			vertex 0.021587535738945007 0.03148873895406723 0
			vertex 0.02162451483309269 0.03138305991888046 0
			vertex 0.016475483775138855 0.03138305991888046 0
		endloop
	endfacet
	facet normal 0 0 -1
		outer loop
			vertex 0.021587535738945007 0.03148873895406723 0
			vertex 0.016475483775138855 0.03138305991888046 0
			vertex 0.016512464731931686 0.03148873895406723 0
		endloop
	endfacet
	facet normal 0 0 -1
		outer loop
			vertex 0.02196373976767063 0.031112536787986755 0
			vertex 0.020075000822544098 0.024963000789284706 0
			vertex 0.021858058869838715 0.031149515882134438 0
		endloop
	endfacet
	facet normal 0 0 -1
		outer loop
			vertex 0.021575000137090683 0.031599998474121094 0
			vertex 0.021587535738945007 0.03148873895406723 0
			vertex 0.016512464731931686 0.03148873895406723 0
		endloop
	endfacet
	facet normal 0 0 -1
		outer loop
			vertex 0.021575000137090683 0.031599998474121094 0
			vertex 0.016512464731931686 0.03148873895406723 0
			vertex 0.01652500033378601 0.031599998474121094 0
		endloop
	endfacet
	facet normal 0 0 -1
		outer loop
			vertex 0.022074999287724495 0.031099999323487282 0
			vertex 0.020075000822544098 0.024963000789284706 0
			vertex 0.02196373976767063 0.031112536787986755 0
		endloop
	endfacet
	facet normal 0 0 -1
		outer loop
			vertex 0.03407499939203262 0.024963000789284706 0
			vertex 0.020075000822544098 0.024963000789284706 0
			vertex 0.022074999287724495 0.031099999323487282 0
		endloop
	endfacet
	facet normal 0 0 -1
		outer loop
			vertex 0.034575000405311584 0.024462999776005745 0
			vertex 0.03552548587322235 0.01624194160103798 0
			vertex 0.034575000405311584 0.018463000655174255 0
		endloop
	endfacet
	facet normal 0 0 -1
		outer loop
			vertex 0.034575000405311584 0.024462999776005745 0
			vertex 0.035562463104724884 0.016136260703206062 0
			vertex 0.03552548587322235 0.01624194160103798 0
		endloop
	endfacet
	facet normal 0 0 -1
		outer loop
			vertex 0.021575000137090683 0.044599998742341995 0
			vertex 0.021575000137090683 0.031599998474121094 0
			vertex 0.01652500033378601 0.031599998474121094 0
		endloop
	endfacet
	facet normal 0 0 -1
		outer loop
			vertex 0.021575000137090683 0.044599998742341995 0
			vertex 0.01652500033378601 0.031599998474121094 0
			vertex 0.01652500033378601 0.044599998742341995 0
		endloop
	endfacet
	facet normal 0 0 -1
		outer loop
			vertex 0.035075001418590546 0.031099999323487282 0
			vertex 0.03407499939203262 0.024963000789284706 0
			vertex 0.022074999287724495 0.031099999323487282 0
		endloop
	endfacet
	facet normal 0 0 -1
		outer loop
			vertex 0.035075001418590546 0.031099999323487282 0
			vertex 0.03429194167256355 0.02491348423063755 0
			vertex 0.03418625891208649 0.024950463324785233 0
		endloop
	endfacet
	facet normal 0 0 -1
		outer loop
			vertex 0.035075001418590546 0.031099999323487282 0
			vertex 0.03418625891208649 0.024950463324785233 0
			vertex 0.03407499939203262 0.024963000789284706 0
		endloop
	endfacet
	facet normal 0 0 -1
		outer loop
			vertex 0.021587535738945007 0.04471126198768616 0
			vertex 0.021575000137090683 0.044599998742341995 0
			vertex 0.01652500033378601 0.044599998742341995 0
		endloop
	endfacet
	facet normal 0 0 -1
		outer loop
			vertex 0.021587535738945007 0.04471126198768616 0
			vertex 0.01652500033378601 0.044599998742341995 0
			vertex 0.016512464731931686 0.04471126198768616 0
		endloop
	endfacet
	facet normal 0 0 -1
		outer loop
			vertex 0.03518626093864441 0.031112536787986755 0
			vertex 0.03429194167256355 0.02491348423063755 0
			vertex 0.035075001418590546 0.031099999323487282 0
		endloop
	endfacet
	facet normal 0 0 -1
		outer loop
			vertex 0.03518626093864441 0.031112536787986755 0
			vertex 0.03438674658536911 0.024853914976119995 0
			vertex 0.03429194167256355 0.02491348423063755 0
		endloop
	endfacet
	facet normal 0 0 -1
		outer loop
			vertex 0.035291943699121475 0.031149515882134438 0
			vertex 0.03438674658536911 0.024853914976119995 0
			vertex 0.03518626093864441 0.031112536787986755 0
		endloop
	endfacet
	facet normal 0 0 -1
		outer loop
			vertex 0.035291943699121475 0.031149515882134438 0
			vertex 0.03446591645479202 0.024774745106697083 0
			vertex 0.03438674658536911 0.024853914976119995 0
		endloop
	endfacet
	facet normal 0 0 -1
		outer loop
			vertex 0.02162451483309269 0.044816941022872925 0
			vertex 0.021587535738945007 0.04471126198768616 0
			vertex 0.016512464731931686 0.04471126198768616 0
		endloop
	endfacet
	facet normal 0 0 -1
		outer loop
			vertex 0.02162451483309269 0.044816941022872925 0
			vertex 0.016512464731931686 0.04471126198768616 0
			vertex 0.016475483775138855 0.044816941022872925 0
		endloop
	endfacet
	facet normal 0 0 -1
		outer loop
			vertex 0.035386744886636734 0.031209085136651993 0
			vertex 0.03446591645479202 0.024774745106697083 0
			vertex 0.035291943699121475 0.031149515882134438 0
		endloop
	endfacet
	facet normal 0 0 -1
		outer loop
			vertex 0.035386744886636734 0.031209085136651993 0
			vertex 0.03452548384666443 0.024679942056536674 0
			vertex 0.03446591645479202 0.024774745106697083 0
		endloop
	endfacet
	facet normal 0 0 -1
		outer loop
			vertex 0.021684084087610245 0.04491174593567848 0
			vertex 0.02162451483309269 0.044816941022872925 0
			vertex 0.016475483775138855 0.044816941022872925 0
		endloop
	endfacet
	facet normal 0 0 -1
		outer loop
			vertex 0.021684084087610245 0.04491174593567848 0
			vertex 0.016475483775138855 0.044816941022872925 0
			vertex 0.01641591638326645 0.04491174593567848 0
		endloop
	endfacet
	facet normal 0 0 -1
		outer loop
			vertex 0.03546591475605965 0.031288255006074905 0
			vertex 0.03452548384666443 0.024679942056536674 0
			vertex 0.035386744886636734 0.031209085136651993 0
		endloop
	endfacet
	facet normal 0 0 -1
		outer loop
			vertex 0.03546591475605965 0.031288255006074905 0
			vertex 0.03456246480345726 0.024574261158704758 0
			vertex 0.03452548384666443 0.024679942056536674 0
		endloop
	endfacet
	facet normal 0 0 -1
		outer loop
			vertex 0.021763255819678307 0.044990915805101395 0
			vertex 0.021684084087610245 0.04491174593567848 0
			vertex 0.01641591638326645 0.04491174593567848 0
		endloop
	endfacet
	facet normal 0 0 -1
		outer loop
			vertex 0.021763255819678307 0.044990915805101395 0
			vertex 0.01641591638326645 0.04491174593567848 0
			vertex 0.016336744651198387 0.044990915805101395 0
		endloop
	endfacet
	facet normal 0 0 -1
		outer loop
			vertex 0.03552548587322235 0.03138305991888046 0
			vertex 0.03456246480345726 0.024574261158704758 0
			vertex 0.03546591475605965 0.031288255006074905 0
		endloop
	endfacet
	facet normal 0 0 -1
		outer loop
			vertex 0.03552548587322235 0.03138305991888046 0
			vertex 0.034575000405311584 0.024462999776005745 0
			vertex 0.03456246480345726 0.024574261158704758 0
		endloop
	endfacet
	facet normal 0 0 -1
		outer loop
			vertex 0.021858058869838715 0.0450504831969738 0
			vertex 0.021763255819678307 0.044990915805101395 0
			vertex 0.016336744651198387 0.044990915805101395 0
		endloop
	endfacet
	facet normal 0 0 -1
		outer loop
			vertex 0.021858058869838715 0.0450504831969738 0
			vertex 0.016336744651198387 0.044990915805101395 0
			vertex 0.01624194160103798 0.0450504831969738 0
		endloop
	endfacet
	facet normal 0 0 -1
		outer loop
			vertex 0.035562463104724884 0.03148873895406723 0
			vertex 0.034575000405311584 0.024462999776005745 0
			vertex 0.03552548587322235 0.03138305991888046 0
		endloop
	endfacet
	facet normal 0 0 -1
		outer loop
			vertex 0.035562463104724884 0.03148873895406723 0
			vertex 0.035562463104724884 0.016136260703206062 0
			vertex 0.034575000405311584 0.024462999776005745 0
		endloop
	endfacet
	facet normal 0 0 -1
		outer loop
			vertex 0.02196373976767063 0.04508746415376663 0
			vertex 0.021858058869838715 0.0450504831969738 0
			vertex 0.01624194160103798 0.0450504831969738 0
		endloop
	endfacet
	facet normal 0 0 -1
		outer loop
			vertex 0.02196373976767063 0.04508746415376663 0
			vertex 0.01624194160103798 0.0450504831969738 0
			vertex 0.016136260703206062 0.04508746415376663 0
		endloop
	endfacet
	facet normal 0 0 -1
		outer loop
			vertex 0.03557499870657921 0.031599998474121094 0
			vertex 0.03557499870657921 0.01602499932050705 0
			vertex 0.035562463104724884 0.016136260703206062 0
		endloop
	endfacet
	facet normal 0 0 -1
		outer loop
			vertex 0.03557499870657921 0.031599998474121094 0
			vertex 0.035562463104724884 0.016136260703206062 0
			vertex 0.035562463104724884 0.03148873895406723 0
		endloop
	endfacet
	facet normal 0 0 -1
		outer loop
			vertex 0.022074999287724495 0.045099999755620956 0
			vertex 0.016136260703206062 0.04508746415376663 0
			vertex 0.01602499932050705 0.045099999755620956 0
		endloop
	endfacet
	facet normal 0 0 -1
		outer loop
			vertex 0.022074999287724495 0.045099999755620956 0
			vertex 0.02196373976767063 0.04508746415376663 0
			vertex 0.016136260703206062 0.04508746415376663 0
		endloop
	endfacet
	facet normal 0 0 -1
		outer loop
			vertex 0.038100000470876694 0.04762500151991844 0
			vertex 0.035075001418590546 0.045099999755620956 0
			vertex 0.022074999287724495 0.045099999755620956 0
		endloop
	endfacet
	facet normal 0 0 -1
		outer loop
			vertex 0.038100000470876694 0.04762500151991844 0
			vertex 0.03557499870657921 0.044599998742341995 0
			vertex 0.035562463104724884 0.04471126198768616 0
		endloop
	endfacet
	facet normal 0 0 -1
		outer loop
			vertex 0.038100000470876694 0.04762500151991844 0
			vertex 0.035562463104724884 0.04471126198768616 0
			vertex 0.03552548587322235 0.044816941022872925 0
		endloop
	endfacet
	facet normal 0 0 -1
		outer loop
			vertex 0.038100000470876694 0.04762500151991844 0
			vertex 0.03552548587322235 0.044816941022872925 0
			vertex 0.03546591475605965 0.04491174593567848 0
		endloop
	endfacet
	facet normal 0 0 -1
		outer loop
			vertex 0.038100000470876694 0.04762500151991844 0
			vertex 0.03546591475605965 0.04491174593567848 0
			vertex 0.035386744886636734 0.044990915805101395 0
		endloop
	endfacet
	facet normal 0 0 -1
		outer loop
			vertex 0.038100000470876694 0.04762500151991844 0
			vertex 0.035386744886636734 0.044990915805101395 0
			vertex 0.035291943699121475 0.0450504831969738 0
		endloop
	endfacet
	facet normal 0 0 -1
		outer loop
			vertex 0.038100000470876694 0.04762500151991844 0
			vertex 0.035291943699121475 0.0450504831969738 0
			vertex 0.03518626093864441 0.04508746415376663 0
		endloop
	endfacet
	facet normal 0 0 -1
		outer loop
			vertex 0.038100000470876694 0.04762500151991844 0
			vertex 0.03518626093864441 0.04508746415376663 0
			vertex 0.035075001418590546 0.045099999755620956 0
		endloop
	endfacet
	facet normal 0 0 -1
		outer loop
			vertex 0.038100000470876694 0.04762500151991844 0
			vertex 0.03557499870657921 0.031599998474121094 0
			vertex 0.03557499870657921 0.044599998742341995 0
		endloop
	endfacet
	facet normal 0 0 -1
		outer loop
			vertex 0.038100000470876694 0.04762500151991844 0
			vertex 0.03557499870657921 0.01602499932050705 0
			vertex 0.03557499870657921 0.031599998474121094 0
		endloop
	endfacet
	facet normal 0 0 -1
		outer loop
			vertex -0.038100000470876694 -0.04762500151991844 0
			vertex -0.010111999697983265 -0.0471000000834465 0
			vertex 0.038100000470876694 -0.04762500151991844 0
		endloop
	endfacet
	facet normal 0 0 -1
		outer loop
			vertex -0.010111999697983265 -0.0471000000834465 0
			vertex -0.004112000111490488 -0.0471000000834465 0
			vertex 0.038100000470876694 -0.04762500151991844 0
		endloop
	endfacet
	facet normal 0 0 -1
		outer loop
			vertex 0.038100000470876694 -0.04762500151991844 0
			vertex 0.03557499870657921 0.01602499932050705 0
			vertex 0.038100000470876694 0.04762500151991844 0
		endloop
	endfacet
	facet normal 0 0 -1
		outer loop
			vertex 0.038100000470876694 -0.04762500151991844 0
			vertex 0.03557499870657921 0.0030249999836087227 0
			vertex 0.03557499870657921 0.01602499932050705 0
		endloop
	endfacet
	facet normal 0 0 -1
		outer loop
			vertex 0.038100000470876694 -0.04762500151991844 0
			vertex 0.03557499870657921 -0.022074999287724495 0
			vertex 0.03557499870657921 0.0030249999836087227 0
		endloop
	endfacet
	facet normal 0 0 -1
		outer loop
			vertex 0.038100000470876694 0.04762500151991844 0
			vertex -0.022074999287724495 0.045099999755620956 0
			vertex -0.038100000470876694 0.04762500151991844 0
		endloop
	endfacet
	facet normal 0 0 -1
		outer loop
			vertex 0.038100000470876694 0.04762500151991844 0
			vertex -0.01602499932050705 0.045099999755620956 0
			vertex -0.022074999287724495 0.045099999755620956 0
		endloop
	endfacet
	facet normal 0 0 -1
		outer loop
			vertex 0.038100000470876694 0.04762500151991844 0
			vertex -0.0030249999836087227 0.045099999755620956 0
			vertex -0.01602499932050705 0.045099999755620956 0
		endloop
	endfacet
	facet normal 0 0 -1
		outer loop
			vertex 0.038100000470876694 0.04762500151991844 0
			vertex 0.0030249999836087227 0.045099999755620956 0
			vertex -0.0030249999836087227 0.045099999755620956 0
		endloop
	endfacet
	facet normal 0 0 -1
		outer loop
			vertex 0.038100000470876694 0.04762500151991844 0
			vertex 0.01602499932050705 0.045099999755620956 0
			vertex 0.0030249999836087227 0.045099999755620956 0
		endloop
	endfacet
	facet normal 0 0 -1
		outer loop
			vertex 0.038100000470876694 0.04762500151991844 0
			vertex 0.022074999287724495 0.045099999755620956 0
			vertex 0.01602499932050705 0.045099999755620956 0
		endloop
	endfacet
	facet normal 0 0 -1
		outer loop
			vertex -0.038100000470876694 0.04762500151991844 0
			vertex -0.03557499870657921 -0.025550000369548798 0
			vertex -0.038100000470876694 -0.04762500151991844 0
		endloop
	endfacet
	facet normal 0 0 -1
		outer loop
			vertex -0.038100000470876694 0.04762500151991844 0
			vertex -0.03557499870657921 -0.012550000101327896 0
			vertex -0.03557499870657921 -0.025550000369548798 0
		endloop
	endfacet
	facet normal 0 0 -1
		outer loop
			vertex -0.038100000470876694 0.04762500151991844 0
			vertex -0.03557499870657921 -0.006500000134110451 0
			vertex -0.03557499870657921 -0.012550000101327896 0
		endloop
	endfacet
	facet normal 0 0 -1
		outer loop
			vertex -0.038100000470876694 0.04762500151991844 0
			vertex -0.03557499870657921 0.006500000134110451 0
			vertex -0.03557499870657921 -0.006500000134110451 0
		endloop
	endfacet
	facet normal 0 0 -1
		outer loop
			vertex -0.038100000470876694 0.04762500151991844 0
			vertex -0.03557499870657921 0.012550000101327896 0
			vertex -0.03557499870657921 0.006500000134110451 0
		endloop
	endfacet
	facet normal 0 0 -1
		outer loop
			vertex -0.038100000470876694 0.04762500151991844 0
			vertex -0.03557499870657921 0.025550000369548798 0
			vertex -0.03557499870657921 0.012550000101327896 0
		endloop
	endfacet
	facet normal 0 0 -1
		outer loop
			vertex 0.03407499939203262 0.017962999641895294 0
			vertex 0.022074999287724495 0.01652500033378601 0
			vertex 0.020075000822544098 0.017962999641895294 0
		endloop
	endfacet
	facet normal 0 0 -1
		outer loop
			vertex 0.020075000822544098 0.0010870000114664435 0
			vertex 0.022074999287724495 0.002524999901652336 0
			vertex 0.03407499939203262 0.0010870000114664435 0
		endloop
	endfacet
	facet normal 0 0 -1
		outer loop
			vertex 0.03407499939203262 -0.0201370008289814 0
			vertex 0.022074999287724495 -0.021575000137090683 0
			vertex 0.020075000822544098 -0.0201370008289814 0
		endloop
	endfacet
	facet normal 0 0 -1
		outer loop
			vertex 0.020075000822544098 -0.03701300173997879 0
			vertex 0.022074999287724495 -0.03557499870657921 0
			vertex 0.03407499939203262 -0.03701300173997879 0
		endloop
	endfacet
	facet normal 0 0 -1
		outer loop
			vertex -0.027488000690937042 -0.032600000500679016 0
			vertex -0.02604999952018261 -0.044599998742341995 0
			vertex -0.027488000690937042 -0.04659999907016754 0
		endloop
	endfacet
	facet normal 0 0 -1
		outer loop
			vertex -0.010611999779939651 -0.04659999907016754 0
			vertex -0.01205000001937151 -0.044599998742341995 0
			vertex -0.010611999779939651 -0.032600000500679016 0
		endloop
	endfacet
endsolid exported
