ISO-10303-21;
HEADER;
/* Generated by software containing ST-Developer
 * from STEP Tools, Inc. (www.steptools.com) 
 */
/* OPTION: using custom renumber hook */

FILE_DESCRIPTION(
/* description */ ('STEP AP242 Edition 2',
'CAx-IF Rec.Pracs.---Representation and Presentation of Product Manufa
cturing Information (PMI)---4.0---2014-10-13',
'CAx-IF Rec.Pracs.---3D Tessellated Geometry---0.4---2014-09-14','2;1',
'CAx-IF Rec.Pracs.---User Defined Attributes---1.5---2016-08-15'),
/* implementation_level */ '2;1');

FILE_NAME(
/* name */ 'Part Studio 2',
/* time_stamp */ '2026-09-26T06:59:36Z',
/* author */ (''),
/* organization */ (''),
/* preprocessor_version */ 'ST-DEVELOPER v20',
/* originating_system */ 'ONSHAPE BY PTC INC, 1.221',
/* authorisation */ '  ');

FILE_SCHEMA (('AP242_MANAGED_MODEL_BASED_3D_ENGINEERING_MIM_LF { 1 0 10303 442 3 1 4 }'));
ENDSEC;

DATA;
#10=SHAPE_REPRESENTATION_RELATIONSHIP('','',#3887,#11);
#11=ADVANCED_BREP_SHAPE_REPRESENTATION('',(#3885),#6525);
#12=CIRCLE('',#3893,0.0005);
#13=CIRCLE('',#3894,0.0005);
#14=CIRCLE('',#3897,0.0005);
#15=CIRCLE('',#3898,0.0005);
#16=CIRCLE('',#3901,0.0005);
#17=CIRCLE('',#3902,0.0005);
#18=CIRCLE('',#3905,0.0005);
#19=CIRCLE('',#3906,0.0005);
#20=CIRCLE('',#3908,0.0005);
#21=CIRCLE('',#3909,0.0005);
#22=CIRCLE('',#3912,0.0005);
#23=CIRCLE('',#3913,0.0005);
#24=CIRCLE('',#3916,0.000500000000000006);
#25=CIRCLE('',#3917,0.000500000000000006);
#26=CIRCLE('',#3920,0.000500000000000007);
#27=CIRCLE('',#3921,0.000500000000000007);
#28=CIRCLE('',#3923,0.0005);
#29=CIRCLE('',#3924,0.0005);
#30=CIRCLE('',#3927,0.0005);
#31=CIRCLE('',#3928,0.0005);
#32=CIRCLE('',#3931,0.000500000000000006);
#33=CIRCLE('',#3932,0.000500000000000006);
#34=CIRCLE('',#3935,0.000500000000000007);
#35=CIRCLE('',#3936,0.000500000000000007);
#36=CIRCLE('',#3938,0.0005);
#37=CIRCLE('',#3939,0.0005);
#38=CIRCLE('',#3942,0.0005);
#39=CIRCLE('',#3943,0.0005);
#40=CIRCLE('',#3946,0.0005);
#41=CIRCLE('',#3947,0.0005);
#42=CIRCLE('',#3950,0.0005);
#43=CIRCLE('',#3951,0.0005);
#44=CIRCLE('',#3953,0.0005);
#45=CIRCLE('',#3954,0.0005);
#46=CIRCLE('',#3957,0.0005);
#47=CIRCLE('',#3958,0.0005);
#48=CIRCLE('',#3961,0.0005);
#49=CIRCLE('',#3962,0.0005);
#50=CIRCLE('',#3965,0.0005);
#51=CIRCLE('',#3966,0.0005);
#52=CIRCLE('',#3968,0.0005);
#53=CIRCLE('',#3969,0.0005);
#54=CIRCLE('',#3972,0.0005);
#55=CIRCLE('',#3973,0.0005);
#56=CIRCLE('',#3976,0.0005);
#57=CIRCLE('',#3977,0.0005);
#58=CIRCLE('',#3980,0.0005);
#59=CIRCLE('',#3981,0.0005);
#60=CIRCLE('',#3983,0.0005);
#61=CIRCLE('',#3984,0.0005);
#62=CIRCLE('',#3987,0.0005);
#63=CIRCLE('',#3988,0.0005);
#64=CIRCLE('',#3991,0.0005);
#65=CIRCLE('',#3992,0.0005);
#66=CIRCLE('',#3995,0.0005);
#67=CIRCLE('',#3996,0.0005);
#68=CIRCLE('',#3998,0.0005);
#69=CIRCLE('',#3999,0.0005);
#70=CIRCLE('',#4002,0.0005);
#71=CIRCLE('',#4003,0.0005);
#72=CIRCLE('',#4006,0.0005);
#73=CIRCLE('',#4007,0.0005);
#74=CIRCLE('',#4010,0.0005);
#75=CIRCLE('',#4011,0.0005);
#76=CIRCLE('',#4013,0.0005);
#77=CIRCLE('',#4014,0.0005);
#78=CIRCLE('',#4017,0.0005);
#79=CIRCLE('',#4018,0.0005);
#80=CIRCLE('',#4021,0.0005);
#81=CIRCLE('',#4022,0.0005);
#82=CIRCLE('',#4025,0.0005);
#83=CIRCLE('',#4026,0.0005);
#84=CIRCLE('',#4028,0.0005);
#85=CIRCLE('',#4029,0.0005);
#86=CIRCLE('',#4032,0.0005);
#87=CIRCLE('',#4033,0.0005);
#88=CIRCLE('',#4036,0.0005);
#89=CIRCLE('',#4037,0.0005);
#90=CIRCLE('',#4040,0.0005);
#91=CIRCLE('',#4041,0.0005);
#92=CIRCLE('',#4043,0.0005);
#93=CIRCLE('',#4044,0.0005);
#94=CIRCLE('',#4047,0.0005);
#95=CIRCLE('',#4048,0.0005);
#96=CIRCLE('',#4051,0.0005);
#97=CIRCLE('',#4052,0.0005);
#98=CIRCLE('',#4055,0.0005);
#99=CIRCLE('',#4056,0.0005);
#100=CIRCLE('',#4058,0.0005);
#101=CIRCLE('',#4059,0.0005);
#102=CIRCLE('',#4062,0.0005);
#103=CIRCLE('',#4063,0.0005);
#104=CIRCLE('',#4066,0.0005);
#105=CIRCLE('',#4067,0.0005);
#106=CIRCLE('',#4070,0.0005);
#107=CIRCLE('',#4071,0.0005);
#108=CIRCLE('',#4073,0.0005);
#109=CIRCLE('',#4074,0.0005);
#110=CIRCLE('',#4077,0.0005);
#111=CIRCLE('',#4078,0.0005);
#112=CIRCLE('',#4081,0.0005);
#113=CIRCLE('',#4082,0.0005);
#114=CIRCLE('',#4085,0.0005);
#115=CIRCLE('',#4086,0.0005);
#116=CIRCLE('',#4088,0.0005);
#117=CIRCLE('',#4089,0.0005);
#118=CIRCLE('',#4092,0.0005);
#119=CIRCLE('',#4093,0.0005);
#120=CIRCLE('',#4096,0.0005);
#121=CIRCLE('',#4097,0.0005);
#122=CIRCLE('',#4100,0.0005);
#123=CIRCLE('',#4101,0.0005);
#124=CIRCLE('',#4103,0.0005);
#125=CIRCLE('',#4104,0.0005);
#126=CIRCLE('',#4107,0.0005);
#127=CIRCLE('',#4108,0.0005);
#128=CIRCLE('',#4111,0.0005);
#129=CIRCLE('',#4112,0.0005);
#130=CIRCLE('',#4115,0.0005);
#131=CIRCLE('',#4116,0.0005);
#132=CIRCLE('',#4118,0.0005);
#133=CIRCLE('',#4119,0.0005);
#134=CIRCLE('',#4122,0.0005);
#135=CIRCLE('',#4123,0.0005);
#136=CIRCLE('',#4126,0.0005);
#137=CIRCLE('',#4127,0.0005);
#138=CIRCLE('',#4130,0.0005);
#139=CIRCLE('',#4131,0.0005);
#140=CIRCLE('',#4133,0.0005);
#141=CIRCLE('',#4134,0.0005);
#142=CIRCLE('',#4137,0.0005);
#143=CIRCLE('',#4138,0.0005);
#144=CIRCLE('',#4141,0.0005);
#145=CIRCLE('',#4142,0.0005);
#146=CIRCLE('',#4145,0.0005);
#147=CIRCLE('',#4146,0.0005);
#148=CIRCLE('',#4148,0.0005);
#149=CIRCLE('',#4149,0.0005);
#150=CIRCLE('',#4152,0.0005);
#151=CIRCLE('',#4153,0.0005);
#152=CIRCLE('',#4156,0.0005);
#153=CIRCLE('',#4157,0.0005);
#154=CIRCLE('',#4160,0.0005);
#155=CIRCLE('',#4161,0.0005);
#156=CIRCLE('',#4163,0.0005);
#157=CIRCLE('',#4164,0.0005);
#158=CIRCLE('',#4167,0.0005);
#159=CIRCLE('',#4168,0.0005);
#160=CIRCLE('',#4171,0.0005);
#161=CIRCLE('',#4172,0.0005);
#162=CIRCLE('',#4175,0.0005);
#163=CIRCLE('',#4176,0.0005);
#164=CIRCLE('',#4178,0.0005);
#165=CIRCLE('',#4179,0.0005);
#166=CIRCLE('',#4182,0.0005);
#167=CIRCLE('',#4183,0.0005);
#168=CIRCLE('',#4186,0.0005);
#169=CIRCLE('',#4187,0.0005);
#170=CIRCLE('',#4190,0.0005);
#171=CIRCLE('',#4191,0.0005);
#172=CIRCLE('',#4193,0.0005);
#173=CIRCLE('',#4194,0.0005);
#174=CIRCLE('',#4197,0.0005);
#175=CIRCLE('',#4198,0.0005);
#176=CIRCLE('',#4201,0.0005);
#177=CIRCLE('',#4202,0.0005);
#178=CIRCLE('',#4205,0.0005);
#179=CIRCLE('',#4206,0.0005);
#180=CIRCLE('',#4208,0.0005);
#181=CIRCLE('',#4209,0.0005);
#182=CIRCLE('',#4212,0.0005);
#183=CIRCLE('',#4213,0.0005);
#184=CIRCLE('',#4216,0.0005);
#185=CIRCLE('',#4217,0.0005);
#186=CIRCLE('',#4220,0.0005);
#187=CIRCLE('',#4221,0.0005);
#188=CIRCLE('',#4223,0.0005);
#189=CIRCLE('',#4224,0.0005);
#190=CIRCLE('',#4227,0.0005);
#191=CIRCLE('',#4228,0.0005);
#192=CIRCLE('',#4231,0.0005);
#193=CIRCLE('',#4232,0.0005);
#194=CIRCLE('',#4235,0.0005);
#195=CIRCLE('',#4236,0.0005);
#196=CYLINDRICAL_SURFACE('',#3892,0.0005);
#197=CYLINDRICAL_SURFACE('',#3896,0.0005);
#198=CYLINDRICAL_SURFACE('',#3900,0.0005);
#199=CYLINDRICAL_SURFACE('',#3904,0.0005);
#200=CYLINDRICAL_SURFACE('',#3907,0.0005);
#201=CYLINDRICAL_SURFACE('',#3911,0.0005);
#202=CYLINDRICAL_SURFACE('',#3915,0.000500000000000006);
#203=CYLINDRICAL_SURFACE('',#3919,0.000500000000000007);
#204=CYLINDRICAL_SURFACE('',#3922,0.0005);
#205=CYLINDRICAL_SURFACE('',#3926,0.0005);
#206=CYLINDRICAL_SURFACE('',#3930,0.000500000000000006);
#207=CYLINDRICAL_SURFACE('',#3934,0.000500000000000007);
#208=CYLINDRICAL_SURFACE('',#3937,0.0005);
#209=CYLINDRICAL_SURFACE('',#3941,0.0005);
#210=CYLINDRICAL_SURFACE('',#3945,0.0005);
#211=CYLINDRICAL_SURFACE('',#3949,0.0005);
#212=CYLINDRICAL_SURFACE('',#3952,0.0005);
#213=CYLINDRICAL_SURFACE('',#3956,0.0005);
#214=CYLINDRICAL_SURFACE('',#3960,0.0005);
#215=CYLINDRICAL_SURFACE('',#3964,0.0005);
#216=CYLINDRICAL_SURFACE('',#3967,0.0005);
#217=CYLINDRICAL_SURFACE('',#3971,0.0005);
#218=CYLINDRICAL_SURFACE('',#3975,0.0005);
#219=CYLINDRICAL_SURFACE('',#3979,0.0005);
#220=CYLINDRICAL_SURFACE('',#3982,0.0005);
#221=CYLINDRICAL_SURFACE('',#3986,0.0005);
#222=CYLINDRICAL_SURFACE('',#3990,0.0005);
#223=CYLINDRICAL_SURFACE('',#3994,0.0005);
#224=CYLINDRICAL_SURFACE('',#3997,0.0005);
#225=CYLINDRICAL_SURFACE('',#4001,0.0005);
#226=CYLINDRICAL_SURFACE('',#4005,0.0005);
#227=CYLINDRICAL_SURFACE('',#4009,0.0005);
#228=CYLINDRICAL_SURFACE('',#4012,0.0005);
#229=CYLINDRICAL_SURFACE('',#4016,0.0005);
#230=CYLINDRICAL_SURFACE('',#4020,0.0005);
#231=CYLINDRICAL_SURFACE('',#4024,0.0005);
#232=CYLINDRICAL_SURFACE('',#4027,0.0005);
#233=CYLINDRICAL_SURFACE('',#4031,0.0005);
#234=CYLINDRICAL_SURFACE('',#4035,0.0005);
#235=CYLINDRICAL_SURFACE('',#4039,0.0005);
#236=CYLINDRICAL_SURFACE('',#4042,0.0005);
#237=CYLINDRICAL_SURFACE('',#4046,0.0005);
#238=CYLINDRICAL_SURFACE('',#4050,0.0005);
#239=CYLINDRICAL_SURFACE('',#4054,0.0005);
#240=CYLINDRICAL_SURFACE('',#4057,0.0005);
#241=CYLINDRICAL_SURFACE('',#4061,0.0005);
#242=CYLINDRICAL_SURFACE('',#4065,0.0005);
#243=CYLINDRICAL_SURFACE('',#4069,0.0005);
#244=CYLINDRICAL_SURFACE('',#4072,0.0005);
#245=CYLINDRICAL_SURFACE('',#4076,0.0005);
#246=CYLINDRICAL_SURFACE('',#4080,0.0005);
#247=CYLINDRICAL_SURFACE('',#4084,0.0005);
#248=CYLINDRICAL_SURFACE('',#4087,0.0005);
#249=CYLINDRICAL_SURFACE('',#4091,0.0005);
#250=CYLINDRICAL_SURFACE('',#4095,0.0005);
#251=CYLINDRICAL_SURFACE('',#4099,0.0005);
#252=CYLINDRICAL_SURFACE('',#4102,0.0005);
#253=CYLINDRICAL_SURFACE('',#4106,0.0005);
#254=CYLINDRICAL_SURFACE('',#4110,0.0005);
#255=CYLINDRICAL_SURFACE('',#4114,0.0005);
#256=CYLINDRICAL_SURFACE('',#4117,0.0005);
#257=CYLINDRICAL_SURFACE('',#4121,0.0005);
#258=CYLINDRICAL_SURFACE('',#4125,0.0005);
#259=CYLINDRICAL_SURFACE('',#4129,0.0005);
#260=CYLINDRICAL_SURFACE('',#4132,0.0005);
#261=CYLINDRICAL_SURFACE('',#4136,0.0005);
#262=CYLINDRICAL_SURFACE('',#4140,0.0005);
#263=CYLINDRICAL_SURFACE('',#4144,0.0005);
#264=CYLINDRICAL_SURFACE('',#4147,0.0005);
#265=CYLINDRICAL_SURFACE('',#4151,0.0005);
#266=CYLINDRICAL_SURFACE('',#4155,0.0005);
#267=CYLINDRICAL_SURFACE('',#4159,0.0005);
#268=CYLINDRICAL_SURFACE('',#4162,0.0005);
#269=CYLINDRICAL_SURFACE('',#4166,0.0005);
#270=CYLINDRICAL_SURFACE('',#4170,0.0005);
#271=CYLINDRICAL_SURFACE('',#4174,0.0005);
#272=CYLINDRICAL_SURFACE('',#4177,0.0005);
#273=CYLINDRICAL_SURFACE('',#4181,0.0005);
#274=CYLINDRICAL_SURFACE('',#4185,0.0005);
#275=CYLINDRICAL_SURFACE('',#4189,0.0005);
#276=CYLINDRICAL_SURFACE('',#4192,0.0005);
#277=CYLINDRICAL_SURFACE('',#4196,0.0005);
#278=CYLINDRICAL_SURFACE('',#4200,0.0005);
#279=CYLINDRICAL_SURFACE('',#4204,0.0005);
#280=CYLINDRICAL_SURFACE('',#4207,0.0005);
#281=CYLINDRICAL_SURFACE('',#4211,0.0005);
#282=CYLINDRICAL_SURFACE('',#4215,0.0005);
#283=CYLINDRICAL_SURFACE('',#4219,0.0005);
#284=CYLINDRICAL_SURFACE('',#4222,0.0005);
#285=CYLINDRICAL_SURFACE('',#4226,0.0005);
#286=CYLINDRICAL_SURFACE('',#4230,0.0005);
#287=CYLINDRICAL_SURFACE('',#4234,0.0005);
#288=ORIENTED_EDGE('',*,*,#1416,.F.);
#289=ORIENTED_EDGE('',*,*,#1417,.F.);
#290=ORIENTED_EDGE('',*,*,#1418,.T.);
#291=ORIENTED_EDGE('',*,*,#1419,.T.);
#292=ORIENTED_EDGE('',*,*,#1420,.T.);
#293=ORIENTED_EDGE('',*,*,#1421,.F.);
#294=ORIENTED_EDGE('',*,*,#1422,.F.);
#295=ORIENTED_EDGE('',*,*,#1417,.T.);
#296=ORIENTED_EDGE('',*,*,#1423,.T.);
#297=ORIENTED_EDGE('',*,*,#1424,.F.);
#298=ORIENTED_EDGE('',*,*,#1425,.F.);
#299=ORIENTED_EDGE('',*,*,#1421,.T.);
#300=ORIENTED_EDGE('',*,*,#1426,.F.);
#301=ORIENTED_EDGE('',*,*,#1427,.F.);
#302=ORIENTED_EDGE('',*,*,#1428,.T.);
#303=ORIENTED_EDGE('',*,*,#1429,.T.);
#304=ORIENTED_EDGE('',*,*,#1430,.T.);
#305=ORIENTED_EDGE('',*,*,#1431,.F.);
#306=ORIENTED_EDGE('',*,*,#1432,.F.);
#307=ORIENTED_EDGE('',*,*,#1427,.T.);
#308=ORIENTED_EDGE('',*,*,#1433,.F.);
#309=ORIENTED_EDGE('',*,*,#1434,.F.);
#310=ORIENTED_EDGE('',*,*,#1435,.T.);
#311=ORIENTED_EDGE('',*,*,#1431,.T.);
#312=ORIENTED_EDGE('',*,*,#1436,.T.);
#313=ORIENTED_EDGE('',*,*,#1437,.F.);
#314=ORIENTED_EDGE('',*,*,#1438,.F.);
#315=ORIENTED_EDGE('',*,*,#1434,.T.);
#316=ORIENTED_EDGE('',*,*,#1439,.F.);
#317=ORIENTED_EDGE('',*,*,#1440,.F.);
#318=ORIENTED_EDGE('',*,*,#1441,.T.);
#319=ORIENTED_EDGE('',*,*,#1437,.T.);
#320=ORIENTED_EDGE('',*,*,#1442,.F.);
#321=ORIENTED_EDGE('',*,*,#1443,.F.);
#322=ORIENTED_EDGE('',*,*,#1444,.T.);
#323=ORIENTED_EDGE('',*,*,#1440,.T.);
#324=ORIENTED_EDGE('',*,*,#1445,.F.);
#325=ORIENTED_EDGE('',*,*,#1446,.F.);
#326=ORIENTED_EDGE('',*,*,#1447,.T.);
#327=ORIENTED_EDGE('',*,*,#1443,.T.);
#328=ORIENTED_EDGE('',*,*,#1448,.F.);
#329=ORIENTED_EDGE('',*,*,#1449,.F.);
#330=ORIENTED_EDGE('',*,*,#1450,.T.);
#331=ORIENTED_EDGE('',*,*,#1451,.T.);
#332=ORIENTED_EDGE('',*,*,#1452,.T.);
#333=ORIENTED_EDGE('',*,*,#1453,.F.);
#334=ORIENTED_EDGE('',*,*,#1454,.F.);
#335=ORIENTED_EDGE('',*,*,#1449,.T.);
#336=ORIENTED_EDGE('',*,*,#1455,.F.);
#337=ORIENTED_EDGE('',*,*,#1456,.F.);
#338=ORIENTED_EDGE('',*,*,#1457,.T.);
#339=ORIENTED_EDGE('',*,*,#1453,.T.);
#340=ORIENTED_EDGE('',*,*,#1458,.T.);
#341=ORIENTED_EDGE('',*,*,#1459,.F.);
#342=ORIENTED_EDGE('',*,*,#1460,.F.);
#343=ORIENTED_EDGE('',*,*,#1456,.T.);
#344=ORIENTED_EDGE('',*,*,#1461,.F.);
#345=ORIENTED_EDGE('',*,*,#1462,.F.);
#346=ORIENTED_EDGE('',*,*,#1463,.T.);
#347=ORIENTED_EDGE('',*,*,#1459,.T.);
#348=ORIENTED_EDGE('',*,*,#1464,.F.);
#349=ORIENTED_EDGE('',*,*,#1465,.F.);
#350=ORIENTED_EDGE('',*,*,#1466,.T.);
#351=ORIENTED_EDGE('',*,*,#1462,.T.);
#352=ORIENTED_EDGE('',*,*,#1467,.F.);
#353=ORIENTED_EDGE('',*,*,#1468,.F.);
#354=ORIENTED_EDGE('',*,*,#1469,.T.);
#355=ORIENTED_EDGE('',*,*,#1465,.T.);
#356=ORIENTED_EDGE('',*,*,#1470,.F.);
#357=ORIENTED_EDGE('',*,*,#1471,.F.);
#358=ORIENTED_EDGE('',*,*,#1472,.T.);
#359=ORIENTED_EDGE('',*,*,#1473,.T.);
#360=ORIENTED_EDGE('',*,*,#1474,.T.);
#361=ORIENTED_EDGE('',*,*,#1475,.F.);
#362=ORIENTED_EDGE('',*,*,#1476,.F.);
#363=ORIENTED_EDGE('',*,*,#1471,.T.);
#364=ORIENTED_EDGE('',*,*,#1477,.F.);
#365=ORIENTED_EDGE('',*,*,#1478,.F.);
#366=ORIENTED_EDGE('',*,*,#1479,.T.);
#367=ORIENTED_EDGE('',*,*,#1475,.T.);
#368=ORIENTED_EDGE('',*,*,#1480,.T.);
#369=ORIENTED_EDGE('',*,*,#1481,.F.);
#370=ORIENTED_EDGE('',*,*,#1482,.F.);
#371=ORIENTED_EDGE('',*,*,#1478,.T.);
#372=ORIENTED_EDGE('',*,*,#1483,.F.);
#373=ORIENTED_EDGE('',*,*,#1484,.F.);
#374=ORIENTED_EDGE('',*,*,#1485,.T.);
#375=ORIENTED_EDGE('',*,*,#1481,.T.);
#376=ORIENTED_EDGE('',*,*,#1486,.F.);
#377=ORIENTED_EDGE('',*,*,#1487,.F.);
#378=ORIENTED_EDGE('',*,*,#1488,.T.);
#379=ORIENTED_EDGE('',*,*,#1484,.T.);
#380=ORIENTED_EDGE('',*,*,#1489,.F.);
#381=ORIENTED_EDGE('',*,*,#1490,.F.);
#382=ORIENTED_EDGE('',*,*,#1491,.T.);
#383=ORIENTED_EDGE('',*,*,#1487,.T.);
#384=ORIENTED_EDGE('',*,*,#1492,.F.);
#385=ORIENTED_EDGE('',*,*,#1493,.F.);
#386=ORIENTED_EDGE('',*,*,#1494,.T.);
#387=ORIENTED_EDGE('',*,*,#1495,.T.);
#388=ORIENTED_EDGE('',*,*,#1496,.T.);
#389=ORIENTED_EDGE('',*,*,#1497,.F.);
#390=ORIENTED_EDGE('',*,*,#1498,.F.);
#391=ORIENTED_EDGE('',*,*,#1493,.T.);
#392=ORIENTED_EDGE('',*,*,#1499,.F.);
#393=ORIENTED_EDGE('',*,*,#1500,.F.);
#394=ORIENTED_EDGE('',*,*,#1501,.T.);
#395=ORIENTED_EDGE('',*,*,#1497,.T.);
#396=ORIENTED_EDGE('',*,*,#1502,.T.);
#397=ORIENTED_EDGE('',*,*,#1503,.F.);
#398=ORIENTED_EDGE('',*,*,#1504,.F.);
#399=ORIENTED_EDGE('',*,*,#1500,.T.);
#400=ORIENTED_EDGE('',*,*,#1505,.F.);
#401=ORIENTED_EDGE('',*,*,#1506,.F.);
#402=ORIENTED_EDGE('',*,*,#1507,.T.);
#403=ORIENTED_EDGE('',*,*,#1503,.T.);
#404=ORIENTED_EDGE('',*,*,#1508,.F.);
#405=ORIENTED_EDGE('',*,*,#1509,.F.);
#406=ORIENTED_EDGE('',*,*,#1510,.T.);
#407=ORIENTED_EDGE('',*,*,#1506,.T.);
#408=ORIENTED_EDGE('',*,*,#1511,.F.);
#409=ORIENTED_EDGE('',*,*,#1512,.F.);
#410=ORIENTED_EDGE('',*,*,#1513,.T.);
#411=ORIENTED_EDGE('',*,*,#1509,.T.);
#412=ORIENTED_EDGE('',*,*,#1514,.F.);
#413=ORIENTED_EDGE('',*,*,#1515,.F.);
#414=ORIENTED_EDGE('',*,*,#1516,.T.);
#415=ORIENTED_EDGE('',*,*,#1517,.T.);
#416=ORIENTED_EDGE('',*,*,#1518,.T.);
#417=ORIENTED_EDGE('',*,*,#1519,.F.);
#418=ORIENTED_EDGE('',*,*,#1520,.F.);
#419=ORIENTED_EDGE('',*,*,#1515,.T.);
#420=ORIENTED_EDGE('',*,*,#1521,.F.);
#421=ORIENTED_EDGE('',*,*,#1522,.F.);
#422=ORIENTED_EDGE('',*,*,#1523,.T.);
#423=ORIENTED_EDGE('',*,*,#1519,.T.);
#424=ORIENTED_EDGE('',*,*,#1524,.T.);
#425=ORIENTED_EDGE('',*,*,#1525,.F.);
#426=ORIENTED_EDGE('',*,*,#1526,.F.);
#427=ORIENTED_EDGE('',*,*,#1522,.T.);
#428=ORIENTED_EDGE('',*,*,#1527,.F.);
#429=ORIENTED_EDGE('',*,*,#1528,.F.);
#430=ORIENTED_EDGE('',*,*,#1529,.T.);
#431=ORIENTED_EDGE('',*,*,#1525,.T.);
#432=ORIENTED_EDGE('',*,*,#1530,.F.);
#433=ORIENTED_EDGE('',*,*,#1531,.F.);
#434=ORIENTED_EDGE('',*,*,#1532,.T.);
#435=ORIENTED_EDGE('',*,*,#1528,.T.);
#436=ORIENTED_EDGE('',*,*,#1533,.F.);
#437=ORIENTED_EDGE('',*,*,#1534,.F.);
#438=ORIENTED_EDGE('',*,*,#1535,.T.);
#439=ORIENTED_EDGE('',*,*,#1531,.T.);
#440=ORIENTED_EDGE('',*,*,#1536,.F.);
#441=ORIENTED_EDGE('',*,*,#1537,.F.);
#442=ORIENTED_EDGE('',*,*,#1538,.T.);
#443=ORIENTED_EDGE('',*,*,#1539,.T.);
#444=ORIENTED_EDGE('',*,*,#1540,.T.);
#445=ORIENTED_EDGE('',*,*,#1541,.F.);
#446=ORIENTED_EDGE('',*,*,#1542,.F.);
#447=ORIENTED_EDGE('',*,*,#1537,.T.);
#448=ORIENTED_EDGE('',*,*,#1543,.F.);
#449=ORIENTED_EDGE('',*,*,#1544,.F.);
#450=ORIENTED_EDGE('',*,*,#1545,.T.);
#451=ORIENTED_EDGE('',*,*,#1541,.T.);
#452=ORIENTED_EDGE('',*,*,#1546,.T.);
#453=ORIENTED_EDGE('',*,*,#1547,.F.);
#454=ORIENTED_EDGE('',*,*,#1548,.F.);
#455=ORIENTED_EDGE('',*,*,#1544,.T.);
#456=ORIENTED_EDGE('',*,*,#1549,.F.);
#457=ORIENTED_EDGE('',*,*,#1550,.F.);
#458=ORIENTED_EDGE('',*,*,#1551,.T.);
#459=ORIENTED_EDGE('',*,*,#1547,.T.);
#460=ORIENTED_EDGE('',*,*,#1552,.F.);
#461=ORIENTED_EDGE('',*,*,#1553,.F.);
#462=ORIENTED_EDGE('',*,*,#1554,.T.);
#463=ORIENTED_EDGE('',*,*,#1550,.T.);
#464=ORIENTED_EDGE('',*,*,#1555,.F.);
#465=ORIENTED_EDGE('',*,*,#1556,.F.);
#466=ORIENTED_EDGE('',*,*,#1557,.T.);
#467=ORIENTED_EDGE('',*,*,#1553,.T.);
#468=ORIENTED_EDGE('',*,*,#1558,.F.);
#469=ORIENTED_EDGE('',*,*,#1559,.F.);
#470=ORIENTED_EDGE('',*,*,#1560,.T.);
#471=ORIENTED_EDGE('',*,*,#1561,.T.);
#472=ORIENTED_EDGE('',*,*,#1562,.T.);
#473=ORIENTED_EDGE('',*,*,#1563,.F.);
#474=ORIENTED_EDGE('',*,*,#1564,.F.);
#475=ORIENTED_EDGE('',*,*,#1559,.T.);
#476=ORIENTED_EDGE('',*,*,#1565,.F.);
#477=ORIENTED_EDGE('',*,*,#1566,.F.);
#478=ORIENTED_EDGE('',*,*,#1567,.T.);
#479=ORIENTED_EDGE('',*,*,#1563,.T.);
#480=ORIENTED_EDGE('',*,*,#1568,.T.);
#481=ORIENTED_EDGE('',*,*,#1569,.F.);
#482=ORIENTED_EDGE('',*,*,#1570,.F.);
#483=ORIENTED_EDGE('',*,*,#1566,.T.);
#484=ORIENTED_EDGE('',*,*,#1571,.F.);
#485=ORIENTED_EDGE('',*,*,#1572,.F.);
#486=ORIENTED_EDGE('',*,*,#1573,.T.);
#487=ORIENTED_EDGE('',*,*,#1569,.T.);
#488=ORIENTED_EDGE('',*,*,#1574,.F.);
#489=ORIENTED_EDGE('',*,*,#1575,.F.);
#490=ORIENTED_EDGE('',*,*,#1576,.T.);
#491=ORIENTED_EDGE('',*,*,#1572,.T.);
#492=ORIENTED_EDGE('',*,*,#1577,.F.);
#493=ORIENTED_EDGE('',*,*,#1578,.F.);
#494=ORIENTED_EDGE('',*,*,#1579,.T.);
#495=ORIENTED_EDGE('',*,*,#1575,.T.);
#496=ORIENTED_EDGE('',*,*,#1580,.F.);
#497=ORIENTED_EDGE('',*,*,#1581,.F.);
#498=ORIENTED_EDGE('',*,*,#1582,.T.);
#499=ORIENTED_EDGE('',*,*,#1583,.T.);
#500=ORIENTED_EDGE('',*,*,#1584,.T.);
#501=ORIENTED_EDGE('',*,*,#1585,.F.);
#502=ORIENTED_EDGE('',*,*,#1586,.F.);
#503=ORIENTED_EDGE('',*,*,#1581,.T.);
#504=ORIENTED_EDGE('',*,*,#1587,.F.);
#505=ORIENTED_EDGE('',*,*,#1588,.F.);
#506=ORIENTED_EDGE('',*,*,#1589,.T.);
#507=ORIENTED_EDGE('',*,*,#1585,.T.);
#508=ORIENTED_EDGE('',*,*,#1590,.T.);
#509=ORIENTED_EDGE('',*,*,#1591,.F.);
#510=ORIENTED_EDGE('',*,*,#1592,.F.);
#511=ORIENTED_EDGE('',*,*,#1588,.T.);
#512=ORIENTED_EDGE('',*,*,#1593,.F.);
#513=ORIENTED_EDGE('',*,*,#1594,.F.);
#514=ORIENTED_EDGE('',*,*,#1595,.T.);
#515=ORIENTED_EDGE('',*,*,#1591,.T.);
#516=ORIENTED_EDGE('',*,*,#1596,.F.);
#517=ORIENTED_EDGE('',*,*,#1597,.F.);
#518=ORIENTED_EDGE('',*,*,#1598,.T.);
#519=ORIENTED_EDGE('',*,*,#1594,.T.);
#520=ORIENTED_EDGE('',*,*,#1599,.F.);
#521=ORIENTED_EDGE('',*,*,#1600,.F.);
#522=ORIENTED_EDGE('',*,*,#1601,.T.);
#523=ORIENTED_EDGE('',*,*,#1597,.T.);
#524=ORIENTED_EDGE('',*,*,#1602,.F.);
#525=ORIENTED_EDGE('',*,*,#1603,.F.);
#526=ORIENTED_EDGE('',*,*,#1604,.T.);
#527=ORIENTED_EDGE('',*,*,#1605,.T.);
#528=ORIENTED_EDGE('',*,*,#1606,.T.);
#529=ORIENTED_EDGE('',*,*,#1607,.F.);
#530=ORIENTED_EDGE('',*,*,#1608,.F.);
#531=ORIENTED_EDGE('',*,*,#1603,.T.);
#532=ORIENTED_EDGE('',*,*,#1609,.F.);
#533=ORIENTED_EDGE('',*,*,#1610,.F.);
#534=ORIENTED_EDGE('',*,*,#1611,.T.);
#535=ORIENTED_EDGE('',*,*,#1607,.T.);
#536=ORIENTED_EDGE('',*,*,#1612,.T.);
#537=ORIENTED_EDGE('',*,*,#1613,.F.);
#538=ORIENTED_EDGE('',*,*,#1614,.F.);
#539=ORIENTED_EDGE('',*,*,#1610,.T.);
#540=ORIENTED_EDGE('',*,*,#1615,.F.);
#541=ORIENTED_EDGE('',*,*,#1616,.F.);
#542=ORIENTED_EDGE('',*,*,#1617,.T.);
#543=ORIENTED_EDGE('',*,*,#1613,.T.);
#544=ORIENTED_EDGE('',*,*,#1618,.F.);
#545=ORIENTED_EDGE('',*,*,#1619,.F.);
#546=ORIENTED_EDGE('',*,*,#1620,.T.);
#547=ORIENTED_EDGE('',*,*,#1616,.T.);
#548=ORIENTED_EDGE('',*,*,#1621,.F.);
#549=ORIENTED_EDGE('',*,*,#1622,.F.);
#550=ORIENTED_EDGE('',*,*,#1623,.T.);
#551=ORIENTED_EDGE('',*,*,#1619,.T.);
#552=ORIENTED_EDGE('',*,*,#1624,.F.);
#553=ORIENTED_EDGE('',*,*,#1625,.F.);
#554=ORIENTED_EDGE('',*,*,#1626,.T.);
#555=ORIENTED_EDGE('',*,*,#1627,.T.);
#556=ORIENTED_EDGE('',*,*,#1628,.T.);
#557=ORIENTED_EDGE('',*,*,#1629,.F.);
#558=ORIENTED_EDGE('',*,*,#1630,.F.);
#559=ORIENTED_EDGE('',*,*,#1625,.T.);
#560=ORIENTED_EDGE('',*,*,#1631,.F.);
#561=ORIENTED_EDGE('',*,*,#1632,.F.);
#562=ORIENTED_EDGE('',*,*,#1633,.T.);
#563=ORIENTED_EDGE('',*,*,#1629,.T.);
#564=ORIENTED_EDGE('',*,*,#1634,.T.);
#565=ORIENTED_EDGE('',*,*,#1635,.F.);
#566=ORIENTED_EDGE('',*,*,#1636,.F.);
#567=ORIENTED_EDGE('',*,*,#1632,.T.);
#568=ORIENTED_EDGE('',*,*,#1637,.F.);
#569=ORIENTED_EDGE('',*,*,#1638,.F.);
#570=ORIENTED_EDGE('',*,*,#1639,.T.);
#571=ORIENTED_EDGE('',*,*,#1635,.T.);
#572=ORIENTED_EDGE('',*,*,#1640,.F.);
#573=ORIENTED_EDGE('',*,*,#1641,.F.);
#574=ORIENTED_EDGE('',*,*,#1642,.T.);
#575=ORIENTED_EDGE('',*,*,#1638,.T.);
#576=ORIENTED_EDGE('',*,*,#1643,.F.);
#577=ORIENTED_EDGE('',*,*,#1644,.F.);
#578=ORIENTED_EDGE('',*,*,#1645,.T.);
#579=ORIENTED_EDGE('',*,*,#1641,.T.);
#580=ORIENTED_EDGE('',*,*,#1646,.F.);
#581=ORIENTED_EDGE('',*,*,#1647,.F.);
#582=ORIENTED_EDGE('',*,*,#1648,.T.);
#583=ORIENTED_EDGE('',*,*,#1649,.T.);
#584=ORIENTED_EDGE('',*,*,#1650,.T.);
#585=ORIENTED_EDGE('',*,*,#1651,.F.);
#586=ORIENTED_EDGE('',*,*,#1652,.F.);
#587=ORIENTED_EDGE('',*,*,#1647,.T.);
#588=ORIENTED_EDGE('',*,*,#1653,.F.);
#589=ORIENTED_EDGE('',*,*,#1654,.F.);
#590=ORIENTED_EDGE('',*,*,#1655,.T.);
#591=ORIENTED_EDGE('',*,*,#1651,.T.);
#592=ORIENTED_EDGE('',*,*,#1656,.T.);
#593=ORIENTED_EDGE('',*,*,#1657,.F.);
#594=ORIENTED_EDGE('',*,*,#1658,.F.);
#595=ORIENTED_EDGE('',*,*,#1654,.T.);
#596=ORIENTED_EDGE('',*,*,#1659,.F.);
#597=ORIENTED_EDGE('',*,*,#1660,.F.);
#598=ORIENTED_EDGE('',*,*,#1661,.T.);
#599=ORIENTED_EDGE('',*,*,#1657,.T.);
#600=ORIENTED_EDGE('',*,*,#1662,.F.);
#601=ORIENTED_EDGE('',*,*,#1663,.F.);
#602=ORIENTED_EDGE('',*,*,#1664,.T.);
#603=ORIENTED_EDGE('',*,*,#1660,.T.);
#604=ORIENTED_EDGE('',*,*,#1665,.F.);
#605=ORIENTED_EDGE('',*,*,#1666,.F.);
#606=ORIENTED_EDGE('',*,*,#1667,.T.);
#607=ORIENTED_EDGE('',*,*,#1663,.T.);
#608=ORIENTED_EDGE('',*,*,#1668,.F.);
#609=ORIENTED_EDGE('',*,*,#1669,.F.);
#610=ORIENTED_EDGE('',*,*,#1670,.T.);
#611=ORIENTED_EDGE('',*,*,#1671,.T.);
#612=ORIENTED_EDGE('',*,*,#1672,.T.);
#613=ORIENTED_EDGE('',*,*,#1673,.F.);
#614=ORIENTED_EDGE('',*,*,#1674,.F.);
#615=ORIENTED_EDGE('',*,*,#1669,.T.);
#616=ORIENTED_EDGE('',*,*,#1675,.F.);
#617=ORIENTED_EDGE('',*,*,#1676,.F.);
#618=ORIENTED_EDGE('',*,*,#1677,.T.);
#619=ORIENTED_EDGE('',*,*,#1673,.T.);
#620=ORIENTED_EDGE('',*,*,#1678,.T.);
#621=ORIENTED_EDGE('',*,*,#1679,.F.);
#622=ORIENTED_EDGE('',*,*,#1680,.F.);
#623=ORIENTED_EDGE('',*,*,#1676,.T.);
#624=ORIENTED_EDGE('',*,*,#1681,.F.);
#625=ORIENTED_EDGE('',*,*,#1682,.F.);
#626=ORIENTED_EDGE('',*,*,#1683,.T.);
#627=ORIENTED_EDGE('',*,*,#1679,.T.);
#628=ORIENTED_EDGE('',*,*,#1684,.F.);
#629=ORIENTED_EDGE('',*,*,#1685,.F.);
#630=ORIENTED_EDGE('',*,*,#1686,.T.);
#631=ORIENTED_EDGE('',*,*,#1682,.T.);
#632=ORIENTED_EDGE('',*,*,#1687,.F.);
#633=ORIENTED_EDGE('',*,*,#1688,.F.);
#634=ORIENTED_EDGE('',*,*,#1689,.T.);
#635=ORIENTED_EDGE('',*,*,#1685,.T.);
#636=ORIENTED_EDGE('',*,*,#1690,.F.);
#637=ORIENTED_EDGE('',*,*,#1691,.F.);
#638=ORIENTED_EDGE('',*,*,#1692,.T.);
#639=ORIENTED_EDGE('',*,*,#1693,.T.);
#640=ORIENTED_EDGE('',*,*,#1694,.T.);
#641=ORIENTED_EDGE('',*,*,#1695,.F.);
#642=ORIENTED_EDGE('',*,*,#1696,.F.);
#643=ORIENTED_EDGE('',*,*,#1691,.T.);
#644=ORIENTED_EDGE('',*,*,#1697,.F.);
#645=ORIENTED_EDGE('',*,*,#1698,.F.);
#646=ORIENTED_EDGE('',*,*,#1699,.T.);
#647=ORIENTED_EDGE('',*,*,#1695,.T.);
#648=ORIENTED_EDGE('',*,*,#1700,.T.);
#649=ORIENTED_EDGE('',*,*,#1701,.F.);
#650=ORIENTED_EDGE('',*,*,#1702,.F.);
#651=ORIENTED_EDGE('',*,*,#1698,.T.);
#652=ORIENTED_EDGE('',*,*,#1703,.F.);
#653=ORIENTED_EDGE('',*,*,#1704,.F.);
#654=ORIENTED_EDGE('',*,*,#1705,.T.);
#655=ORIENTED_EDGE('',*,*,#1701,.T.);
#656=ORIENTED_EDGE('',*,*,#1706,.F.);
#657=ORIENTED_EDGE('',*,*,#1707,.F.);
#658=ORIENTED_EDGE('',*,*,#1708,.T.);
#659=ORIENTED_EDGE('',*,*,#1704,.T.);
#660=ORIENTED_EDGE('',*,*,#1709,.F.);
#661=ORIENTED_EDGE('',*,*,#1710,.F.);
#662=ORIENTED_EDGE('',*,*,#1711,.T.);
#663=ORIENTED_EDGE('',*,*,#1707,.T.);
#664=ORIENTED_EDGE('',*,*,#1712,.F.);
#665=ORIENTED_EDGE('',*,*,#1713,.F.);
#666=ORIENTED_EDGE('',*,*,#1714,.T.);
#667=ORIENTED_EDGE('',*,*,#1715,.T.);
#668=ORIENTED_EDGE('',*,*,#1716,.T.);
#669=ORIENTED_EDGE('',*,*,#1717,.F.);
#670=ORIENTED_EDGE('',*,*,#1718,.F.);
#671=ORIENTED_EDGE('',*,*,#1713,.T.);
#672=ORIENTED_EDGE('',*,*,#1719,.F.);
#673=ORIENTED_EDGE('',*,*,#1720,.F.);
#674=ORIENTED_EDGE('',*,*,#1721,.T.);
#675=ORIENTED_EDGE('',*,*,#1717,.T.);
#676=ORIENTED_EDGE('',*,*,#1722,.T.);
#677=ORIENTED_EDGE('',*,*,#1723,.F.);
#678=ORIENTED_EDGE('',*,*,#1724,.F.);
#679=ORIENTED_EDGE('',*,*,#1720,.T.);
#680=ORIENTED_EDGE('',*,*,#1725,.F.);
#681=ORIENTED_EDGE('',*,*,#1726,.F.);
#682=ORIENTED_EDGE('',*,*,#1727,.T.);
#683=ORIENTED_EDGE('',*,*,#1723,.T.);
#684=ORIENTED_EDGE('',*,*,#1728,.F.);
#685=ORIENTED_EDGE('',*,*,#1729,.F.);
#686=ORIENTED_EDGE('',*,*,#1730,.T.);
#687=ORIENTED_EDGE('',*,*,#1726,.T.);
#688=ORIENTED_EDGE('',*,*,#1731,.F.);
#689=ORIENTED_EDGE('',*,*,#1732,.F.);
#690=ORIENTED_EDGE('',*,*,#1733,.T.);
#691=ORIENTED_EDGE('',*,*,#1729,.T.);
#692=ORIENTED_EDGE('',*,*,#1734,.F.);
#693=ORIENTED_EDGE('',*,*,#1735,.F.);
#694=ORIENTED_EDGE('',*,*,#1736,.T.);
#695=ORIENTED_EDGE('',*,*,#1737,.T.);
#696=ORIENTED_EDGE('',*,*,#1738,.T.);
#697=ORIENTED_EDGE('',*,*,#1739,.F.);
#698=ORIENTED_EDGE('',*,*,#1740,.F.);
#699=ORIENTED_EDGE('',*,*,#1735,.T.);
#700=ORIENTED_EDGE('',*,*,#1741,.F.);
#701=ORIENTED_EDGE('',*,*,#1742,.F.);
#702=ORIENTED_EDGE('',*,*,#1743,.T.);
#703=ORIENTED_EDGE('',*,*,#1739,.T.);
#704=ORIENTED_EDGE('',*,*,#1744,.T.);
#705=ORIENTED_EDGE('',*,*,#1745,.F.);
#706=ORIENTED_EDGE('',*,*,#1746,.F.);
#707=ORIENTED_EDGE('',*,*,#1742,.T.);
#708=ORIENTED_EDGE('',*,*,#1747,.F.);
#709=ORIENTED_EDGE('',*,*,#1748,.F.);
#710=ORIENTED_EDGE('',*,*,#1749,.T.);
#711=ORIENTED_EDGE('',*,*,#1745,.T.);
#712=ORIENTED_EDGE('',*,*,#1750,.F.);
#713=ORIENTED_EDGE('',*,*,#1751,.F.);
#714=ORIENTED_EDGE('',*,*,#1752,.T.);
#715=ORIENTED_EDGE('',*,*,#1748,.T.);
#716=ORIENTED_EDGE('',*,*,#1753,.F.);
#717=ORIENTED_EDGE('',*,*,#1754,.F.);
#718=ORIENTED_EDGE('',*,*,#1755,.T.);
#719=ORIENTED_EDGE('',*,*,#1751,.T.);
#720=ORIENTED_EDGE('',*,*,#1756,.F.);
#721=ORIENTED_EDGE('',*,*,#1757,.F.);
#722=ORIENTED_EDGE('',*,*,#1758,.T.);
#723=ORIENTED_EDGE('',*,*,#1759,.T.);
#724=ORIENTED_EDGE('',*,*,#1760,.T.);
#725=ORIENTED_EDGE('',*,*,#1761,.F.);
#726=ORIENTED_EDGE('',*,*,#1762,.F.);
#727=ORIENTED_EDGE('',*,*,#1757,.T.);
#728=ORIENTED_EDGE('',*,*,#1763,.F.);
#729=ORIENTED_EDGE('',*,*,#1764,.F.);
#730=ORIENTED_EDGE('',*,*,#1765,.T.);
#731=ORIENTED_EDGE('',*,*,#1761,.T.);
#732=ORIENTED_EDGE('',*,*,#1766,.T.);
#733=ORIENTED_EDGE('',*,*,#1767,.F.);
#734=ORIENTED_EDGE('',*,*,#1768,.F.);
#735=ORIENTED_EDGE('',*,*,#1764,.T.);
#736=ORIENTED_EDGE('',*,*,#1769,.F.);
#737=ORIENTED_EDGE('',*,*,#1770,.F.);
#738=ORIENTED_EDGE('',*,*,#1771,.T.);
#739=ORIENTED_EDGE('',*,*,#1767,.T.);
#740=ORIENTED_EDGE('',*,*,#1772,.F.);
#741=ORIENTED_EDGE('',*,*,#1773,.F.);
#742=ORIENTED_EDGE('',*,*,#1774,.T.);
#743=ORIENTED_EDGE('',*,*,#1770,.T.);
#744=ORIENTED_EDGE('',*,*,#1775,.F.);
#745=ORIENTED_EDGE('',*,*,#1776,.F.);
#746=ORIENTED_EDGE('',*,*,#1777,.T.);
#747=ORIENTED_EDGE('',*,*,#1773,.T.);
#748=ORIENTED_EDGE('',*,*,#1778,.F.);
#749=ORIENTED_EDGE('',*,*,#1779,.F.);
#750=ORIENTED_EDGE('',*,*,#1780,.T.);
#751=ORIENTED_EDGE('',*,*,#1781,.T.);
#752=ORIENTED_EDGE('',*,*,#1782,.T.);
#753=ORIENTED_EDGE('',*,*,#1783,.F.);
#754=ORIENTED_EDGE('',*,*,#1784,.F.);
#755=ORIENTED_EDGE('',*,*,#1779,.T.);
#756=ORIENTED_EDGE('',*,*,#1785,.F.);
#757=ORIENTED_EDGE('',*,*,#1786,.F.);
#758=ORIENTED_EDGE('',*,*,#1787,.T.);
#759=ORIENTED_EDGE('',*,*,#1783,.T.);
#760=ORIENTED_EDGE('',*,*,#1788,.T.);
#761=ORIENTED_EDGE('',*,*,#1789,.F.);
#762=ORIENTED_EDGE('',*,*,#1790,.F.);
#763=ORIENTED_EDGE('',*,*,#1786,.T.);
#764=ORIENTED_EDGE('',*,*,#1791,.F.);
#765=ORIENTED_EDGE('',*,*,#1792,.F.);
#766=ORIENTED_EDGE('',*,*,#1793,.T.);
#767=ORIENTED_EDGE('',*,*,#1789,.T.);
#768=ORIENTED_EDGE('',*,*,#1794,.F.);
#769=ORIENTED_EDGE('',*,*,#1795,.F.);
#770=ORIENTED_EDGE('',*,*,#1796,.T.);
#771=ORIENTED_EDGE('',*,*,#1792,.T.);
#772=ORIENTED_EDGE('',*,*,#1797,.F.);
#773=ORIENTED_EDGE('',*,*,#1798,.F.);
#774=ORIENTED_EDGE('',*,*,#1799,.T.);
#775=ORIENTED_EDGE('',*,*,#1795,.T.);
#776=ORIENTED_EDGE('',*,*,#1800,.F.);
#777=ORIENTED_EDGE('',*,*,#1801,.F.);
#778=ORIENTED_EDGE('',*,*,#1802,.T.);
#779=ORIENTED_EDGE('',*,*,#1803,.T.);
#780=ORIENTED_EDGE('',*,*,#1804,.T.);
#781=ORIENTED_EDGE('',*,*,#1805,.F.);
#782=ORIENTED_EDGE('',*,*,#1806,.F.);
#783=ORIENTED_EDGE('',*,*,#1801,.T.);
#784=ORIENTED_EDGE('',*,*,#1807,.F.);
#785=ORIENTED_EDGE('',*,*,#1808,.F.);
#786=ORIENTED_EDGE('',*,*,#1809,.T.);
#787=ORIENTED_EDGE('',*,*,#1805,.T.);
#788=ORIENTED_EDGE('',*,*,#1810,.T.);
#789=ORIENTED_EDGE('',*,*,#1811,.F.);
#790=ORIENTED_EDGE('',*,*,#1812,.F.);
#791=ORIENTED_EDGE('',*,*,#1808,.T.);
#792=ORIENTED_EDGE('',*,*,#1813,.F.);
#793=ORIENTED_EDGE('',*,*,#1814,.F.);
#794=ORIENTED_EDGE('',*,*,#1815,.T.);
#795=ORIENTED_EDGE('',*,*,#1811,.T.);
#796=ORIENTED_EDGE('',*,*,#1816,.F.);
#797=ORIENTED_EDGE('',*,*,#1817,.F.);
#798=ORIENTED_EDGE('',*,*,#1818,.T.);
#799=ORIENTED_EDGE('',*,*,#1814,.T.);
#800=ORIENTED_EDGE('',*,*,#1819,.F.);
#801=ORIENTED_EDGE('',*,*,#1820,.F.);
#802=ORIENTED_EDGE('',*,*,#1821,.T.);
#803=ORIENTED_EDGE('',*,*,#1817,.T.);
#804=ORIENTED_EDGE('',*,*,#1822,.F.);
#805=ORIENTED_EDGE('',*,*,#1823,.F.);
#806=ORIENTED_EDGE('',*,*,#1824,.T.);
#807=ORIENTED_EDGE('',*,*,#1825,.T.);
#808=ORIENTED_EDGE('',*,*,#1826,.T.);
#809=ORIENTED_EDGE('',*,*,#1827,.F.);
#810=ORIENTED_EDGE('',*,*,#1828,.F.);
#811=ORIENTED_EDGE('',*,*,#1823,.T.);
#812=ORIENTED_EDGE('',*,*,#1829,.F.);
#813=ORIENTED_EDGE('',*,*,#1830,.F.);
#814=ORIENTED_EDGE('',*,*,#1831,.T.);
#815=ORIENTED_EDGE('',*,*,#1827,.T.);
#816=ORIENTED_EDGE('',*,*,#1832,.T.);
#817=ORIENTED_EDGE('',*,*,#1833,.F.);
#818=ORIENTED_EDGE('',*,*,#1834,.F.);
#819=ORIENTED_EDGE('',*,*,#1830,.T.);
#820=ORIENTED_EDGE('',*,*,#1835,.F.);
#821=ORIENTED_EDGE('',*,*,#1836,.F.);
#822=ORIENTED_EDGE('',*,*,#1837,.T.);
#823=ORIENTED_EDGE('',*,*,#1833,.T.);
#824=ORIENTED_EDGE('',*,*,#1838,.F.);
#825=ORIENTED_EDGE('',*,*,#1839,.F.);
#826=ORIENTED_EDGE('',*,*,#1840,.T.);
#827=ORIENTED_EDGE('',*,*,#1836,.T.);
#828=ORIENTED_EDGE('',*,*,#1841,.F.);
#829=ORIENTED_EDGE('',*,*,#1842,.F.);
#830=ORIENTED_EDGE('',*,*,#1843,.T.);
#831=ORIENTED_EDGE('',*,*,#1839,.T.);
#832=ORIENTED_EDGE('',*,*,#1844,.F.);
#833=ORIENTED_EDGE('',*,*,#1845,.F.);
#834=ORIENTED_EDGE('',*,*,#1846,.T.);
#835=ORIENTED_EDGE('',*,*,#1847,.T.);
#836=ORIENTED_EDGE('',*,*,#1848,.T.);
#837=ORIENTED_EDGE('',*,*,#1849,.F.);
#838=ORIENTED_EDGE('',*,*,#1850,.F.);
#839=ORIENTED_EDGE('',*,*,#1845,.T.);
#840=ORIENTED_EDGE('',*,*,#1851,.F.);
#841=ORIENTED_EDGE('',*,*,#1852,.F.);
#842=ORIENTED_EDGE('',*,*,#1853,.T.);
#843=ORIENTED_EDGE('',*,*,#1849,.T.);
#844=ORIENTED_EDGE('',*,*,#1854,.T.);
#845=ORIENTED_EDGE('',*,*,#1855,.F.);
#846=ORIENTED_EDGE('',*,*,#1856,.F.);
#847=ORIENTED_EDGE('',*,*,#1852,.T.);
#848=ORIENTED_EDGE('',*,*,#1857,.F.);
#849=ORIENTED_EDGE('',*,*,#1858,.F.);
#850=ORIENTED_EDGE('',*,*,#1859,.T.);
#851=ORIENTED_EDGE('',*,*,#1855,.T.);
#852=ORIENTED_EDGE('',*,*,#1860,.F.);
#853=ORIENTED_EDGE('',*,*,#1861,.F.);
#854=ORIENTED_EDGE('',*,*,#1862,.T.);
#855=ORIENTED_EDGE('',*,*,#1858,.T.);
#856=ORIENTED_EDGE('',*,*,#1863,.F.);
#857=ORIENTED_EDGE('',*,*,#1864,.F.);
#858=ORIENTED_EDGE('',*,*,#1865,.T.);
#859=ORIENTED_EDGE('',*,*,#1861,.T.);
#860=ORIENTED_EDGE('',*,*,#1866,.F.);
#861=ORIENTED_EDGE('',*,*,#1867,.F.);
#862=ORIENTED_EDGE('',*,*,#1868,.T.);
#863=ORIENTED_EDGE('',*,*,#1869,.T.);
#864=ORIENTED_EDGE('',*,*,#1870,.T.);
#865=ORIENTED_EDGE('',*,*,#1871,.F.);
#866=ORIENTED_EDGE('',*,*,#1872,.F.);
#867=ORIENTED_EDGE('',*,*,#1867,.T.);
#868=ORIENTED_EDGE('',*,*,#1873,.F.);
#869=ORIENTED_EDGE('',*,*,#1874,.F.);
#870=ORIENTED_EDGE('',*,*,#1875,.T.);
#871=ORIENTED_EDGE('',*,*,#1871,.T.);
#872=ORIENTED_EDGE('',*,*,#1876,.T.);
#873=ORIENTED_EDGE('',*,*,#1877,.F.);
#874=ORIENTED_EDGE('',*,*,#1878,.F.);
#875=ORIENTED_EDGE('',*,*,#1874,.T.);
#876=ORIENTED_EDGE('',*,*,#1879,.F.);
#877=ORIENTED_EDGE('',*,*,#1880,.F.);
#878=ORIENTED_EDGE('',*,*,#1881,.T.);
#879=ORIENTED_EDGE('',*,*,#1877,.T.);
#880=ORIENTED_EDGE('',*,*,#1882,.F.);
#881=ORIENTED_EDGE('',*,*,#1883,.F.);
#882=ORIENTED_EDGE('',*,*,#1884,.T.);
#883=ORIENTED_EDGE('',*,*,#1880,.T.);
#884=ORIENTED_EDGE('',*,*,#1885,.F.);
#885=ORIENTED_EDGE('',*,*,#1886,.F.);
#886=ORIENTED_EDGE('',*,*,#1887,.T.);
#887=ORIENTED_EDGE('',*,*,#1883,.T.);
#888=ORIENTED_EDGE('',*,*,#1888,.F.);
#889=ORIENTED_EDGE('',*,*,#1889,.F.);
#890=ORIENTED_EDGE('',*,*,#1890,.T.);
#891=ORIENTED_EDGE('',*,*,#1891,.T.);
#892=ORIENTED_EDGE('',*,*,#1892,.T.);
#893=ORIENTED_EDGE('',*,*,#1893,.F.);
#894=ORIENTED_EDGE('',*,*,#1894,.F.);
#895=ORIENTED_EDGE('',*,*,#1889,.T.);
#896=ORIENTED_EDGE('',*,*,#1895,.F.);
#897=ORIENTED_EDGE('',*,*,#1896,.F.);
#898=ORIENTED_EDGE('',*,*,#1897,.T.);
#899=ORIENTED_EDGE('',*,*,#1893,.T.);
#900=ORIENTED_EDGE('',*,*,#1898,.T.);
#901=ORIENTED_EDGE('',*,*,#1899,.F.);
#902=ORIENTED_EDGE('',*,*,#1900,.F.);
#903=ORIENTED_EDGE('',*,*,#1896,.T.);
#904=ORIENTED_EDGE('',*,*,#1901,.F.);
#905=ORIENTED_EDGE('',*,*,#1902,.F.);
#906=ORIENTED_EDGE('',*,*,#1903,.T.);
#907=ORIENTED_EDGE('',*,*,#1899,.T.);
#908=ORIENTED_EDGE('',*,*,#1904,.F.);
#909=ORIENTED_EDGE('',*,*,#1905,.F.);
#910=ORIENTED_EDGE('',*,*,#1906,.T.);
#911=ORIENTED_EDGE('',*,*,#1902,.T.);
#912=ORIENTED_EDGE('',*,*,#1907,.F.);
#913=ORIENTED_EDGE('',*,*,#1908,.F.);
#914=ORIENTED_EDGE('',*,*,#1909,.T.);
#915=ORIENTED_EDGE('',*,*,#1905,.T.);
#916=ORIENTED_EDGE('',*,*,#1910,.F.);
#917=ORIENTED_EDGE('',*,*,#1911,.F.);
#918=ORIENTED_EDGE('',*,*,#1912,.T.);
#919=ORIENTED_EDGE('',*,*,#1913,.T.);
#920=ORIENTED_EDGE('',*,*,#1914,.T.);
#921=ORIENTED_EDGE('',*,*,#1915,.F.);
#922=ORIENTED_EDGE('',*,*,#1916,.F.);
#923=ORIENTED_EDGE('',*,*,#1911,.T.);
#924=ORIENTED_EDGE('',*,*,#1917,.F.);
#925=ORIENTED_EDGE('',*,*,#1918,.F.);
#926=ORIENTED_EDGE('',*,*,#1919,.T.);
#927=ORIENTED_EDGE('',*,*,#1915,.T.);
#928=ORIENTED_EDGE('',*,*,#1920,.T.);
#929=ORIENTED_EDGE('',*,*,#1921,.F.);
#930=ORIENTED_EDGE('',*,*,#1922,.F.);
#931=ORIENTED_EDGE('',*,*,#1918,.T.);
#932=ORIENTED_EDGE('',*,*,#1923,.F.);
#933=ORIENTED_EDGE('',*,*,#1924,.F.);
#934=ORIENTED_EDGE('',*,*,#1925,.T.);
#935=ORIENTED_EDGE('',*,*,#1921,.T.);
#936=ORIENTED_EDGE('',*,*,#1926,.F.);
#937=ORIENTED_EDGE('',*,*,#1927,.F.);
#938=ORIENTED_EDGE('',*,*,#1928,.T.);
#939=ORIENTED_EDGE('',*,*,#1924,.T.);
#940=ORIENTED_EDGE('',*,*,#1929,.F.);
#941=ORIENTED_EDGE('',*,*,#1930,.F.);
#942=ORIENTED_EDGE('',*,*,#1931,.T.);
#943=ORIENTED_EDGE('',*,*,#1927,.T.);
#944=ORIENTED_EDGE('',*,*,#1932,.F.);
#945=ORIENTED_EDGE('',*,*,#1429,.F.);
#946=ORIENTED_EDGE('',*,*,#1933,.T.);
#947=ORIENTED_EDGE('',*,*,#1446,.T.);
#948=ORIENTED_EDGE('',*,*,#1934,.F.);
#949=ORIENTED_EDGE('',*,*,#1451,.F.);
#950=ORIENTED_EDGE('',*,*,#1935,.T.);
#951=ORIENTED_EDGE('',*,*,#1468,.T.);
#952=ORIENTED_EDGE('',*,*,#1936,.F.);
#953=ORIENTED_EDGE('',*,*,#1473,.F.);
#954=ORIENTED_EDGE('',*,*,#1937,.T.);
#955=ORIENTED_EDGE('',*,*,#1490,.T.);
#956=ORIENTED_EDGE('',*,*,#1938,.F.);
#957=ORIENTED_EDGE('',*,*,#1495,.F.);
#958=ORIENTED_EDGE('',*,*,#1939,.T.);
#959=ORIENTED_EDGE('',*,*,#1512,.T.);
#960=ORIENTED_EDGE('',*,*,#1940,.F.);
#961=ORIENTED_EDGE('',*,*,#1517,.F.);
#962=ORIENTED_EDGE('',*,*,#1941,.T.);
#963=ORIENTED_EDGE('',*,*,#1534,.T.);
#964=ORIENTED_EDGE('',*,*,#1942,.F.);
#965=ORIENTED_EDGE('',*,*,#1539,.F.);
#966=ORIENTED_EDGE('',*,*,#1943,.T.);
#967=ORIENTED_EDGE('',*,*,#1556,.T.);
#968=ORIENTED_EDGE('',*,*,#1944,.F.);
#969=ORIENTED_EDGE('',*,*,#1561,.F.);
#970=ORIENTED_EDGE('',*,*,#1945,.T.);
#971=ORIENTED_EDGE('',*,*,#1578,.T.);
#972=ORIENTED_EDGE('',*,*,#1946,.F.);
#973=ORIENTED_EDGE('',*,*,#1583,.F.);
#974=ORIENTED_EDGE('',*,*,#1947,.T.);
#975=ORIENTED_EDGE('',*,*,#1600,.T.);
#976=ORIENTED_EDGE('',*,*,#1948,.F.);
#977=ORIENTED_EDGE('',*,*,#1605,.F.);
#978=ORIENTED_EDGE('',*,*,#1949,.T.);
#979=ORIENTED_EDGE('',*,*,#1622,.T.);
#980=ORIENTED_EDGE('',*,*,#1950,.F.);
#981=ORIENTED_EDGE('',*,*,#1627,.F.);
#982=ORIENTED_EDGE('',*,*,#1951,.T.);
#983=ORIENTED_EDGE('',*,*,#1644,.T.);
#984=ORIENTED_EDGE('',*,*,#1952,.F.);
#985=ORIENTED_EDGE('',*,*,#1649,.F.);
#986=ORIENTED_EDGE('',*,*,#1953,.T.);
#987=ORIENTED_EDGE('',*,*,#1666,.T.);
#988=ORIENTED_EDGE('',*,*,#1954,.F.);
#989=ORIENTED_EDGE('',*,*,#1671,.F.);
#990=ORIENTED_EDGE('',*,*,#1955,.T.);
#991=ORIENTED_EDGE('',*,*,#1688,.T.);
#992=ORIENTED_EDGE('',*,*,#1956,.F.);
#993=ORIENTED_EDGE('',*,*,#1693,.F.);
#994=ORIENTED_EDGE('',*,*,#1957,.T.);
#995=ORIENTED_EDGE('',*,*,#1710,.T.);
#996=ORIENTED_EDGE('',*,*,#1958,.F.);
#997=ORIENTED_EDGE('',*,*,#1715,.F.);
#998=ORIENTED_EDGE('',*,*,#1959,.T.);
#999=ORIENTED_EDGE('',*,*,#1732,.T.);
#1000=ORIENTED_EDGE('',*,*,#1960,.F.);
#1001=ORIENTED_EDGE('',*,*,#1737,.F.);
#1002=ORIENTED_EDGE('',*,*,#1961,.T.);
#1003=ORIENTED_EDGE('',*,*,#1754,.T.);
#1004=ORIENTED_EDGE('',*,*,#1962,.F.);
#1005=ORIENTED_EDGE('',*,*,#1759,.F.);
#1006=ORIENTED_EDGE('',*,*,#1963,.T.);
#1007=ORIENTED_EDGE('',*,*,#1776,.T.);
#1008=ORIENTED_EDGE('',*,*,#1964,.F.);
#1009=ORIENTED_EDGE('',*,*,#1781,.F.);
#1010=ORIENTED_EDGE('',*,*,#1965,.T.);
#1011=ORIENTED_EDGE('',*,*,#1798,.T.);
#1012=ORIENTED_EDGE('',*,*,#1966,.F.);
#1013=ORIENTED_EDGE('',*,*,#1803,.F.);
#1014=ORIENTED_EDGE('',*,*,#1967,.T.);
#1015=ORIENTED_EDGE('',*,*,#1820,.T.);
#1016=ORIENTED_EDGE('',*,*,#1968,.F.);
#1017=ORIENTED_EDGE('',*,*,#1825,.F.);
#1018=ORIENTED_EDGE('',*,*,#1969,.T.);
#1019=ORIENTED_EDGE('',*,*,#1842,.T.);
#1020=ORIENTED_EDGE('',*,*,#1970,.F.);
#1021=ORIENTED_EDGE('',*,*,#1847,.F.);
#1022=ORIENTED_EDGE('',*,*,#1971,.T.);
#1023=ORIENTED_EDGE('',*,*,#1864,.T.);
#1024=ORIENTED_EDGE('',*,*,#1972,.F.);
#1025=ORIENTED_EDGE('',*,*,#1869,.F.);
#1026=ORIENTED_EDGE('',*,*,#1973,.T.);
#1027=ORIENTED_EDGE('',*,*,#1886,.T.);
#1028=ORIENTED_EDGE('',*,*,#1974,.F.);
#1029=ORIENTED_EDGE('',*,*,#1891,.F.);
#1030=ORIENTED_EDGE('',*,*,#1975,.T.);
#1031=ORIENTED_EDGE('',*,*,#1908,.T.);
#1032=ORIENTED_EDGE('',*,*,#1976,.F.);
#1033=ORIENTED_EDGE('',*,*,#1913,.F.);
#1034=ORIENTED_EDGE('',*,*,#1977,.T.);
#1035=ORIENTED_EDGE('',*,*,#1930,.T.);
#1036=ORIENTED_EDGE('',*,*,#1978,.F.);
#1037=ORIENTED_EDGE('',*,*,#1419,.F.);
#1038=ORIENTED_EDGE('',*,*,#1979,.T.);
#1039=ORIENTED_EDGE('',*,*,#1424,.T.);
#1040=ORIENTED_EDGE('',*,*,#1912,.F.);
#1041=ORIENTED_EDGE('',*,*,#1916,.T.);
#1042=ORIENTED_EDGE('',*,*,#1919,.F.);
#1043=ORIENTED_EDGE('',*,*,#1922,.T.);
#1044=ORIENTED_EDGE('',*,*,#1925,.F.);
#1045=ORIENTED_EDGE('',*,*,#1928,.F.);
#1046=ORIENTED_EDGE('',*,*,#1931,.F.);
#1047=ORIENTED_EDGE('',*,*,#1977,.F.);
#1048=ORIENTED_EDGE('',*,*,#1890,.F.);
#1049=ORIENTED_EDGE('',*,*,#1894,.T.);
#1050=ORIENTED_EDGE('',*,*,#1897,.F.);
#1051=ORIENTED_EDGE('',*,*,#1900,.T.);
#1052=ORIENTED_EDGE('',*,*,#1903,.F.);
#1053=ORIENTED_EDGE('',*,*,#1906,.F.);
#1054=ORIENTED_EDGE('',*,*,#1909,.F.);
#1055=ORIENTED_EDGE('',*,*,#1975,.F.);
#1056=ORIENTED_EDGE('',*,*,#1868,.F.);
#1057=ORIENTED_EDGE('',*,*,#1872,.T.);
#1058=ORIENTED_EDGE('',*,*,#1875,.F.);
#1059=ORIENTED_EDGE('',*,*,#1878,.T.);
#1060=ORIENTED_EDGE('',*,*,#1881,.F.);
#1061=ORIENTED_EDGE('',*,*,#1884,.F.);
#1062=ORIENTED_EDGE('',*,*,#1887,.F.);
#1063=ORIENTED_EDGE('',*,*,#1973,.F.);
#1064=ORIENTED_EDGE('',*,*,#1846,.F.);
#1065=ORIENTED_EDGE('',*,*,#1850,.T.);
#1066=ORIENTED_EDGE('',*,*,#1853,.F.);
#1067=ORIENTED_EDGE('',*,*,#1856,.T.);
#1068=ORIENTED_EDGE('',*,*,#1859,.F.);
#1069=ORIENTED_EDGE('',*,*,#1862,.F.);
#1070=ORIENTED_EDGE('',*,*,#1865,.F.);
#1071=ORIENTED_EDGE('',*,*,#1971,.F.);
#1072=ORIENTED_EDGE('',*,*,#1824,.F.);
#1073=ORIENTED_EDGE('',*,*,#1828,.T.);
#1074=ORIENTED_EDGE('',*,*,#1831,.F.);
#1075=ORIENTED_EDGE('',*,*,#1834,.T.);
#1076=ORIENTED_EDGE('',*,*,#1837,.F.);
#1077=ORIENTED_EDGE('',*,*,#1840,.F.);
#1078=ORIENTED_EDGE('',*,*,#1843,.F.);
#1079=ORIENTED_EDGE('',*,*,#1969,.F.);
#1080=ORIENTED_EDGE('',*,*,#1802,.F.);
#1081=ORIENTED_EDGE('',*,*,#1806,.T.);
#1082=ORIENTED_EDGE('',*,*,#1809,.F.);
#1083=ORIENTED_EDGE('',*,*,#1812,.T.);
#1084=ORIENTED_EDGE('',*,*,#1815,.F.);
#1085=ORIENTED_EDGE('',*,*,#1818,.F.);
#1086=ORIENTED_EDGE('',*,*,#1821,.F.);
#1087=ORIENTED_EDGE('',*,*,#1967,.F.);
#1088=ORIENTED_EDGE('',*,*,#1780,.F.);
#1089=ORIENTED_EDGE('',*,*,#1784,.T.);
#1090=ORIENTED_EDGE('',*,*,#1787,.F.);
#1091=ORIENTED_EDGE('',*,*,#1790,.T.);
#1092=ORIENTED_EDGE('',*,*,#1793,.F.);
#1093=ORIENTED_EDGE('',*,*,#1796,.F.);
#1094=ORIENTED_EDGE('',*,*,#1799,.F.);
#1095=ORIENTED_EDGE('',*,*,#1965,.F.);
#1096=ORIENTED_EDGE('',*,*,#1758,.F.);
#1097=ORIENTED_EDGE('',*,*,#1762,.T.);
#1098=ORIENTED_EDGE('',*,*,#1765,.F.);
#1099=ORIENTED_EDGE('',*,*,#1768,.T.);
#1100=ORIENTED_EDGE('',*,*,#1771,.F.);
#1101=ORIENTED_EDGE('',*,*,#1774,.F.);
#1102=ORIENTED_EDGE('',*,*,#1777,.F.);
#1103=ORIENTED_EDGE('',*,*,#1963,.F.);
#1104=ORIENTED_EDGE('',*,*,#1736,.F.);
#1105=ORIENTED_EDGE('',*,*,#1740,.T.);
#1106=ORIENTED_EDGE('',*,*,#1743,.F.);
#1107=ORIENTED_EDGE('',*,*,#1746,.T.);
#1108=ORIENTED_EDGE('',*,*,#1749,.F.);
#1109=ORIENTED_EDGE('',*,*,#1752,.F.);
#1110=ORIENTED_EDGE('',*,*,#1755,.F.);
#1111=ORIENTED_EDGE('',*,*,#1961,.F.);
#1112=ORIENTED_EDGE('',*,*,#1714,.F.);
#1113=ORIENTED_EDGE('',*,*,#1718,.T.);
#1114=ORIENTED_EDGE('',*,*,#1721,.F.);
#1115=ORIENTED_EDGE('',*,*,#1724,.T.);
#1116=ORIENTED_EDGE('',*,*,#1727,.F.);
#1117=ORIENTED_EDGE('',*,*,#1730,.F.);
#1118=ORIENTED_EDGE('',*,*,#1733,.F.);
#1119=ORIENTED_EDGE('',*,*,#1959,.F.);
#1120=ORIENTED_EDGE('',*,*,#1692,.F.);
#1121=ORIENTED_EDGE('',*,*,#1696,.T.);
#1122=ORIENTED_EDGE('',*,*,#1699,.F.);
#1123=ORIENTED_EDGE('',*,*,#1702,.T.);
#1124=ORIENTED_EDGE('',*,*,#1705,.F.);
#1125=ORIENTED_EDGE('',*,*,#1708,.F.);
#1126=ORIENTED_EDGE('',*,*,#1711,.F.);
#1127=ORIENTED_EDGE('',*,*,#1957,.F.);
#1128=ORIENTED_EDGE('',*,*,#1670,.F.);
#1129=ORIENTED_EDGE('',*,*,#1674,.T.);
#1130=ORIENTED_EDGE('',*,*,#1677,.F.);
#1131=ORIENTED_EDGE('',*,*,#1680,.T.);
#1132=ORIENTED_EDGE('',*,*,#1683,.F.);
#1133=ORIENTED_EDGE('',*,*,#1686,.F.);
#1134=ORIENTED_EDGE('',*,*,#1689,.F.);
#1135=ORIENTED_EDGE('',*,*,#1955,.F.);
#1136=ORIENTED_EDGE('',*,*,#1648,.F.);
#1137=ORIENTED_EDGE('',*,*,#1652,.T.);
#1138=ORIENTED_EDGE('',*,*,#1655,.F.);
#1139=ORIENTED_EDGE('',*,*,#1658,.T.);
#1140=ORIENTED_EDGE('',*,*,#1661,.F.);
#1141=ORIENTED_EDGE('',*,*,#1664,.F.);
#1142=ORIENTED_EDGE('',*,*,#1667,.F.);
#1143=ORIENTED_EDGE('',*,*,#1953,.F.);
#1144=ORIENTED_EDGE('',*,*,#1626,.F.);
#1145=ORIENTED_EDGE('',*,*,#1630,.T.);
#1146=ORIENTED_EDGE('',*,*,#1633,.F.);
#1147=ORIENTED_EDGE('',*,*,#1636,.T.);
#1148=ORIENTED_EDGE('',*,*,#1639,.F.);
#1149=ORIENTED_EDGE('',*,*,#1642,.F.);
#1150=ORIENTED_EDGE('',*,*,#1645,.F.);
#1151=ORIENTED_EDGE('',*,*,#1951,.F.);
#1152=ORIENTED_EDGE('',*,*,#1604,.F.);
#1153=ORIENTED_EDGE('',*,*,#1608,.T.);
#1154=ORIENTED_EDGE('',*,*,#1611,.F.);
#1155=ORIENTED_EDGE('',*,*,#1614,.T.);
#1156=ORIENTED_EDGE('',*,*,#1617,.F.);
#1157=ORIENTED_EDGE('',*,*,#1620,.F.);
#1158=ORIENTED_EDGE('',*,*,#1623,.F.);
#1159=ORIENTED_EDGE('',*,*,#1949,.F.);
#1160=ORIENTED_EDGE('',*,*,#1582,.F.);
#1161=ORIENTED_EDGE('',*,*,#1586,.T.);
#1162=ORIENTED_EDGE('',*,*,#1589,.F.);
#1163=ORIENTED_EDGE('',*,*,#1592,.T.);
#1164=ORIENTED_EDGE('',*,*,#1595,.F.);
#1165=ORIENTED_EDGE('',*,*,#1598,.F.);
#1166=ORIENTED_EDGE('',*,*,#1601,.F.);
#1167=ORIENTED_EDGE('',*,*,#1947,.F.);
#1168=ORIENTED_EDGE('',*,*,#1560,.F.);
#1169=ORIENTED_EDGE('',*,*,#1564,.T.);
#1170=ORIENTED_EDGE('',*,*,#1567,.F.);
#1171=ORIENTED_EDGE('',*,*,#1570,.T.);
#1172=ORIENTED_EDGE('',*,*,#1573,.F.);
#1173=ORIENTED_EDGE('',*,*,#1576,.F.);
#1174=ORIENTED_EDGE('',*,*,#1579,.F.);
#1175=ORIENTED_EDGE('',*,*,#1945,.F.);
#1176=ORIENTED_EDGE('',*,*,#1538,.F.);
#1177=ORIENTED_EDGE('',*,*,#1542,.T.);
#1178=ORIENTED_EDGE('',*,*,#1545,.F.);
#1179=ORIENTED_EDGE('',*,*,#1548,.T.);
#1180=ORIENTED_EDGE('',*,*,#1551,.F.);
#1181=ORIENTED_EDGE('',*,*,#1554,.F.);
#1182=ORIENTED_EDGE('',*,*,#1557,.F.);
#1183=ORIENTED_EDGE('',*,*,#1943,.F.);
#1184=ORIENTED_EDGE('',*,*,#1516,.F.);
#1185=ORIENTED_EDGE('',*,*,#1520,.T.);
#1186=ORIENTED_EDGE('',*,*,#1523,.F.);
#1187=ORIENTED_EDGE('',*,*,#1526,.T.);
#1188=ORIENTED_EDGE('',*,*,#1529,.F.);
#1189=ORIENTED_EDGE('',*,*,#1532,.F.);
#1190=ORIENTED_EDGE('',*,*,#1535,.F.);
#1191=ORIENTED_EDGE('',*,*,#1941,.F.);
#1192=ORIENTED_EDGE('',*,*,#1494,.F.);
#1193=ORIENTED_EDGE('',*,*,#1498,.T.);
#1194=ORIENTED_EDGE('',*,*,#1501,.F.);
#1195=ORIENTED_EDGE('',*,*,#1504,.T.);
#1196=ORIENTED_EDGE('',*,*,#1507,.F.);
#1197=ORIENTED_EDGE('',*,*,#1510,.F.);
#1198=ORIENTED_EDGE('',*,*,#1513,.F.);
#1199=ORIENTED_EDGE('',*,*,#1939,.F.);
#1200=ORIENTED_EDGE('',*,*,#1472,.F.);
#1201=ORIENTED_EDGE('',*,*,#1476,.T.);
#1202=ORIENTED_EDGE('',*,*,#1479,.F.);
#1203=ORIENTED_EDGE('',*,*,#1482,.T.);
#1204=ORIENTED_EDGE('',*,*,#1485,.F.);
#1205=ORIENTED_EDGE('',*,*,#1488,.F.);
#1206=ORIENTED_EDGE('',*,*,#1491,.F.);
#1207=ORIENTED_EDGE('',*,*,#1937,.F.);
#1208=ORIENTED_EDGE('',*,*,#1450,.F.);
#1209=ORIENTED_EDGE('',*,*,#1454,.T.);
#1210=ORIENTED_EDGE('',*,*,#1457,.F.);
#1211=ORIENTED_EDGE('',*,*,#1460,.T.);
#1212=ORIENTED_EDGE('',*,*,#1463,.F.);
#1213=ORIENTED_EDGE('',*,*,#1466,.F.);
#1214=ORIENTED_EDGE('',*,*,#1469,.F.);
#1215=ORIENTED_EDGE('',*,*,#1935,.F.);
#1216=ORIENTED_EDGE('',*,*,#1428,.F.);
#1217=ORIENTED_EDGE('',*,*,#1432,.T.);
#1218=ORIENTED_EDGE('',*,*,#1435,.F.);
#1219=ORIENTED_EDGE('',*,*,#1438,.T.);
#1220=ORIENTED_EDGE('',*,*,#1441,.F.);
#1221=ORIENTED_EDGE('',*,*,#1444,.F.);
#1222=ORIENTED_EDGE('',*,*,#1447,.F.);
#1223=ORIENTED_EDGE('',*,*,#1933,.F.);
#1224=ORIENTED_EDGE('',*,*,#1418,.F.);
#1225=ORIENTED_EDGE('',*,*,#1422,.T.);
#1226=ORIENTED_EDGE('',*,*,#1425,.T.);
#1227=ORIENTED_EDGE('',*,*,#1979,.F.);
#1228=ORIENTED_EDGE('',*,*,#1910,.T.);
#1229=ORIENTED_EDGE('',*,*,#1976,.T.);
#1230=ORIENTED_EDGE('',*,*,#1929,.T.);
#1231=ORIENTED_EDGE('',*,*,#1926,.T.);
#1232=ORIENTED_EDGE('',*,*,#1923,.T.);
#1233=ORIENTED_EDGE('',*,*,#1920,.F.);
#1234=ORIENTED_EDGE('',*,*,#1917,.T.);
#1235=ORIENTED_EDGE('',*,*,#1914,.F.);
#1236=ORIENTED_EDGE('',*,*,#1888,.T.);
#1237=ORIENTED_EDGE('',*,*,#1974,.T.);
#1238=ORIENTED_EDGE('',*,*,#1907,.T.);
#1239=ORIENTED_EDGE('',*,*,#1904,.T.);
#1240=ORIENTED_EDGE('',*,*,#1901,.T.);
#1241=ORIENTED_EDGE('',*,*,#1898,.F.);
#1242=ORIENTED_EDGE('',*,*,#1895,.T.);
#1243=ORIENTED_EDGE('',*,*,#1892,.F.);
#1244=ORIENTED_EDGE('',*,*,#1866,.T.);
#1245=ORIENTED_EDGE('',*,*,#1972,.T.);
#1246=ORIENTED_EDGE('',*,*,#1885,.T.);
#1247=ORIENTED_EDGE('',*,*,#1882,.T.);
#1248=ORIENTED_EDGE('',*,*,#1879,.T.);
#1249=ORIENTED_EDGE('',*,*,#1876,.F.);
#1250=ORIENTED_EDGE('',*,*,#1873,.T.);
#1251=ORIENTED_EDGE('',*,*,#1870,.F.);
#1252=ORIENTED_EDGE('',*,*,#1844,.T.);
#1253=ORIENTED_EDGE('',*,*,#1970,.T.);
#1254=ORIENTED_EDGE('',*,*,#1863,.T.);
#1255=ORIENTED_EDGE('',*,*,#1860,.T.);
#1256=ORIENTED_EDGE('',*,*,#1857,.T.);
#1257=ORIENTED_EDGE('',*,*,#1854,.F.);
#1258=ORIENTED_EDGE('',*,*,#1851,.T.);
#1259=ORIENTED_EDGE('',*,*,#1848,.F.);
#1260=ORIENTED_EDGE('',*,*,#1822,.T.);
#1261=ORIENTED_EDGE('',*,*,#1968,.T.);
#1262=ORIENTED_EDGE('',*,*,#1841,.T.);
#1263=ORIENTED_EDGE('',*,*,#1838,.T.);
#1264=ORIENTED_EDGE('',*,*,#1835,.T.);
#1265=ORIENTED_EDGE('',*,*,#1832,.F.);
#1266=ORIENTED_EDGE('',*,*,#1829,.T.);
#1267=ORIENTED_EDGE('',*,*,#1826,.F.);
#1268=ORIENTED_EDGE('',*,*,#1800,.T.);
#1269=ORIENTED_EDGE('',*,*,#1966,.T.);
#1270=ORIENTED_EDGE('',*,*,#1819,.T.);
#1271=ORIENTED_EDGE('',*,*,#1816,.T.);
#1272=ORIENTED_EDGE('',*,*,#1813,.T.);
#1273=ORIENTED_EDGE('',*,*,#1810,.F.);
#1274=ORIENTED_EDGE('',*,*,#1807,.T.);
#1275=ORIENTED_EDGE('',*,*,#1804,.F.);
#1276=ORIENTED_EDGE('',*,*,#1778,.T.);
#1277=ORIENTED_EDGE('',*,*,#1964,.T.);
#1278=ORIENTED_EDGE('',*,*,#1797,.T.);
#1279=ORIENTED_EDGE('',*,*,#1794,.T.);
#1280=ORIENTED_EDGE('',*,*,#1791,.T.);
#1281=ORIENTED_EDGE('',*,*,#1788,.F.);
#1282=ORIENTED_EDGE('',*,*,#1785,.T.);
#1283=ORIENTED_EDGE('',*,*,#1782,.F.);
#1284=ORIENTED_EDGE('',*,*,#1756,.T.);
#1285=ORIENTED_EDGE('',*,*,#1962,.T.);
#1286=ORIENTED_EDGE('',*,*,#1775,.T.);
#1287=ORIENTED_EDGE('',*,*,#1772,.T.);
#1288=ORIENTED_EDGE('',*,*,#1769,.T.);
#1289=ORIENTED_EDGE('',*,*,#1766,.F.);
#1290=ORIENTED_EDGE('',*,*,#1763,.T.);
#1291=ORIENTED_EDGE('',*,*,#1760,.F.);
#1292=ORIENTED_EDGE('',*,*,#1734,.T.);
#1293=ORIENTED_EDGE('',*,*,#1960,.T.);
#1294=ORIENTED_EDGE('',*,*,#1753,.T.);
#1295=ORIENTED_EDGE('',*,*,#1750,.T.);
#1296=ORIENTED_EDGE('',*,*,#1747,.T.);
#1297=ORIENTED_EDGE('',*,*,#1744,.F.);
#1298=ORIENTED_EDGE('',*,*,#1741,.T.);
#1299=ORIENTED_EDGE('',*,*,#1738,.F.);
#1300=ORIENTED_EDGE('',*,*,#1712,.T.);
#1301=ORIENTED_EDGE('',*,*,#1958,.T.);
#1302=ORIENTED_EDGE('',*,*,#1731,.T.);
#1303=ORIENTED_EDGE('',*,*,#1728,.T.);
#1304=ORIENTED_EDGE('',*,*,#1725,.T.);
#1305=ORIENTED_EDGE('',*,*,#1722,.F.);
#1306=ORIENTED_EDGE('',*,*,#1719,.T.);
#1307=ORIENTED_EDGE('',*,*,#1716,.F.);
#1308=ORIENTED_EDGE('',*,*,#1690,.T.);
#1309=ORIENTED_EDGE('',*,*,#1956,.T.);
#1310=ORIENTED_EDGE('',*,*,#1709,.T.);
#1311=ORIENTED_EDGE('',*,*,#1706,.T.);
#1312=ORIENTED_EDGE('',*,*,#1703,.T.);
#1313=ORIENTED_EDGE('',*,*,#1700,.F.);
#1314=ORIENTED_EDGE('',*,*,#1697,.T.);
#1315=ORIENTED_EDGE('',*,*,#1694,.F.);
#1316=ORIENTED_EDGE('',*,*,#1668,.T.);
#1317=ORIENTED_EDGE('',*,*,#1954,.T.);
#1318=ORIENTED_EDGE('',*,*,#1687,.T.);
#1319=ORIENTED_EDGE('',*,*,#1684,.T.);
#1320=ORIENTED_EDGE('',*,*,#1681,.T.);
#1321=ORIENTED_EDGE('',*,*,#1678,.F.);
#1322=ORIENTED_EDGE('',*,*,#1675,.T.);
#1323=ORIENTED_EDGE('',*,*,#1672,.F.);
#1324=ORIENTED_EDGE('',*,*,#1646,.T.);
#1325=ORIENTED_EDGE('',*,*,#1952,.T.);
#1326=ORIENTED_EDGE('',*,*,#1665,.T.);
#1327=ORIENTED_EDGE('',*,*,#1662,.T.);
#1328=ORIENTED_EDGE('',*,*,#1659,.T.);
#1329=ORIENTED_EDGE('',*,*,#1656,.F.);
#1330=ORIENTED_EDGE('',*,*,#1653,.T.);
#1331=ORIENTED_EDGE('',*,*,#1650,.F.);
#1332=ORIENTED_EDGE('',*,*,#1624,.T.);
#1333=ORIENTED_EDGE('',*,*,#1950,.T.);
#1334=ORIENTED_EDGE('',*,*,#1643,.T.);
#1335=ORIENTED_EDGE('',*,*,#1640,.T.);
#1336=ORIENTED_EDGE('',*,*,#1637,.T.);
#1337=ORIENTED_EDGE('',*,*,#1634,.F.);
#1338=ORIENTED_EDGE('',*,*,#1631,.T.);
#1339=ORIENTED_EDGE('',*,*,#1628,.F.);
#1340=ORIENTED_EDGE('',*,*,#1602,.T.);
#1341=ORIENTED_EDGE('',*,*,#1948,.T.);
#1342=ORIENTED_EDGE('',*,*,#1621,.T.);
#1343=ORIENTED_EDGE('',*,*,#1618,.T.);
#1344=ORIENTED_EDGE('',*,*,#1615,.T.);
#1345=ORIENTED_EDGE('',*,*,#1612,.F.);
#1346=ORIENTED_EDGE('',*,*,#1609,.T.);
#1347=ORIENTED_EDGE('',*,*,#1606,.F.);
#1348=ORIENTED_EDGE('',*,*,#1580,.T.);
#1349=ORIENTED_EDGE('',*,*,#1946,.T.);
#1350=ORIENTED_EDGE('',*,*,#1599,.T.);
#1351=ORIENTED_EDGE('',*,*,#1596,.T.);
#1352=ORIENTED_EDGE('',*,*,#1593,.T.);
#1353=ORIENTED_EDGE('',*,*,#1590,.F.);
#1354=ORIENTED_EDGE('',*,*,#1587,.T.);
#1355=ORIENTED_EDGE('',*,*,#1584,.F.);
#1356=ORIENTED_EDGE('',*,*,#1558,.T.);
#1357=ORIENTED_EDGE('',*,*,#1944,.T.);
#1358=ORIENTED_EDGE('',*,*,#1577,.T.);
#1359=ORIENTED_EDGE('',*,*,#1574,.T.);
#1360=ORIENTED_EDGE('',*,*,#1571,.T.);
#1361=ORIENTED_EDGE('',*,*,#1568,.F.);
#1362=ORIENTED_EDGE('',*,*,#1565,.T.);
#1363=ORIENTED_EDGE('',*,*,#1562,.F.);
#1364=ORIENTED_EDGE('',*,*,#1536,.T.);
#1365=ORIENTED_EDGE('',*,*,#1942,.T.);
#1366=ORIENTED_EDGE('',*,*,#1555,.T.);
#1367=ORIENTED_EDGE('',*,*,#1552,.T.);
#1368=ORIENTED_EDGE('',*,*,#1549,.T.);
#1369=ORIENTED_EDGE('',*,*,#1546,.F.);
#1370=ORIENTED_EDGE('',*,*,#1543,.T.);
#1371=ORIENTED_EDGE('',*,*,#1540,.F.);
#1372=ORIENTED_EDGE('',*,*,#1514,.T.);
#1373=ORIENTED_EDGE('',*,*,#1940,.T.);
#1374=ORIENTED_EDGE('',*,*,#1533,.T.);
#1375=ORIENTED_EDGE('',*,*,#1530,.T.);
#1376=ORIENTED_EDGE('',*,*,#1527,.T.);
#1377=ORIENTED_EDGE('',*,*,#1524,.F.);
#1378=ORIENTED_EDGE('',*,*,#1521,.T.);
#1379=ORIENTED_EDGE('',*,*,#1518,.F.);
#1380=ORIENTED_EDGE('',*,*,#1492,.T.);
#1381=ORIENTED_EDGE('',*,*,#1938,.T.);
#1382=ORIENTED_EDGE('',*,*,#1511,.T.);
#1383=ORIENTED_EDGE('',*,*,#1508,.T.);
#1384=ORIENTED_EDGE('',*,*,#1505,.T.);
#1385=ORIENTED_EDGE('',*,*,#1502,.F.);
#1386=ORIENTED_EDGE('',*,*,#1499,.T.);
#1387=ORIENTED_EDGE('',*,*,#1496,.F.);
#1388=ORIENTED_EDGE('',*,*,#1470,.T.);
#1389=ORIENTED_EDGE('',*,*,#1936,.T.);
#1390=ORIENTED_EDGE('',*,*,#1489,.T.);
#1391=ORIENTED_EDGE('',*,*,#1486,.T.);
#1392=ORIENTED_EDGE('',*,*,#1483,.T.);
#1393=ORIENTED_EDGE('',*,*,#1480,.F.);
#1394=ORIENTED_EDGE('',*,*,#1477,.T.);
#1395=ORIENTED_EDGE('',*,*,#1474,.F.);
#1396=ORIENTED_EDGE('',*,*,#1448,.T.);
#1397=ORIENTED_EDGE('',*,*,#1934,.T.);
#1398=ORIENTED_EDGE('',*,*,#1467,.T.);
#1399=ORIENTED_EDGE('',*,*,#1464,.T.);
#1400=ORIENTED_EDGE('',*,*,#1461,.T.);
#1401=ORIENTED_EDGE('',*,*,#1458,.F.);
#1402=ORIENTED_EDGE('',*,*,#1455,.T.);
#1403=ORIENTED_EDGE('',*,*,#1452,.F.);
#1404=ORIENTED_EDGE('',*,*,#1426,.T.);
#1405=ORIENTED_EDGE('',*,*,#1932,.T.);
#1406=ORIENTED_EDGE('',*,*,#1445,.T.);
#1407=ORIENTED_EDGE('',*,*,#1442,.T.);
#1408=ORIENTED_EDGE('',*,*,#1439,.T.);
#1409=ORIENTED_EDGE('',*,*,#1436,.F.);
#1410=ORIENTED_EDGE('',*,*,#1433,.T.);
#1411=ORIENTED_EDGE('',*,*,#1430,.F.);
#1412=ORIENTED_EDGE('',*,*,#1416,.T.);
#1413=ORIENTED_EDGE('',*,*,#1978,.T.);
#1414=ORIENTED_EDGE('',*,*,#1423,.F.);
#1415=ORIENTED_EDGE('',*,*,#1420,.F.);
#1416=EDGE_CURVE('',#1980,#1981,#2356,.T.);
#1417=EDGE_CURVE('',#1982,#1980,#2357,.T.);
#1418=EDGE_CURVE('',#1982,#1983,#2358,.T.);
#1419=EDGE_CURVE('',#1983,#1981,#2359,.T.);
#1420=EDGE_CURVE('',#1980,#1984,#2360,.T.);
#1421=EDGE_CURVE('',#1985,#1984,#2361,.T.);
#1422=EDGE_CURVE('',#1982,#1985,#2362,.T.);
#1423=EDGE_CURVE('',#1984,#1986,#2363,.T.);
#1424=EDGE_CURVE('',#1987,#1986,#2364,.T.);
#1425=EDGE_CURVE('',#1985,#1987,#2365,.T.);
#1426=EDGE_CURVE('',#1988,#1989,#12,.T.);
#1427=EDGE_CURVE('',#1990,#1988,#2366,.T.);
#1428=EDGE_CURVE('',#1990,#1991,#13,.T.);
#1429=EDGE_CURVE('',#1991,#1989,#2367,.T.);
#1430=EDGE_CURVE('',#1988,#1992,#2368,.T.);
#1431=EDGE_CURVE('',#1993,#1992,#2369,.T.);
#1432=EDGE_CURVE('',#1990,#1993,#2370,.T.);
#1433=EDGE_CURVE('',#1994,#1992,#14,.T.);
#1434=EDGE_CURVE('',#1995,#1994,#2371,.T.);
#1435=EDGE_CURVE('',#1995,#1993,#15,.T.);
#1436=EDGE_CURVE('',#1994,#1996,#2372,.T.);
#1437=EDGE_CURVE('',#1997,#1996,#2373,.T.);
#1438=EDGE_CURVE('',#1995,#1997,#2374,.T.);
#1439=EDGE_CURVE('',#1998,#1996,#16,.T.);
#1440=EDGE_CURVE('',#1999,#1998,#2375,.T.);
#1441=EDGE_CURVE('',#1999,#1997,#17,.T.);
#1442=EDGE_CURVE('',#2000,#1998,#2376,.T.);
#1443=EDGE_CURVE('',#2001,#2000,#2377,.T.);
#1444=EDGE_CURVE('',#2001,#1999,#2378,.T.);
#1445=EDGE_CURVE('',#2002,#2000,#18,.T.);
#1446=EDGE_CURVE('',#2003,#2002,#2379,.T.);
#1447=EDGE_CURVE('',#2003,#2001,#19,.T.);
#1448=EDGE_CURVE('',#2004,#2005,#20,.T.);
#1449=EDGE_CURVE('',#2006,#2004,#2380,.T.);
#1450=EDGE_CURVE('',#2006,#2007,#21,.T.);
#1451=EDGE_CURVE('',#2007,#2005,#2381,.T.);
#1452=EDGE_CURVE('',#2004,#2008,#2382,.T.);
#1453=EDGE_CURVE('',#2009,#2008,#2383,.T.);
#1454=EDGE_CURVE('',#2006,#2009,#2384,.T.);
#1455=EDGE_CURVE('',#2010,#2008,#22,.T.);
#1456=EDGE_CURVE('',#2011,#2010,#2385,.T.);
#1457=EDGE_CURVE('',#2011,#2009,#23,.T.);
#1458=EDGE_CURVE('',#2010,#2012,#2386,.T.);
#1459=EDGE_CURVE('',#2013,#2012,#2387,.T.);
#1460=EDGE_CURVE('',#2011,#2013,#2388,.T.);
#1461=EDGE_CURVE('',#2014,#2012,#24,.T.);
#1462=EDGE_CURVE('',#2015,#2014,#2389,.T.);
#1463=EDGE_CURVE('',#2015,#2013,#25,.T.);
#1464=EDGE_CURVE('',#2016,#2014,#2390,.T.);
#1465=EDGE_CURVE('',#2017,#2016,#2391,.T.);
#1466=EDGE_CURVE('',#2017,#2015,#2392,.T.);
#1467=EDGE_CURVE('',#2018,#2016,#26,.T.);
#1468=EDGE_CURVE('',#2019,#2018,#2393,.T.);
#1469=EDGE_CURVE('',#2019,#2017,#27,.T.);
#1470=EDGE_CURVE('',#2020,#2021,#28,.T.);
#1471=EDGE_CURVE('',#2022,#2020,#2394,.T.);
#1472=EDGE_CURVE('',#2022,#2023,#29,.T.);
#1473=EDGE_CURVE('',#2023,#2021,#2395,.T.);
#1474=EDGE_CURVE('',#2020,#2024,#2396,.T.);
#1475=EDGE_CURVE('',#2025,#2024,#2397,.T.);
#1476=EDGE_CURVE('',#2022,#2025,#2398,.T.);
#1477=EDGE_CURVE('',#2026,#2024,#30,.T.);
#1478=EDGE_CURVE('',#2027,#2026,#2399,.T.);
#1479=EDGE_CURVE('',#2027,#2025,#31,.T.);
#1480=EDGE_CURVE('',#2026,#2028,#2400,.T.);
#1481=EDGE_CURVE('',#2029,#2028,#2401,.T.);
#1482=EDGE_CURVE('',#2027,#2029,#2402,.T.);
#1483=EDGE_CURVE('',#2030,#2028,#32,.T.);
#1484=EDGE_CURVE('',#2031,#2030,#2403,.T.);
#1485=EDGE_CURVE('',#2031,#2029,#33,.T.);
#1486=EDGE_CURVE('',#2032,#2030,#2404,.T.);
#1487=EDGE_CURVE('',#2033,#2032,#2405,.T.);
#1488=EDGE_CURVE('',#2033,#2031,#2406,.T.);
#1489=EDGE_CURVE('',#2034,#2032,#34,.T.);
#1490=EDGE_CURVE('',#2035,#2034,#2407,.T.);
#1491=EDGE_CURVE('',#2035,#2033,#35,.T.);
#1492=EDGE_CURVE('',#2036,#2037,#36,.T.);
#1493=EDGE_CURVE('',#2038,#2036,#2408,.T.);
#1494=EDGE_CURVE('',#2038,#2039,#37,.T.);
#1495=EDGE_CURVE('',#2039,#2037,#2409,.T.);
#1496=EDGE_CURVE('',#2036,#2040,#2410,.T.);
#1497=EDGE_CURVE('',#2041,#2040,#2411,.T.);
#1498=EDGE_CURVE('',#2038,#2041,#2412,.T.);
#1499=EDGE_CURVE('',#2042,#2040,#38,.T.);
#1500=EDGE_CURVE('',#2043,#2042,#2413,.T.);
#1501=EDGE_CURVE('',#2043,#2041,#39,.T.);
#1502=EDGE_CURVE('',#2042,#2044,#2414,.T.);
#1503=EDGE_CURVE('',#2045,#2044,#2415,.T.);
#1504=EDGE_CURVE('',#2043,#2045,#2416,.T.);
#1505=EDGE_CURVE('',#2046,#2044,#40,.T.);
#1506=EDGE_CURVE('',#2047,#2046,#2417,.T.);
#1507=EDGE_CURVE('',#2047,#2045,#41,.T.);
#1508=EDGE_CURVE('',#2048,#2046,#2418,.T.);
#1509=EDGE_CURVE('',#2049,#2048,#2419,.T.);
#1510=EDGE_CURVE('',#2049,#2047,#2420,.T.);
#1511=EDGE_CURVE('',#2050,#2048,#42,.T.);
#1512=EDGE_CURVE('',#2051,#2050,#2421,.T.);
#1513=EDGE_CURVE('',#2051,#2049,#43,.T.);
#1514=EDGE_CURVE('',#2052,#2053,#44,.T.);
#1515=EDGE_CURVE('',#2054,#2052,#2422,.T.);
#1516=EDGE_CURVE('',#2054,#2055,#45,.T.);
#1517=EDGE_CURVE('',#2055,#2053,#2423,.T.);
#1518=EDGE_CURVE('',#2052,#2056,#2424,.T.);
#1519=EDGE_CURVE('',#2057,#2056,#2425,.T.);
#1520=EDGE_CURVE('',#2054,#2057,#2426,.T.);
#1521=EDGE_CURVE('',#2058,#2056,#46,.T.);
#1522=EDGE_CURVE('',#2059,#2058,#2427,.T.);
#1523=EDGE_CURVE('',#2059,#2057,#47,.T.);
#1524=EDGE_CURVE('',#2058,#2060,#2428,.T.);
#1525=EDGE_CURVE('',#2061,#2060,#2429,.T.);
#1526=EDGE_CURVE('',#2059,#2061,#2430,.T.);
#1527=EDGE_CURVE('',#2062,#2060,#48,.T.);
#1528=EDGE_CURVE('',#2063,#2062,#2431,.T.);
#1529=EDGE_CURVE('',#2063,#2061,#49,.T.);
#1530=EDGE_CURVE('',#2064,#2062,#2432,.T.);
#1531=EDGE_CURVE('',#2065,#2064,#2433,.T.);
#1532=EDGE_CURVE('',#2065,#2063,#2434,.T.);
#1533=EDGE_CURVE('',#2066,#2064,#50,.T.);
#1534=EDGE_CURVE('',#2067,#2066,#2435,.T.);
#1535=EDGE_CURVE('',#2067,#2065,#51,.T.);
#1536=EDGE_CURVE('',#2068,#2069,#52,.T.);
#1537=EDGE_CURVE('',#2070,#2068,#2436,.T.);
#1538=EDGE_CURVE('',#2070,#2071,#53,.T.);
#1539=EDGE_CURVE('',#2071,#2069,#2437,.T.);
#1540=EDGE_CURVE('',#2068,#2072,#2438,.T.);
#1541=EDGE_CURVE('',#2073,#2072,#2439,.T.);
#1542=EDGE_CURVE('',#2070,#2073,#2440,.T.);
#1543=EDGE_CURVE('',#2074,#2072,#54,.T.);
#1544=EDGE_CURVE('',#2075,#2074,#2441,.T.);
#1545=EDGE_CURVE('',#2075,#2073,#55,.T.);
#1546=EDGE_CURVE('',#2074,#2076,#2442,.T.);
#1547=EDGE_CURVE('',#2077,#2076,#2443,.T.);
#1548=EDGE_CURVE('',#2075,#2077,#2444,.T.);
#1549=EDGE_CURVE('',#2078,#2076,#56,.T.);
#1550=EDGE_CURVE('',#2079,#2078,#2445,.T.);
#1551=EDGE_CURVE('',#2079,#2077,#57,.T.);
#1552=EDGE_CURVE('',#2080,#2078,#2446,.T.);
#1553=EDGE_CURVE('',#2081,#2080,#2447,.T.);
#1554=EDGE_CURVE('',#2081,#2079,#2448,.T.);
#1555=EDGE_CURVE('',#2082,#2080,#58,.T.);
#1556=EDGE_CURVE('',#2083,#2082,#2449,.T.);
#1557=EDGE_CURVE('',#2083,#2081,#59,.T.);
#1558=EDGE_CURVE('',#2084,#2085,#60,.T.);
#1559=EDGE_CURVE('',#2086,#2084,#2450,.T.);
#1560=EDGE_CURVE('',#2086,#2087,#61,.T.);
#1561=EDGE_CURVE('',#2087,#2085,#2451,.T.);
#1562=EDGE_CURVE('',#2084,#2088,#2452,.T.);
#1563=EDGE_CURVE('',#2089,#2088,#2453,.T.);
#1564=EDGE_CURVE('',#2086,#2089,#2454,.T.);
#1565=EDGE_CURVE('',#2090,#2088,#62,.T.);
#1566=EDGE_CURVE('',#2091,#2090,#2455,.T.);
#1567=EDGE_CURVE('',#2091,#2089,#63,.T.);
#1568=EDGE_CURVE('',#2090,#2092,#2456,.T.);
#1569=EDGE_CURVE('',#2093,#2092,#2457,.T.);
#1570=EDGE_CURVE('',#2091,#2093,#2458,.T.);
#1571=EDGE_CURVE('',#2094,#2092,#64,.T.);
#1572=EDGE_CURVE('',#2095,#2094,#2459,.T.);
#1573=EDGE_CURVE('',#2095,#2093,#65,.T.);
#1574=EDGE_CURVE('',#2096,#2094,#2460,.T.);
#1575=EDGE_CURVE('',#2097,#2096,#2461,.T.);
#1576=EDGE_CURVE('',#2097,#2095,#2462,.T.);
#1577=EDGE_CURVE('',#2098,#2096,#66,.T.);
#1578=EDGE_CURVE('',#2099,#2098,#2463,.T.);
#1579=EDGE_CURVE('',#2099,#2097,#67,.T.);
#1580=EDGE_CURVE('',#2100,#2101,#68,.T.);
#1581=EDGE_CURVE('',#2102,#2100,#2464,.T.);
#1582=EDGE_CURVE('',#2102,#2103,#69,.T.);
#1583=EDGE_CURVE('',#2103,#2101,#2465,.T.);
#1584=EDGE_CURVE('',#2100,#2104,#2466,.T.);
#1585=EDGE_CURVE('',#2105,#2104,#2467,.T.);
#1586=EDGE_CURVE('',#2102,#2105,#2468,.T.);
#1587=EDGE_CURVE('',#2106,#2104,#70,.T.);
#1588=EDGE_CURVE('',#2107,#2106,#2469,.T.);
#1589=EDGE_CURVE('',#2107,#2105,#71,.T.);
#1590=EDGE_CURVE('',#2106,#2108,#2470,.T.);
#1591=EDGE_CURVE('',#2109,#2108,#2471,.T.);
#1592=EDGE_CURVE('',#2107,#2109,#2472,.T.);
#1593=EDGE_CURVE('',#2110,#2108,#72,.T.);
#1594=EDGE_CURVE('',#2111,#2110,#2473,.T.);
#1595=EDGE_CURVE('',#2111,#2109,#73,.T.);
#1596=EDGE_CURVE('',#2112,#2110,#2474,.T.);
#1597=EDGE_CURVE('',#2113,#2112,#2475,.T.);
#1598=EDGE_CURVE('',#2113,#2111,#2476,.T.);
#1599=EDGE_CURVE('',#2114,#2112,#74,.T.);
#1600=EDGE_CURVE('',#2115,#2114,#2477,.T.);
#1601=EDGE_CURVE('',#2115,#2113,#75,.T.);
#1602=EDGE_CURVE('',#2116,#2117,#76,.T.);
#1603=EDGE_CURVE('',#2118,#2116,#2478,.T.);
#1604=EDGE_CURVE('',#2118,#2119,#77,.T.);
#1605=EDGE_CURVE('',#2119,#2117,#2479,.T.);
#1606=EDGE_CURVE('',#2116,#2120,#2480,.T.);
#1607=EDGE_CURVE('',#2121,#2120,#2481,.T.);
#1608=EDGE_CURVE('',#2118,#2121,#2482,.T.);
#1609=EDGE_CURVE('',#2122,#2120,#78,.T.);
#1610=EDGE_CURVE('',#2123,#2122,#2483,.T.);
#1611=EDGE_CURVE('',#2123,#2121,#79,.T.);
#1612=EDGE_CURVE('',#2122,#2124,#2484,.T.);
#1613=EDGE_CURVE('',#2125,#2124,#2485,.T.);
#1614=EDGE_CURVE('',#2123,#2125,#2486,.T.);
#1615=EDGE_CURVE('',#2126,#2124,#80,.T.);
#1616=EDGE_CURVE('',#2127,#2126,#2487,.T.);
#1617=EDGE_CURVE('',#2127,#2125,#81,.T.);
#1618=EDGE_CURVE('',#2128,#2126,#2488,.T.);
#1619=EDGE_CURVE('',#2129,#2128,#2489,.T.);
#1620=EDGE_CURVE('',#2129,#2127,#2490,.T.);
#1621=EDGE_CURVE('',#2130,#2128,#82,.T.);
#1622=EDGE_CURVE('',#2131,#2130,#2491,.T.);
#1623=EDGE_CURVE('',#2131,#2129,#83,.T.);
#1624=EDGE_CURVE('',#2132,#2133,#84,.T.);
#1625=EDGE_CURVE('',#2134,#2132,#2492,.T.);
#1626=EDGE_CURVE('',#2134,#2135,#85,.T.);
#1627=EDGE_CURVE('',#2135,#2133,#2493,.T.);
#1628=EDGE_CURVE('',#2132,#2136,#2494,.T.);
#1629=EDGE_CURVE('',#2137,#2136,#2495,.T.);
#1630=EDGE_CURVE('',#2134,#2137,#2496,.T.);
#1631=EDGE_CURVE('',#2138,#2136,#86,.T.);
#1632=EDGE_CURVE('',#2139,#2138,#2497,.T.);
#1633=EDGE_CURVE('',#2139,#2137,#87,.T.);
#1634=EDGE_CURVE('',#2138,#2140,#2498,.T.);
#1635=EDGE_CURVE('',#2141,#2140,#2499,.T.);
#1636=EDGE_CURVE('',#2139,#2141,#2500,.T.);
#1637=EDGE_CURVE('',#2142,#2140,#88,.T.);
#1638=EDGE_CURVE('',#2143,#2142,#2501,.T.);
#1639=EDGE_CURVE('',#2143,#2141,#89,.T.);
#1640=EDGE_CURVE('',#2144,#2142,#2502,.T.);
#1641=EDGE_CURVE('',#2145,#2144,#2503,.T.);
#1642=EDGE_CURVE('',#2145,#2143,#2504,.T.);
#1643=EDGE_CURVE('',#2146,#2144,#90,.T.);
#1644=EDGE_CURVE('',#2147,#2146,#2505,.T.);
#1645=EDGE_CURVE('',#2147,#2145,#91,.T.);
#1646=EDGE_CURVE('',#2148,#2149,#92,.T.);
#1647=EDGE_CURVE('',#2150,#2148,#2506,.T.);
#1648=EDGE_CURVE('',#2150,#2151,#93,.T.);
#1649=EDGE_CURVE('',#2151,#2149,#2507,.T.);
#1650=EDGE_CURVE('',#2148,#2152,#2508,.T.);
#1651=EDGE_CURVE('',#2153,#2152,#2509,.T.);
#1652=EDGE_CURVE('',#2150,#2153,#2510,.T.);
#1653=EDGE_CURVE('',#2154,#2152,#94,.T.);
#1654=EDGE_CURVE('',#2155,#2154,#2511,.T.);
#1655=EDGE_CURVE('',#2155,#2153,#95,.T.);
#1656=EDGE_CURVE('',#2154,#2156,#2512,.T.);
#1657=EDGE_CURVE('',#2157,#2156,#2513,.T.);
#1658=EDGE_CURVE('',#2155,#2157,#2514,.T.);
#1659=EDGE_CURVE('',#2158,#2156,#96,.T.);
#1660=EDGE_CURVE('',#2159,#2158,#2515,.T.);
#1661=EDGE_CURVE('',#2159,#2157,#97,.T.);
#1662=EDGE_CURVE('',#2160,#2158,#2516,.T.);
#1663=EDGE_CURVE('',#2161,#2160,#2517,.T.);
#1664=EDGE_CURVE('',#2161,#2159,#2518,.T.);
#1665=EDGE_CURVE('',#2162,#2160,#98,.T.);
#1666=EDGE_CURVE('',#2163,#2162,#2519,.T.);
#1667=EDGE_CURVE('',#2163,#2161,#99,.T.);
#1668=EDGE_CURVE('',#2164,#2165,#100,.T.);
#1669=EDGE_CURVE('',#2166,#2164,#2520,.T.);
#1670=EDGE_CURVE('',#2166,#2167,#101,.T.);
#1671=EDGE_CURVE('',#2167,#2165,#2521,.T.);
#1672=EDGE_CURVE('',#2164,#2168,#2522,.T.);
#1673=EDGE_CURVE('',#2169,#2168,#2523,.T.);
#1674=EDGE_CURVE('',#2166,#2169,#2524,.T.);
#1675=EDGE_CURVE('',#2170,#2168,#102,.T.);
#1676=EDGE_CURVE('',#2171,#2170,#2525,.T.);
#1677=EDGE_CURVE('',#2171,#2169,#103,.T.);
#1678=EDGE_CURVE('',#2170,#2172,#2526,.T.);
#1679=EDGE_CURVE('',#2173,#2172,#2527,.T.);
#1680=EDGE_CURVE('',#2171,#2173,#2528,.T.);
#1681=EDGE_CURVE('',#2174,#2172,#104,.T.);
#1682=EDGE_CURVE('',#2175,#2174,#2529,.T.);
#1683=EDGE_CURVE('',#2175,#2173,#105,.T.);
#1684=EDGE_CURVE('',#2176,#2174,#2530,.T.);
#1685=EDGE_CURVE('',#2177,#2176,#2531,.T.);
#1686=EDGE_CURVE('',#2177,#2175,#2532,.T.);
#1687=EDGE_CURVE('',#2178,#2176,#106,.T.);
#1688=EDGE_CURVE('',#2179,#2178,#2533,.T.);
#1689=EDGE_CURVE('',#2179,#2177,#107,.T.);
#1690=EDGE_CURVE('',#2180,#2181,#108,.T.);
#1691=EDGE_CURVE('',#2182,#2180,#2534,.T.);
#1692=EDGE_CURVE('',#2182,#2183,#109,.T.);
#1693=EDGE_CURVE('',#2183,#2181,#2535,.T.);
#1694=EDGE_CURVE('',#2180,#2184,#2536,.T.);
#1695=EDGE_CURVE('',#2185,#2184,#2537,.T.);
#1696=EDGE_CURVE('',#2182,#2185,#2538,.T.);
#1697=EDGE_CURVE('',#2186,#2184,#110,.T.);
#1698=EDGE_CURVE('',#2187,#2186,#2539,.T.);
#1699=EDGE_CURVE('',#2187,#2185,#111,.T.);
#1700=EDGE_CURVE('',#2186,#2188,#2540,.T.);
#1701=EDGE_CURVE('',#2189,#2188,#2541,.T.);
#1702=EDGE_CURVE('',#2187,#2189,#2542,.T.);
#1703=EDGE_CURVE('',#2190,#2188,#112,.T.);
#1704=EDGE_CURVE('',#2191,#2190,#2543,.T.);
#1705=EDGE_CURVE('',#2191,#2189,#113,.T.);
#1706=EDGE_CURVE('',#2192,#2190,#2544,.T.);
#1707=EDGE_CURVE('',#2193,#2192,#2545,.T.);
#1708=EDGE_CURVE('',#2193,#2191,#2546,.T.);
#1709=EDGE_CURVE('',#2194,#2192,#114,.T.);
#1710=EDGE_CURVE('',#2195,#2194,#2547,.T.);
#1711=EDGE_CURVE('',#2195,#2193,#115,.T.);
#1712=EDGE_CURVE('',#2196,#2197,#116,.T.);
#1713=EDGE_CURVE('',#2198,#2196,#2548,.T.);
#1714=EDGE_CURVE('',#2198,#2199,#117,.T.);
#1715=EDGE_CURVE('',#2199,#2197,#2549,.T.);
#1716=EDGE_CURVE('',#2196,#2200,#2550,.T.);
#1717=EDGE_CURVE('',#2201,#2200,#2551,.T.);
#1718=EDGE_CURVE('',#2198,#2201,#2552,.T.);
#1719=EDGE_CURVE('',#2202,#2200,#118,.T.);
#1720=EDGE_CURVE('',#2203,#2202,#2553,.T.);
#1721=EDGE_CURVE('',#2203,#2201,#119,.T.);
#1722=EDGE_CURVE('',#2202,#2204,#2554,.T.);
#1723=EDGE_CURVE('',#2205,#2204,#2555,.T.);
#1724=EDGE_CURVE('',#2203,#2205,#2556,.T.);
#1725=EDGE_CURVE('',#2206,#2204,#120,.T.);
#1726=EDGE_CURVE('',#2207,#2206,#2557,.T.);
#1727=EDGE_CURVE('',#2207,#2205,#121,.T.);
#1728=EDGE_CURVE('',#2208,#2206,#2558,.T.);
#1729=EDGE_CURVE('',#2209,#2208,#2559,.T.);
#1730=EDGE_CURVE('',#2209,#2207,#2560,.T.);
#1731=EDGE_CURVE('',#2210,#2208,#122,.T.);
#1732=EDGE_CURVE('',#2211,#2210,#2561,.T.);
#1733=EDGE_CURVE('',#2211,#2209,#123,.T.);
#1734=EDGE_CURVE('',#2212,#2213,#124,.T.);
#1735=EDGE_CURVE('',#2214,#2212,#2562,.T.);
#1736=EDGE_CURVE('',#2214,#2215,#125,.T.);
#1737=EDGE_CURVE('',#2215,#2213,#2563,.T.);
#1738=EDGE_CURVE('',#2212,#2216,#2564,.T.);
#1739=EDGE_CURVE('',#2217,#2216,#2565,.T.);
#1740=EDGE_CURVE('',#2214,#2217,#2566,.T.);
#1741=EDGE_CURVE('',#2218,#2216,#126,.T.);
#1742=EDGE_CURVE('',#2219,#2218,#2567,.T.);
#1743=EDGE_CURVE('',#2219,#2217,#127,.T.);
#1744=EDGE_CURVE('',#2218,#2220,#2568,.T.);
#1745=EDGE_CURVE('',#2221,#2220,#2569,.T.);
#1746=EDGE_CURVE('',#2219,#2221,#2570,.T.);
#1747=EDGE_CURVE('',#2222,#2220,#128,.T.);
#1748=EDGE_CURVE('',#2223,#2222,#2571,.T.);
#1749=EDGE_CURVE('',#2223,#2221,#129,.T.);
#1750=EDGE_CURVE('',#2224,#2222,#2572,.T.);
#1751=EDGE_CURVE('',#2225,#2224,#2573,.T.);
#1752=EDGE_CURVE('',#2225,#2223,#2574,.T.);
#1753=EDGE_CURVE('',#2226,#2224,#130,.T.);
#1754=EDGE_CURVE('',#2227,#2226,#2575,.T.);
#1755=EDGE_CURVE('',#2227,#2225,#131,.T.);
#1756=EDGE_CURVE('',#2228,#2229,#132,.T.);
#1757=EDGE_CURVE('',#2230,#2228,#2576,.T.);
#1758=EDGE_CURVE('',#2230,#2231,#133,.T.);
#1759=EDGE_CURVE('',#2231,#2229,#2577,.T.);
#1760=EDGE_CURVE('',#2228,#2232,#2578,.T.);
#1761=EDGE_CURVE('',#2233,#2232,#2579,.T.);
#1762=EDGE_CURVE('',#2230,#2233,#2580,.T.);
#1763=EDGE_CURVE('',#2234,#2232,#134,.T.);
#1764=EDGE_CURVE('',#2235,#2234,#2581,.T.);
#1765=EDGE_CURVE('',#2235,#2233,#135,.T.);
#1766=EDGE_CURVE('',#2234,#2236,#2582,.T.);
#1767=EDGE_CURVE('',#2237,#2236,#2583,.T.);
#1768=EDGE_CURVE('',#2235,#2237,#2584,.T.);
#1769=EDGE_CURVE('',#2238,#2236,#136,.T.);
#1770=EDGE_CURVE('',#2239,#2238,#2585,.T.);
#1771=EDGE_CURVE('',#2239,#2237,#137,.T.);
#1772=EDGE_CURVE('',#2240,#2238,#2586,.T.);
#1773=EDGE_CURVE('',#2241,#2240,#2587,.T.);
#1774=EDGE_CURVE('',#2241,#2239,#2588,.T.);
#1775=EDGE_CURVE('',#2242,#2240,#138,.T.);
#1776=EDGE_CURVE('',#2243,#2242,#2589,.T.);
#1777=EDGE_CURVE('',#2243,#2241,#139,.T.);
#1778=EDGE_CURVE('',#2244,#2245,#140,.T.);
#1779=EDGE_CURVE('',#2246,#2244,#2590,.T.);
#1780=EDGE_CURVE('',#2246,#2247,#141,.T.);
#1781=EDGE_CURVE('',#2247,#2245,#2591,.T.);
#1782=EDGE_CURVE('',#2244,#2248,#2592,.T.);
#1783=EDGE_CURVE('',#2249,#2248,#2593,.T.);
#1784=EDGE_CURVE('',#2246,#2249,#2594,.T.);
#1785=EDGE_CURVE('',#2250,#2248,#142,.T.);
#1786=EDGE_CURVE('',#2251,#2250,#2595,.T.);
#1787=EDGE_CURVE('',#2251,#2249,#143,.T.);
#1788=EDGE_CURVE('',#2250,#2252,#2596,.T.);
#1789=EDGE_CURVE('',#2253,#2252,#2597,.T.);
#1790=EDGE_CURVE('',#2251,#2253,#2598,.T.);
#1791=EDGE_CURVE('',#2254,#2252,#144,.T.);
#1792=EDGE_CURVE('',#2255,#2254,#2599,.T.);
#1793=EDGE_CURVE('',#2255,#2253,#145,.T.);
#1794=EDGE_CURVE('',#2256,#2254,#2600,.T.);
#1795=EDGE_CURVE('',#2257,#2256,#2601,.T.);
#1796=EDGE_CURVE('',#2257,#2255,#2602,.T.);
#1797=EDGE_CURVE('',#2258,#2256,#146,.T.);
#1798=EDGE_CURVE('',#2259,#2258,#2603,.T.);
#1799=EDGE_CURVE('',#2259,#2257,#147,.T.);
#1800=EDGE_CURVE('',#2260,#2261,#148,.T.);
#1801=EDGE_CURVE('',#2262,#2260,#2604,.T.);
#1802=EDGE_CURVE('',#2262,#2263,#149,.T.);
#1803=EDGE_CURVE('',#2263,#2261,#2605,.T.);
#1804=EDGE_CURVE('',#2260,#2264,#2606,.T.);
#1805=EDGE_CURVE('',#2265,#2264,#2607,.T.);
#1806=EDGE_CURVE('',#2262,#2265,#2608,.T.);
#1807=EDGE_CURVE('',#2266,#2264,#150,.T.);
#1808=EDGE_CURVE('',#2267,#2266,#2609,.T.);
#1809=EDGE_CURVE('',#2267,#2265,#151,.T.);
#1810=EDGE_CURVE('',#2266,#2268,#2610,.T.);
#1811=EDGE_CURVE('',#2269,#2268,#2611,.T.);
#1812=EDGE_CURVE('',#2267,#2269,#2612,.T.);
#1813=EDGE_CURVE('',#2270,#2268,#152,.T.);
#1814=EDGE_CURVE('',#2271,#2270,#2613,.T.);
#1815=EDGE_CURVE('',#2271,#2269,#153,.T.);
#1816=EDGE_CURVE('',#2272,#2270,#2614,.T.);
#1817=EDGE_CURVE('',#2273,#2272,#2615,.T.);
#1818=EDGE_CURVE('',#2273,#2271,#2616,.T.);
#1819=EDGE_CURVE('',#2274,#2272,#154,.T.);
#1820=EDGE_CURVE('',#2275,#2274,#2617,.T.);
#1821=EDGE_CURVE('',#2275,#2273,#155,.T.);
#1822=EDGE_CURVE('',#2276,#2277,#156,.T.);
#1823=EDGE_CURVE('',#2278,#2276,#2618,.T.);
#1824=EDGE_CURVE('',#2278,#2279,#157,.T.);
#1825=EDGE_CURVE('',#2279,#2277,#2619,.T.);
#1826=EDGE_CURVE('',#2276,#2280,#2620,.T.);
#1827=EDGE_CURVE('',#2281,#2280,#2621,.T.);
#1828=EDGE_CURVE('',#2278,#2281,#2622,.T.);
#1829=EDGE_CURVE('',#2282,#2280,#158,.T.);
#1830=EDGE_CURVE('',#2283,#2282,#2623,.T.);
#1831=EDGE_CURVE('',#2283,#2281,#159,.T.);
#1832=EDGE_CURVE('',#2282,#2284,#2624,.T.);
#1833=EDGE_CURVE('',#2285,#2284,#2625,.T.);
#1834=EDGE_CURVE('',#2283,#2285,#2626,.T.);
#1835=EDGE_CURVE('',#2286,#2284,#160,.T.);
#1836=EDGE_CURVE('',#2287,#2286,#2627,.T.);
#1837=EDGE_CURVE('',#2287,#2285,#161,.T.);
#1838=EDGE_CURVE('',#2288,#2286,#2628,.T.);
#1839=EDGE_CURVE('',#2289,#2288,#2629,.T.);
#1840=EDGE_CURVE('',#2289,#2287,#2630,.T.);
#1841=EDGE_CURVE('',#2290,#2288,#162,.T.);
#1842=EDGE_CURVE('',#2291,#2290,#2631,.T.);
#1843=EDGE_CURVE('',#2291,#2289,#163,.T.);
#1844=EDGE_CURVE('',#2292,#2293,#164,.T.);
#1845=EDGE_CURVE('',#2294,#2292,#2632,.T.);
#1846=EDGE_CURVE('',#2294,#2295,#165,.T.);
#1847=EDGE_CURVE('',#2295,#2293,#2633,.T.);
#1848=EDGE_CURVE('',#2292,#2296,#2634,.T.);
#1849=EDGE_CURVE('',#2297,#2296,#2635,.T.);
#1850=EDGE_CURVE('',#2294,#2297,#2636,.T.);
#1851=EDGE_CURVE('',#2298,#2296,#166,.T.);
#1852=EDGE_CURVE('',#2299,#2298,#2637,.T.);
#1853=EDGE_CURVE('',#2299,#2297,#167,.T.);
#1854=EDGE_CURVE('',#2298,#2300,#2638,.T.);
#1855=EDGE_CURVE('',#2301,#2300,#2639,.T.);
#1856=EDGE_CURVE('',#2299,#2301,#2640,.T.);
#1857=EDGE_CURVE('',#2302,#2300,#168,.T.);
#1858=EDGE_CURVE('',#2303,#2302,#2641,.T.);
#1859=EDGE_CURVE('',#2303,#2301,#169,.T.);
#1860=EDGE_CURVE('',#2304,#2302,#2642,.T.);
#1861=EDGE_CURVE('',#2305,#2304,#2643,.T.);
#1862=EDGE_CURVE('',#2305,#2303,#2644,.T.);
#1863=EDGE_CURVE('',#2306,#2304,#170,.T.);
#1864=EDGE_CURVE('',#2307,#2306,#2645,.T.);
#1865=EDGE_CURVE('',#2307,#2305,#171,.T.);
#1866=EDGE_CURVE('',#2308,#2309,#172,.T.);
#1867=EDGE_CURVE('',#2310,#2308,#2646,.T.);
#1868=EDGE_CURVE('',#2310,#2311,#173,.T.);
#1869=EDGE_CURVE('',#2311,#2309,#2647,.T.);
#1870=EDGE_CURVE('',#2308,#2312,#2648,.T.);
#1871=EDGE_CURVE('',#2313,#2312,#2649,.T.);
#1872=EDGE_CURVE('',#2310,#2313,#2650,.T.);
#1873=EDGE_CURVE('',#2314,#2312,#174,.T.);
#1874=EDGE_CURVE('',#2315,#2314,#2651,.T.);
#1875=EDGE_CURVE('',#2315,#2313,#175,.T.);
#1876=EDGE_CURVE('',#2314,#2316,#2652,.T.);
#1877=EDGE_CURVE('',#2317,#2316,#2653,.T.);
#1878=EDGE_CURVE('',#2315,#2317,#2654,.T.);
#1879=EDGE_CURVE('',#2318,#2316,#176,.T.);
#1880=EDGE_CURVE('',#2319,#2318,#2655,.T.);
#1881=EDGE_CURVE('',#2319,#2317,#177,.T.);
#1882=EDGE_CURVE('',#2320,#2318,#2656,.T.);
#1883=EDGE_CURVE('',#2321,#2320,#2657,.T.);
#1884=EDGE_CURVE('',#2321,#2319,#2658,.T.);
#1885=EDGE_CURVE('',#2322,#2320,#178,.T.);
#1886=EDGE_CURVE('',#2323,#2322,#2659,.T.);
#1887=EDGE_CURVE('',#2323,#2321,#179,.T.);
#1888=EDGE_CURVE('',#2324,#2325,#180,.T.);
#1889=EDGE_CURVE('',#2326,#2324,#2660,.T.);
#1890=EDGE_CURVE('',#2326,#2327,#181,.T.);
#1891=EDGE_CURVE('',#2327,#2325,#2661,.T.);
#1892=EDGE_CURVE('',#2324,#2328,#2662,.T.);
#1893=EDGE_CURVE('',#2329,#2328,#2663,.T.);
#1894=EDGE_CURVE('',#2326,#2329,#2664,.T.);
#1895=EDGE_CURVE('',#2330,#2328,#182,.T.);
#1896=EDGE_CURVE('',#2331,#2330,#2665,.T.);
#1897=EDGE_CURVE('',#2331,#2329,#183,.T.);
#1898=EDGE_CURVE('',#2330,#2332,#2666,.T.);
#1899=EDGE_CURVE('',#2333,#2332,#2667,.T.);
#1900=EDGE_CURVE('',#2331,#2333,#2668,.T.);
#1901=EDGE_CURVE('',#2334,#2332,#184,.T.);
#1902=EDGE_CURVE('',#2335,#2334,#2669,.T.);
#1903=EDGE_CURVE('',#2335,#2333,#185,.T.);
#1904=EDGE_CURVE('',#2336,#2334,#2670,.T.);
#1905=EDGE_CURVE('',#2337,#2336,#2671,.T.);
#1906=EDGE_CURVE('',#2337,#2335,#2672,.T.);
#1907=EDGE_CURVE('',#2338,#2336,#186,.T.);
#1908=EDGE_CURVE('',#2339,#2338,#2673,.T.);
#1909=EDGE_CURVE('',#2339,#2337,#187,.T.);
#1910=EDGE_CURVE('',#2340,#2341,#188,.T.);
#1911=EDGE_CURVE('',#2342,#2340,#2674,.T.);
#1912=EDGE_CURVE('',#2342,#2343,#189,.T.);
#1913=EDGE_CURVE('',#2343,#2341,#2675,.T.);
#1914=EDGE_CURVE('',#2340,#2344,#2676,.T.);
#1915=EDGE_CURVE('',#2345,#2344,#2677,.T.);
#1916=EDGE_CURVE('',#2342,#2345,#2678,.T.);
#1917=EDGE_CURVE('',#2346,#2344,#190,.T.);
#1918=EDGE_CURVE('',#2347,#2346,#2679,.T.);
#1919=EDGE_CURVE('',#2347,#2345,#191,.T.);
#1920=EDGE_CURVE('',#2346,#2348,#2680,.T.);
#1921=EDGE_CURVE('',#2349,#2348,#2681,.T.);
#1922=EDGE_CURVE('',#2347,#2349,#2682,.T.);
#1923=EDGE_CURVE('',#2350,#2348,#192,.T.);
#1924=EDGE_CURVE('',#2351,#2350,#2683,.T.);
#1925=EDGE_CURVE('',#2351,#2349,#193,.T.);
#1926=EDGE_CURVE('',#2352,#2350,#2684,.T.);
#1927=EDGE_CURVE('',#2353,#2352,#2685,.T.);
#1928=EDGE_CURVE('',#2353,#2351,#2686,.T.);
#1929=EDGE_CURVE('',#2354,#2352,#194,.T.);
#1930=EDGE_CURVE('',#2355,#2354,#2687,.T.);
#1931=EDGE_CURVE('',#2355,#2353,#195,.T.);
#1932=EDGE_CURVE('',#1989,#2002,#2688,.T.);
#1933=EDGE_CURVE('',#1991,#2003,#2689,.T.);
#1934=EDGE_CURVE('',#2005,#2018,#2690,.T.);
#1935=EDGE_CURVE('',#2007,#2019,#2691,.T.);
#1936=EDGE_CURVE('',#2021,#2034,#2692,.T.);
#1937=EDGE_CURVE('',#2023,#2035,#2693,.T.);
#1938=EDGE_CURVE('',#2037,#2050,#2694,.T.);
#1939=EDGE_CURVE('',#2039,#2051,#2695,.T.);
#1940=EDGE_CURVE('',#2053,#2066,#2696,.T.);
#1941=EDGE_CURVE('',#2055,#2067,#2697,.T.);
#1942=EDGE_CURVE('',#2069,#2082,#2698,.T.);
#1943=EDGE_CURVE('',#2071,#2083,#2699,.T.);
#1944=EDGE_CURVE('',#2085,#2098,#2700,.T.);
#1945=EDGE_CURVE('',#2087,#2099,#2701,.T.);
#1946=EDGE_CURVE('',#2101,#2114,#2702,.T.);
#1947=EDGE_CURVE('',#2103,#2115,#2703,.T.);
#1948=EDGE_CURVE('',#2117,#2130,#2704,.T.);
#1949=EDGE_CURVE('',#2119,#2131,#2705,.T.);
#1950=EDGE_CURVE('',#2133,#2146,#2706,.T.);
#1951=EDGE_CURVE('',#2135,#2147,#2707,.T.);
#1952=EDGE_CURVE('',#2149,#2162,#2708,.T.);
#1953=EDGE_CURVE('',#2151,#2163,#2709,.T.);
#1954=EDGE_CURVE('',#2165,#2178,#2710,.T.);
#1955=EDGE_CURVE('',#2167,#2179,#2711,.T.);
#1956=EDGE_CURVE('',#2181,#2194,#2712,.T.);
#1957=EDGE_CURVE('',#2183,#2195,#2713,.T.);
#1958=EDGE_CURVE('',#2197,#2210,#2714,.T.);
#1959=EDGE_CURVE('',#2199,#2211,#2715,.T.);
#1960=EDGE_CURVE('',#2213,#2226,#2716,.T.);
#1961=EDGE_CURVE('',#2215,#2227,#2717,.T.);
#1962=EDGE_CURVE('',#2229,#2242,#2718,.T.);
#1963=EDGE_CURVE('',#2231,#2243,#2719,.T.);
#1964=EDGE_CURVE('',#2245,#2258,#2720,.T.);
#1965=EDGE_CURVE('',#2247,#2259,#2721,.T.);
#1966=EDGE_CURVE('',#2261,#2274,#2722,.T.);
#1967=EDGE_CURVE('',#2263,#2275,#2723,.T.);
#1968=EDGE_CURVE('',#2277,#2290,#2724,.T.);
#1969=EDGE_CURVE('',#2279,#2291,#2725,.T.);
#1970=EDGE_CURVE('',#2293,#2306,#2726,.T.);
#1971=EDGE_CURVE('',#2295,#2307,#2727,.T.);
#1972=EDGE_CURVE('',#2309,#2322,#2728,.T.);
#1973=EDGE_CURVE('',#2311,#2323,#2729,.T.);
#1974=EDGE_CURVE('',#2325,#2338,#2730,.T.);
#1975=EDGE_CURVE('',#2327,#2339,#2731,.T.);
#1976=EDGE_CURVE('',#2341,#2354,#2732,.T.);
#1977=EDGE_CURVE('',#2343,#2355,#2733,.T.);
#1978=EDGE_CURVE('',#1981,#1986,#2734,.T.);
#1979=EDGE_CURVE('',#1983,#1987,#2735,.T.);
#1980=VERTEX_POINT('',#5396);
#1981=VERTEX_POINT('',#5397);
#1982=VERTEX_POINT('',#5399);
#1983=VERTEX_POINT('',#5401);
#1984=VERTEX_POINT('',#5405);
#1985=VERTEX_POINT('',#5407);
#1986=VERTEX_POINT('',#5411);
#1987=VERTEX_POINT('',#5413);
#1988=VERTEX_POINT('',#5417);
#1989=VERTEX_POINT('',#5418);
#1990=VERTEX_POINT('',#5420);
#1991=VERTEX_POINT('',#5422);
#1992=VERTEX_POINT('',#5426);
#1993=VERTEX_POINT('',#5428);
#1994=VERTEX_POINT('',#5432);
#1995=VERTEX_POINT('',#5434);
#1996=VERTEX_POINT('',#5438);
#1997=VERTEX_POINT('',#5440);
#1998=VERTEX_POINT('',#5444);
#1999=VERTEX_POINT('',#5446);
#2000=VERTEX_POINT('',#5450);
#2001=VERTEX_POINT('',#5452);
#2002=VERTEX_POINT('',#5456);
#2003=VERTEX_POINT('',#5458);
#2004=VERTEX_POINT('',#5462);
#2005=VERTEX_POINT('',#5463);
#2006=VERTEX_POINT('',#5465);
#2007=VERTEX_POINT('',#5467);
#2008=VERTEX_POINT('',#5471);
#2009=VERTEX_POINT('',#5473);
#2010=VERTEX_POINT('',#5477);
#2011=VERTEX_POINT('',#5479);
#2012=VERTEX_POINT('',#5483);
#2013=VERTEX_POINT('',#5485);
#2014=VERTEX_POINT('',#5489);
#2015=VERTEX_POINT('',#5491);
#2016=VERTEX_POINT('',#5495);
#2017=VERTEX_POINT('',#5497);
#2018=VERTEX_POINT('',#5501);
#2019=VERTEX_POINT('',#5503);
#2020=VERTEX_POINT('',#5507);
#2021=VERTEX_POINT('',#5508);
#2022=VERTEX_POINT('',#5510);
#2023=VERTEX_POINT('',#5512);
#2024=VERTEX_POINT('',#5516);
#2025=VERTEX_POINT('',#5518);
#2026=VERTEX_POINT('',#5522);
#2027=VERTEX_POINT('',#5524);
#2028=VERTEX_POINT('',#5528);
#2029=VERTEX_POINT('',#5530);
#2030=VERTEX_POINT('',#5534);
#2031=VERTEX_POINT('',#5536);
#2032=VERTEX_POINT('',#5540);
#2033=VERTEX_POINT('',#5542);
#2034=VERTEX_POINT('',#5546);
#2035=VERTEX_POINT('',#5548);
#2036=VERTEX_POINT('',#5552);
#2037=VERTEX_POINT('',#5553);
#2038=VERTEX_POINT('',#5555);
#2039=VERTEX_POINT('',#5557);
#2040=VERTEX_POINT('',#5561);
#2041=VERTEX_POINT('',#5563);
#2042=VERTEX_POINT('',#5567);
#2043=VERTEX_POINT('',#5569);
#2044=VERTEX_POINT('',#5573);
#2045=VERTEX_POINT('',#5575);
#2046=VERTEX_POINT('',#5579);
#2047=VERTEX_POINT('',#5581);
#2048=VERTEX_POINT('',#5585);
#2049=VERTEX_POINT('',#5587);
#2050=VERTEX_POINT('',#5591);
#2051=VERTEX_POINT('',#5593);
#2052=VERTEX_POINT('',#5597);
#2053=VERTEX_POINT('',#5598);
#2054=VERTEX_POINT('',#5600);
#2055=VERTEX_POINT('',#5602);
#2056=VERTEX_POINT('',#5606);
#2057=VERTEX_POINT('',#5608);
#2058=VERTEX_POINT('',#5612);
#2059=VERTEX_POINT('',#5614);
#2060=VERTEX_POINT('',#5618);
#2061=VERTEX_POINT('',#5620);
#2062=VERTEX_POINT('',#5624);
#2063=VERTEX_POINT('',#5626);
#2064=VERTEX_POINT('',#5630);
#2065=VERTEX_POINT('',#5632);
#2066=VERTEX_POINT('',#5636);
#2067=VERTEX_POINT('',#5638);
#2068=VERTEX_POINT('',#5642);
#2069=VERTEX_POINT('',#5643);
#2070=VERTEX_POINT('',#5645);
#2071=VERTEX_POINT('',#5647);
#2072=VERTEX_POINT('',#5651);
#2073=VERTEX_POINT('',#5653);
#2074=VERTEX_POINT('',#5657);
#2075=VERTEX_POINT('',#5659);
#2076=VERTEX_POINT('',#5663);
#2077=VERTEX_POINT('',#5665);
#2078=VERTEX_POINT('',#5669);
#2079=VERTEX_POINT('',#5671);
#2080=VERTEX_POINT('',#5675);
#2081=VERTEX_POINT('',#5677);
#2082=VERTEX_POINT('',#5681);
#2083=VERTEX_POINT('',#5683);
#2084=VERTEX_POINT('',#5687);
#2085=VERTEX_POINT('',#5688);
#2086=VERTEX_POINT('',#5690);
#2087=VERTEX_POINT('',#5692);
#2088=VERTEX_POINT('',#5696);
#2089=VERTEX_POINT('',#5698);
#2090=VERTEX_POINT('',#5702);
#2091=VERTEX_POINT('',#5704);
#2092=VERTEX_POINT('',#5708);
#2093=VERTEX_POINT('',#5710);
#2094=VERTEX_POINT('',#5714);
#2095=VERTEX_POINT('',#5716);
#2096=VERTEX_POINT('',#5720);
#2097=VERTEX_POINT('',#5722);
#2098=VERTEX_POINT('',#5726);
#2099=VERTEX_POINT('',#5728);
#2100=VERTEX_POINT('',#5732);
#2101=VERTEX_POINT('',#5733);
#2102=VERTEX_POINT('',#5735);
#2103=VERTEX_POINT('',#5737);
#2104=VERTEX_POINT('',#5741);
#2105=VERTEX_POINT('',#5743);
#2106=VERTEX_POINT('',#5747);
#2107=VERTEX_POINT('',#5749);
#2108=VERTEX_POINT('',#5753);
#2109=VERTEX_POINT('',#5755);
#2110=VERTEX_POINT('',#5759);
#2111=VERTEX_POINT('',#5761);
#2112=VERTEX_POINT('',#5765);
#2113=VERTEX_POINT('',#5767);
#2114=VERTEX_POINT('',#5771);
#2115=VERTEX_POINT('',#5773);
#2116=VERTEX_POINT('',#5777);
#2117=VERTEX_POINT('',#5778);
#2118=VERTEX_POINT('',#5780);
#2119=VERTEX_POINT('',#5782);
#2120=VERTEX_POINT('',#5786);
#2121=VERTEX_POINT('',#5788);
#2122=VERTEX_POINT('',#5792);
#2123=VERTEX_POINT('',#5794);
#2124=VERTEX_POINT('',#5798);
#2125=VERTEX_POINT('',#5800);
#2126=VERTEX_POINT('',#5804);
#2127=VERTEX_POINT('',#5806);
#2128=VERTEX_POINT('',#5810);
#2129=VERTEX_POINT('',#5812);
#2130=VERTEX_POINT('',#5816);
#2131=VERTEX_POINT('',#5818);
#2132=VERTEX_POINT('',#5822);
#2133=VERTEX_POINT('',#5823);
#2134=VERTEX_POINT('',#5825);
#2135=VERTEX_POINT('',#5827);
#2136=VERTEX_POINT('',#5831);
#2137=VERTEX_POINT('',#5833);
#2138=VERTEX_POINT('',#5837);
#2139=VERTEX_POINT('',#5839);
#2140=VERTEX_POINT('',#5843);
#2141=VERTEX_POINT('',#5845);
#2142=VERTEX_POINT('',#5849);
#2143=VERTEX_POINT('',#5851);
#2144=VERTEX_POINT('',#5855);
#2145=VERTEX_POINT('',#5857);
#2146=VERTEX_POINT('',#5861);
#2147=VERTEX_POINT('',#5863);
#2148=VERTEX_POINT('',#5867);
#2149=VERTEX_POINT('',#5868);
#2150=VERTEX_POINT('',#5870);
#2151=VERTEX_POINT('',#5872);
#2152=VERTEX_POINT('',#5876);
#2153=VERTEX_POINT('',#5878);
#2154=VERTEX_POINT('',#5882);
#2155=VERTEX_POINT('',#5884);
#2156=VERTEX_POINT('',#5888);
#2157=VERTEX_POINT('',#5890);
#2158=VERTEX_POINT('',#5894);
#2159=VERTEX_POINT('',#5896);
#2160=VERTEX_POINT('',#5900);
#2161=VERTEX_POINT('',#5902);
#2162=VERTEX_POINT('',#5906);
#2163=VERTEX_POINT('',#5908);
#2164=VERTEX_POINT('',#5912);
#2165=VERTEX_POINT('',#5913);
#2166=VERTEX_POINT('',#5915);
#2167=VERTEX_POINT('',#5917);
#2168=VERTEX_POINT('',#5921);
#2169=VERTEX_POINT('',#5923);
#2170=VERTEX_POINT('',#5927);
#2171=VERTEX_POINT('',#5929);
#2172=VERTEX_POINT('',#5933);
#2173=VERTEX_POINT('',#5935);
#2174=VERTEX_POINT('',#5939);
#2175=VERTEX_POINT('',#5941);
#2176=VERTEX_POINT('',#5945);
#2177=VERTEX_POINT('',#5947);
#2178=VERTEX_POINT('',#5951);
#2179=VERTEX_POINT('',#5953);
#2180=VERTEX_POINT('',#5957);
#2181=VERTEX_POINT('',#5958);
#2182=VERTEX_POINT('',#5960);
#2183=VERTEX_POINT('',#5962);
#2184=VERTEX_POINT('',#5966);
#2185=VERTEX_POINT('',#5968);
#2186=VERTEX_POINT('',#5972);
#2187=VERTEX_POINT('',#5974);
#2188=VERTEX_POINT('',#5978);
#2189=VERTEX_POINT('',#5980);
#2190=VERTEX_POINT('',#5984);
#2191=VERTEX_POINT('',#5986);
#2192=VERTEX_POINT('',#5990);
#2193=VERTEX_POINT('',#5992);
#2194=VERTEX_POINT('',#5996);
#2195=VERTEX_POINT('',#5998);
#2196=VERTEX_POINT('',#6002);
#2197=VERTEX_POINT('',#6003);
#2198=VERTEX_POINT('',#6005);
#2199=VERTEX_POINT('',#6007);
#2200=VERTEX_POINT('',#6011);
#2201=VERTEX_POINT('',#6013);
#2202=VERTEX_POINT('',#6017);
#2203=VERTEX_POINT('',#6019);
#2204=VERTEX_POINT('',#6023);
#2205=VERTEX_POINT('',#6025);
#2206=VERTEX_POINT('',#6029);
#2207=VERTEX_POINT('',#6031);
#2208=VERTEX_POINT('',#6035);
#2209=VERTEX_POINT('',#6037);
#2210=VERTEX_POINT('',#6041);
#2211=VERTEX_POINT('',#6043);
#2212=VERTEX_POINT('',#6047);
#2213=VERTEX_POINT('',#6048);
#2214=VERTEX_POINT('',#6050);
#2215=VERTEX_POINT('',#6052);
#2216=VERTEX_POINT('',#6056);
#2217=VERTEX_POINT('',#6058);
#2218=VERTEX_POINT('',#6062);
#2219=VERTEX_POINT('',#6064);
#2220=VERTEX_POINT('',#6068);
#2221=VERTEX_POINT('',#6070);
#2222=VERTEX_POINT('',#6074);
#2223=VERTEX_POINT('',#6076);
#2224=VERTEX_POINT('',#6080);
#2225=VERTEX_POINT('',#6082);
#2226=VERTEX_POINT('',#6086);
#2227=VERTEX_POINT('',#6088);
#2228=VERTEX_POINT('',#6092);
#2229=VERTEX_POINT('',#6093);
#2230=VERTEX_POINT('',#6095);
#2231=VERTEX_POINT('',#6097);
#2232=VERTEX_POINT('',#6101);
#2233=VERTEX_POINT('',#6103);
#2234=VERTEX_POINT('',#6107);
#2235=VERTEX_POINT('',#6109);
#2236=VERTEX_POINT('',#6113);
#2237=VERTEX_POINT('',#6115);
#2238=VERTEX_POINT('',#6119);
#2239=VERTEX_POINT('',#6121);
#2240=VERTEX_POINT('',#6125);
#2241=VERTEX_POINT('',#6127);
#2242=VERTEX_POINT('',#6131);
#2243=VERTEX_POINT('',#6133);
#2244=VERTEX_POINT('',#6137);
#2245=VERTEX_POINT('',#6138);
#2246=VERTEX_POINT('',#6140);
#2247=VERTEX_POINT('',#6142);
#2248=VERTEX_POINT('',#6146);
#2249=VERTEX_POINT('',#6148);
#2250=VERTEX_POINT('',#6152);
#2251=VERTEX_POINT('',#6154);
#2252=VERTEX_POINT('',#6158);
#2253=VERTEX_POINT('',#6160);
#2254=VERTEX_POINT('',#6164);
#2255=VERTEX_POINT('',#6166);
#2256=VERTEX_POINT('',#6170);
#2257=VERTEX_POINT('',#6172);
#2258=VERTEX_POINT('',#6176);
#2259=VERTEX_POINT('',#6178);
#2260=VERTEX_POINT('',#6182);
#2261=VERTEX_POINT('',#6183);
#2262=VERTEX_POINT('',#6185);
#2263=VERTEX_POINT('',#6187);
#2264=VERTEX_POINT('',#6191);
#2265=VERTEX_POINT('',#6193);
#2266=VERTEX_POINT('',#6197);
#2267=VERTEX_POINT('',#6199);
#2268=VERTEX_POINT('',#6203);
#2269=VERTEX_POINT('',#6205);
#2270=VERTEX_POINT('',#6209);
#2271=VERTEX_POINT('',#6211);
#2272=VERTEX_POINT('',#6215);
#2273=VERTEX_POINT('',#6217);
#2274=VERTEX_POINT('',#6221);
#2275=VERTEX_POINT('',#6223);
#2276=VERTEX_POINT('',#6227);
#2277=VERTEX_POINT('',#6228);
#2278=VERTEX_POINT('',#6230);
#2279=VERTEX_POINT('',#6232);
#2280=VERTEX_POINT('',#6236);
#2281=VERTEX_POINT('',#6238);
#2282=VERTEX_POINT('',#6242);
#2283=VERTEX_POINT('',#6244);
#2284=VERTEX_POINT('',#6248);
#2285=VERTEX_POINT('',#6250);
#2286=VERTEX_POINT('',#6254);
#2287=VERTEX_POINT('',#6256);
#2288=VERTEX_POINT('',#6260);
#2289=VERTEX_POINT('',#6262);
#2290=VERTEX_POINT('',#6266);
#2291=VERTEX_POINT('',#6268);
#2292=VERTEX_POINT('',#6272);
#2293=VERTEX_POINT('',#6273);
#2294=VERTEX_POINT('',#6275);
#2295=VERTEX_POINT('',#6277);
#2296=VERTEX_POINT('',#6281);
#2297=VERTEX_POINT('',#6283);
#2298=VERTEX_POINT('',#6287);
#2299=VERTEX_POINT('',#6289);
#2300=VERTEX_POINT('',#6293);
#2301=VERTEX_POINT('',#6295);
#2302=VERTEX_POINT('',#6299);
#2303=VERTEX_POINT('',#6301);
#2304=VERTEX_POINT('',#6305);
#2305=VERTEX_POINT('',#6307);
#2306=VERTEX_POINT('',#6311);
#2307=VERTEX_POINT('',#6313);
#2308=VERTEX_POINT('',#6317);
#2309=VERTEX_POINT('',#6318);
#2310=VERTEX_POINT('',#6320);
#2311=VERTEX_POINT('',#6322);
#2312=VERTEX_POINT('',#6326);
#2313=VERTEX_POINT('',#6328);
#2314=VERTEX_POINT('',#6332);
#2315=VERTEX_POINT('',#6334);
#2316=VERTEX_POINT('',#6338);
#2317=VERTEX_POINT('',#6340);
#2318=VERTEX_POINT('',#6344);
#2319=VERTEX_POINT('',#6346);
#2320=VERTEX_POINT('',#6350);
#2321=VERTEX_POINT('',#6352);
#2322=VERTEX_POINT('',#6356);
#2323=VERTEX_POINT('',#6358);
#2324=VERTEX_POINT('',#6362);
#2325=VERTEX_POINT('',#6363);
#2326=VERTEX_POINT('',#6365);
#2327=VERTEX_POINT('',#6367);
#2328=VERTEX_POINT('',#6371);
#2329=VERTEX_POINT('',#6373);
#2330=VERTEX_POINT('',#6377);
#2331=VERTEX_POINT('',#6379);
#2332=VERTEX_POINT('',#6383);
#2333=VERTEX_POINT('',#6385);
#2334=VERTEX_POINT('',#6389);
#2335=VERTEX_POINT('',#6391);
#2336=VERTEX_POINT('',#6395);
#2337=VERTEX_POINT('',#6397);
#2338=VERTEX_POINT('',#6401);
#2339=VERTEX_POINT('',#6403);
#2340=VERTEX_POINT('',#6407);
#2341=VERTEX_POINT('',#6408);
#2342=VERTEX_POINT('',#6410);
#2343=VERTEX_POINT('',#6412);
#2344=VERTEX_POINT('',#6416);
#2345=VERTEX_POINT('',#6418);
#2346=VERTEX_POINT('',#6422);
#2347=VERTEX_POINT('',#6424);
#2348=VERTEX_POINT('',#6428);
#2349=VERTEX_POINT('',#6430);
#2350=VERTEX_POINT('',#6434);
#2351=VERTEX_POINT('',#6436);
#2352=VERTEX_POINT('',#6440);
#2353=VERTEX_POINT('',#6442);
#2354=VERTEX_POINT('',#6446);
#2355=VERTEX_POINT('',#6448);
#2356=LINE('',#5395,#2736);
#2357=LINE('',#5398,#2737);
#2358=LINE('',#5400,#2738);
#2359=LINE('',#5402,#2739);
#2360=LINE('',#5404,#2740);
#2361=LINE('',#5406,#2741);
#2362=LINE('',#5408,#2742);
#2363=LINE('',#5410,#2743);
#2364=LINE('',#5412,#2744);
#2365=LINE('',#5414,#2745);
#2366=LINE('',#5419,#2746);
#2367=LINE('',#5423,#2747);
#2368=LINE('',#5425,#2748);
#2369=LINE('',#5427,#2749);
#2370=LINE('',#5429,#2750);
#2371=LINE('',#5433,#2751);
#2372=LINE('',#5437,#2752);
#2373=LINE('',#5439,#2753);
#2374=LINE('',#5441,#2754);
#2375=LINE('',#5445,#2755);
#2376=LINE('',#5449,#2756);
#2377=LINE('',#5451,#2757);
#2378=LINE('',#5453,#2758);
#2379=LINE('',#5457,#2759);
#2380=LINE('',#5464,#2760);
#2381=LINE('',#5468,#2761);
#2382=LINE('',#5470,#2762);
#2383=LINE('',#5472,#2763);
#2384=LINE('',#5474,#2764);
#2385=LINE('',#5478,#2765);
#2386=LINE('',#5482,#2766);
#2387=LINE('',#5484,#2767);
#2388=LINE('',#5486,#2768);
#2389=LINE('',#5490,#2769);
#2390=LINE('',#5494,#2770);
#2391=LINE('',#5496,#2771);
#2392=LINE('',#5498,#2772);
#2393=LINE('',#5502,#2773);
#2394=LINE('',#5509,#2774);
#2395=LINE('',#5513,#2775);
#2396=LINE('',#5515,#2776);
#2397=LINE('',#5517,#2777);
#2398=LINE('',#5519,#2778);
#2399=LINE('',#5523,#2779);
#2400=LINE('',#5527,#2780);
#2401=LINE('',#5529,#2781);
#2402=LINE('',#5531,#2782);
#2403=LINE('',#5535,#2783);
#2404=LINE('',#5539,#2784);
#2405=LINE('',#5541,#2785);
#2406=LINE('',#5543,#2786);
#2407=LINE('',#5547,#2787);
#2408=LINE('',#5554,#2788);
#2409=LINE('',#5558,#2789);
#2410=LINE('',#5560,#2790);
#2411=LINE('',#5562,#2791);
#2412=LINE('',#5564,#2792);
#2413=LINE('',#5568,#2793);
#2414=LINE('',#5572,#2794);
#2415=LINE('',#5574,#2795);
#2416=LINE('',#5576,#2796);
#2417=LINE('',#5580,#2797);
#2418=LINE('',#5584,#2798);
#2419=LINE('',#5586,#2799);
#2420=LINE('',#5588,#2800);
#2421=LINE('',#5592,#2801);
#2422=LINE('',#5599,#2802);
#2423=LINE('',#5603,#2803);
#2424=LINE('',#5605,#2804);
#2425=LINE('',#5607,#2805);
#2426=LINE('',#5609,#2806);
#2427=LINE('',#5613,#2807);
#2428=LINE('',#5617,#2808);
#2429=LINE('',#5619,#2809);
#2430=LINE('',#5621,#2810);
#2431=LINE('',#5625,#2811);
#2432=LINE('',#5629,#2812);
#2433=LINE('',#5631,#2813);
#2434=LINE('',#5633,#2814);
#2435=LINE('',#5637,#2815);
#2436=LINE('',#5644,#2816);
#2437=LINE('',#5648,#2817);
#2438=LINE('',#5650,#2818);
#2439=LINE('',#5652,#2819);
#2440=LINE('',#5654,#2820);
#2441=LINE('',#5658,#2821);
#2442=LINE('',#5662,#2822);
#2443=LINE('',#5664,#2823);
#2444=LINE('',#5666,#2824);
#2445=LINE('',#5670,#2825);
#2446=LINE('',#5674,#2826);
#2447=LINE('',#5676,#2827);
#2448=LINE('',#5678,#2828);
#2449=LINE('',#5682,#2829);
#2450=LINE('',#5689,#2830);
#2451=LINE('',#5693,#2831);
#2452=LINE('',#5695,#2832);
#2453=LINE('',#5697,#2833);
#2454=LINE('',#5699,#2834);
#2455=LINE('',#5703,#2835);
#2456=LINE('',#5707,#2836);
#2457=LINE('',#5709,#2837);
#2458=LINE('',#5711,#2838);
#2459=LINE('',#5715,#2839);
#2460=LINE('',#5719,#2840);
#2461=LINE('',#5721,#2841);
#2462=LINE('',#5723,#2842);
#2463=LINE('',#5727,#2843);
#2464=LINE('',#5734,#2844);
#2465=LINE('',#5738,#2845);
#2466=LINE('',#5740,#2846);
#2467=LINE('',#5742,#2847);
#2468=LINE('',#5744,#2848);
#2469=LINE('',#5748,#2849);
#2470=LINE('',#5752,#2850);
#2471=LINE('',#5754,#2851);
#2472=LINE('',#5756,#2852);
#2473=LINE('',#5760,#2853);
#2474=LINE('',#5764,#2854);
#2475=LINE('',#5766,#2855);
#2476=LINE('',#5768,#2856);
#2477=LINE('',#5772,#2857);
#2478=LINE('',#5779,#2858);
#2479=LINE('',#5783,#2859);
#2480=LINE('',#5785,#2860);
#2481=LINE('',#5787,#2861);
#2482=LINE('',#5789,#2862);
#2483=LINE('',#5793,#2863);
#2484=LINE('',#5797,#2864);
#2485=LINE('',#5799,#2865);
#2486=LINE('',#5801,#2866);
#2487=LINE('',#5805,#2867);
#2488=LINE('',#5809,#2868);
#2489=LINE('',#5811,#2869);
#2490=LINE('',#5813,#2870);
#2491=LINE('',#5817,#2871);
#2492=LINE('',#5824,#2872);
#2493=LINE('',#5828,#2873);
#2494=LINE('',#5830,#2874);
#2495=LINE('',#5832,#2875);
#2496=LINE('',#5834,#2876);
#2497=LINE('',#5838,#2877);
#2498=LINE('',#5842,#2878);
#2499=LINE('',#5844,#2879);
#2500=LINE('',#5846,#2880);
#2501=LINE('',#5850,#2881);
#2502=LINE('',#5854,#2882);
#2503=LINE('',#5856,#2883);
#2504=LINE('',#5858,#2884);
#2505=LINE('',#5862,#2885);
#2506=LINE('',#5869,#2886);
#2507=LINE('',#5873,#2887);
#2508=LINE('',#5875,#2888);
#2509=LINE('',#5877,#2889);
#2510=LINE('',#5879,#2890);
#2511=LINE('',#5883,#2891);
#2512=LINE('',#5887,#2892);
#2513=LINE('',#5889,#2893);
#2514=LINE('',#5891,#2894);
#2515=LINE('',#5895,#2895);
#2516=LINE('',#5899,#2896);
#2517=LINE('',#5901,#2897);
#2518=LINE('',#5903,#2898);
#2519=LINE('',#5907,#2899);
#2520=LINE('',#5914,#2900);
#2521=LINE('',#5918,#2901);
#2522=LINE('',#5920,#2902);
#2523=LINE('',#5922,#2903);
#2524=LINE('',#5924,#2904);
#2525=LINE('',#5928,#2905);
#2526=LINE('',#5932,#2906);
#2527=LINE('',#5934,#2907);
#2528=LINE('',#5936,#2908);
#2529=LINE('',#5940,#2909);
#2530=LINE('',#5944,#2910);
#2531=LINE('',#5946,#2911);
#2532=LINE('',#5948,#2912);
#2533=LINE('',#5952,#2913);
#2534=LINE('',#5959,#2914);
#2535=LINE('',#5963,#2915);
#2536=LINE('',#5965,#2916);
#2537=LINE('',#5967,#2917);
#2538=LINE('',#5969,#2918);
#2539=LINE('',#5973,#2919);
#2540=LINE('',#5977,#2920);
#2541=LINE('',#5979,#2921);
#2542=LINE('',#5981,#2922);
#2543=LINE('',#5985,#2923);
#2544=LINE('',#5989,#2924);
#2545=LINE('',#5991,#2925);
#2546=LINE('',#5993,#2926);
#2547=LINE('',#5997,#2927);
#2548=LINE('',#6004,#2928);
#2549=LINE('',#6008,#2929);
#2550=LINE('',#6010,#2930);
#2551=LINE('',#6012,#2931);
#2552=LINE('',#6014,#2932);
#2553=LINE('',#6018,#2933);
#2554=LINE('',#6022,#2934);
#2555=LINE('',#6024,#2935);
#2556=LINE('',#6026,#2936);
#2557=LINE('',#6030,#2937);
#2558=LINE('',#6034,#2938);
#2559=LINE('',#6036,#2939);
#2560=LINE('',#6038,#2940);
#2561=LINE('',#6042,#2941);
#2562=LINE('',#6049,#2942);
#2563=LINE('',#6053,#2943);
#2564=LINE('',#6055,#2944);
#2565=LINE('',#6057,#2945);
#2566=LINE('',#6059,#2946);
#2567=LINE('',#6063,#2947);
#2568=LINE('',#6067,#2948);
#2569=LINE('',#6069,#2949);
#2570=LINE('',#6071,#2950);
#2571=LINE('',#6075,#2951);
#2572=LINE('',#6079,#2952);
#2573=LINE('',#6081,#2953);
#2574=LINE('',#6083,#2954);
#2575=LINE('',#6087,#2955);
#2576=LINE('',#6094,#2956);
#2577=LINE('',#6098,#2957);
#2578=LINE('',#6100,#2958);
#2579=LINE('',#6102,#2959);
#2580=LINE('',#6104,#2960);
#2581=LINE('',#6108,#2961);
#2582=LINE('',#6112,#2962);
#2583=LINE('',#6114,#2963);
#2584=LINE('',#6116,#2964);
#2585=LINE('',#6120,#2965);
#2586=LINE('',#6124,#2966);
#2587=LINE('',#6126,#2967);
#2588=LINE('',#6128,#2968);
#2589=LINE('',#6132,#2969);
#2590=LINE('',#6139,#2970);
#2591=LINE('',#6143,#2971);
#2592=LINE('',#6145,#2972);
#2593=LINE('',#6147,#2973);
#2594=LINE('',#6149,#2974);
#2595=LINE('',#6153,#2975);
#2596=LINE('',#6157,#2976);
#2597=LINE('',#6159,#2977);
#2598=LINE('',#6161,#2978);
#2599=LINE('',#6165,#2979);
#2600=LINE('',#6169,#2980);
#2601=LINE('',#6171,#2981);
#2602=LINE('',#6173,#2982);
#2603=LINE('',#6177,#2983);
#2604=LINE('',#6184,#2984);
#2605=LINE('',#6188,#2985);
#2606=LINE('',#6190,#2986);
#2607=LINE('',#6192,#2987);
#2608=LINE('',#6194,#2988);
#2609=LINE('',#6198,#2989);
#2610=LINE('',#6202,#2990);
#2611=LINE('',#6204,#2991);
#2612=LINE('',#6206,#2992);
#2613=LINE('',#6210,#2993);
#2614=LINE('',#6214,#2994);
#2615=LINE('',#6216,#2995);
#2616=LINE('',#6218,#2996);
#2617=LINE('',#6222,#2997);
#2618=LINE('',#6229,#2998);
#2619=LINE('',#6233,#2999);
#2620=LINE('',#6235,#3000);
#2621=LINE('',#6237,#3001);
#2622=LINE('',#6239,#3002);
#2623=LINE('',#6243,#3003);
#2624=LINE('',#6247,#3004);
#2625=LINE('',#6249,#3005);
#2626=LINE('',#6251,#3006);
#2627=LINE('',#6255,#3007);
#2628=LINE('',#6259,#3008);
#2629=LINE('',#6261,#3009);
#2630=LINE('',#6263,#3010);
#2631=LINE('',#6267,#3011);
#2632=LINE('',#6274,#3012);
#2633=LINE('',#6278,#3013);
#2634=LINE('',#6280,#3014);
#2635=LINE('',#6282,#3015);
#2636=LINE('',#6284,#3016);
#2637=LINE('',#6288,#3017);
#2638=LINE('',#6292,#3018);
#2639=LINE('',#6294,#3019);
#2640=LINE('',#6296,#3020);
#2641=LINE('',#6300,#3021);
#2642=LINE('',#6304,#3022);
#2643=LINE('',#6306,#3023);
#2644=LINE('',#6308,#3024);
#2645=LINE('',#6312,#3025);
#2646=LINE('',#6319,#3026);
#2647=LINE('',#6323,#3027);
#2648=LINE('',#6325,#3028);
#2649=LINE('',#6327,#3029);
#2650=LINE('',#6329,#3030);
#2651=LINE('',#6333,#3031);
#2652=LINE('',#6337,#3032);
#2653=LINE('',#6339,#3033);
#2654=LINE('',#6341,#3034);
#2655=LINE('',#6345,#3035);
#2656=LINE('',#6349,#3036);
#2657=LINE('',#6351,#3037);
#2658=LINE('',#6353,#3038);
#2659=LINE('',#6357,#3039);
#2660=LINE('',#6364,#3040);
#2661=LINE('',#6368,#3041);
#2662=LINE('',#6370,#3042);
#2663=LINE('',#6372,#3043);
#2664=LINE('',#6374,#3044);
#2665=LINE('',#6378,#3045);
#2666=LINE('',#6382,#3046);
#2667=LINE('',#6384,#3047);
#2668=LINE('',#6386,#3048);
#2669=LINE('',#6390,#3049);
#2670=LINE('',#6394,#3050);
#2671=LINE('',#6396,#3051);
#2672=LINE('',#6398,#3052);
#2673=LINE('',#6402,#3053);
#2674=LINE('',#6409,#3054);
#2675=LINE('',#6413,#3055);
#2676=LINE('',#6415,#3056);
#2677=LINE('',#6417,#3057);
#2678=LINE('',#6419,#3058);
#2679=LINE('',#6423,#3059);
#2680=LINE('',#6427,#3060);
#2681=LINE('',#6429,#3061);
#2682=LINE('',#6431,#3062);
#2683=LINE('',#6435,#3063);
#2684=LINE('',#6439,#3064);
#2685=LINE('',#6441,#3065);
#2686=LINE('',#6443,#3066);
#2687=LINE('',#6447,#3067);
#2688=LINE('',#6451,#3068);
#2689=LINE('',#6452,#3069);
#2690=LINE('',#6454,#3070);
#2691=LINE('',#6455,#3071);
#2692=LINE('',#6457,#3072);
#2693=LINE('',#6458,#3073);
#2694=LINE('',#6460,#3074);
#2695=LINE('',#6461,#3075);
#2696=LINE('',#6463,#3076);
#2697=LINE('',#6464,#3077);
#2698=LINE('',#6466,#3078);
#2699=LINE('',#6467,#3079);
#2700=LINE('',#6469,#3080);
#2701=LINE('',#6470,#3081);
#2702=LINE('',#6472,#3082);
#2703=LINE('',#6473,#3083);
#2704=LINE('',#6475,#3084);
#2705=LINE('',#6476,#3085);
#2706=LINE('',#6478,#3086);
#2707=LINE('',#6479,#3087);
#2708=LINE('',#6481,#3088);
#2709=LINE('',#6482,#3089);
#2710=LINE('',#6484,#3090);
#2711=LINE('',#6485,#3091);
#2712=LINE('',#6487,#3092);
#2713=LINE('',#6488,#3093);
#2714=LINE('',#6490,#3094);
#2715=LINE('',#6491,#3095);
#2716=LINE('',#6493,#3096);
#2717=LINE('',#6494,#3097);
#2718=LINE('',#6496,#3098);
#2719=LINE('',#6497,#3099);
#2720=LINE('',#6499,#3100);
#2721=LINE('',#6500,#3101);
#2722=LINE('',#6502,#3102);
#2723=LINE('',#6503,#3103);
#2724=LINE('',#6505,#3104);
#2725=LINE('',#6506,#3105);
#2726=LINE('',#6508,#3106);
#2727=LINE('',#6509,#3107);
#2728=LINE('',#6511,#3108);
#2729=LINE('',#6512,#3109);
#2730=LINE('',#6514,#3110);
#2731=LINE('',#6515,#3111);
#2732=LINE('',#6517,#3112);
#2733=LINE('',#6518,#3113);
#2734=LINE('',#6520,#3114);
#2735=LINE('',#6521,#3115);
#2736=VECTOR('',#4267,1.);
#2737=VECTOR('',#4268,1.);
#2738=VECTOR('',#4269,1.);
#2739=VECTOR('',#4270,1.);
#2740=VECTOR('',#4273,1.);
#2741=VECTOR('',#4274,1.);
#2742=VECTOR('',#4275,1.);
#2743=VECTOR('',#4278,1.);
#2744=VECTOR('',#4279,1.);
#2745=VECTOR('',#4280,1.);
#2746=VECTOR('',#4285,1.);
#2747=VECTOR('',#4288,1.);
#2748=VECTOR('',#4291,1.);
#2749=VECTOR('',#4292,1.);
#2750=VECTOR('',#4293,1.);
#2751=VECTOR('',#4298,1.);
#2752=VECTOR('',#4303,1.);
#2753=VECTOR('',#4304,1.);
#2754=VECTOR('',#4305,1.);
#2755=VECTOR('',#4310,1.);
#2756=VECTOR('',#4315,1.);
#2757=VECTOR('',#4316,1.);
#2758=VECTOR('',#4317,1.);
#2759=VECTOR('',#4322,1.);
#2760=VECTOR('',#4329,1.);
#2761=VECTOR('',#4332,1.);
#2762=VECTOR('',#4335,1.);
#2763=VECTOR('',#4336,1.);
#2764=VECTOR('',#4337,1.);
#2765=VECTOR('',#4342,1.);
#2766=VECTOR('',#4347,1.);
#2767=VECTOR('',#4348,1.);
#2768=VECTOR('',#4349,1.);
#2769=VECTOR('',#4354,1.);
#2770=VECTOR('',#4359,1.);
#2771=VECTOR('',#4360,1.);
#2772=VECTOR('',#4361,1.);
#2773=VECTOR('',#4366,1.);
#2774=VECTOR('',#4373,1.);
#2775=VECTOR('',#4376,1.);
#2776=VECTOR('',#4379,1.);
#2777=VECTOR('',#4380,1.);
#2778=VECTOR('',#4381,1.);
#2779=VECTOR('',#4386,1.);
#2780=VECTOR('',#4391,1.);
#2781=VECTOR('',#4392,1.);
#2782=VECTOR('',#4393,1.);
#2783=VECTOR('',#4398,1.);
#2784=VECTOR('',#4403,1.);
#2785=VECTOR('',#4404,1.);
#2786=VECTOR('',#4405,1.);
#2787=VECTOR('',#4410,1.);
#2788=VECTOR('',#4417,1.);
#2789=VECTOR('',#4420,1.);
#2790=VECTOR('',#4423,1.);
#2791=VECTOR('',#4424,1.);
#2792=VECTOR('',#4425,1.);
#2793=VECTOR('',#4430,1.);
#2794=VECTOR('',#4435,1.);
#2795=VECTOR('',#4436,1.);
#2796=VECTOR('',#4437,1.);
#2797=VECTOR('',#4442,1.);
#2798=VECTOR('',#4447,1.);
#2799=VECTOR('',#4448,1.);
#2800=VECTOR('',#4449,1.);
#2801=VECTOR('',#4454,1.);
#2802=VECTOR('',#4461,1.);
#2803=VECTOR('',#4464,1.);
#2804=VECTOR('',#4467,1.);
#2805=VECTOR('',#4468,1.);
#2806=VECTOR('',#4469,1.);
#2807=VECTOR('',#4474,1.);
#2808=VECTOR('',#4479,1.);
#2809=VECTOR('',#4480,1.);
#2810=VECTOR('',#4481,1.);
#2811=VECTOR('',#4486,1.);
#2812=VECTOR('',#4491,1.);
#2813=VECTOR('',#4492,1.);
#2814=VECTOR('',#4493,1.);
#2815=VECTOR('',#4498,1.);
#2816=VECTOR('',#4505,1.);
#2817=VECTOR('',#4508,1.);
#2818=VECTOR('',#4511,1.);
#2819=VECTOR('',#4512,1.);
#2820=VECTOR('',#4513,1.);
#2821=VECTOR('',#4518,1.);
#2822=VECTOR('',#4523,1.);
#2823=VECTOR('',#4524,1.);
#2824=VECTOR('',#4525,1.);
#2825=VECTOR('',#4530,1.);
#2826=VECTOR('',#4535,1.);
#2827=VECTOR('',#4536,1.);
#2828=VECTOR('',#4537,1.);
#2829=VECTOR('',#4542,1.);
#2830=VECTOR('',#4549,1.);
#2831=VECTOR('',#4552,1.);
#2832=VECTOR('',#4555,1.);
#2833=VECTOR('',#4556,1.);
#2834=VECTOR('',#4557,1.);
#2835=VECTOR('',#4562,1.);
#2836=VECTOR('',#4567,1.);
#2837=VECTOR('',#4568,1.);
#2838=VECTOR('',#4569,1.);
#2839=VECTOR('',#4574,1.);
#2840=VECTOR('',#4579,1.);
#2841=VECTOR('',#4580,1.);
#2842=VECTOR('',#4581,1.);
#2843=VECTOR('',#4586,1.);
#2844=VECTOR('',#4593,1.);
#2845=VECTOR('',#4596,1.);
#2846=VECTOR('',#4599,1.);
#2847=VECTOR('',#4600,1.);
#2848=VECTOR('',#4601,1.);
#2849=VECTOR('',#4606,1.);
#2850=VECTOR('',#4611,1.);
#2851=VECTOR('',#4612,1.);
#2852=VECTOR('',#4613,1.);
#2853=VECTOR('',#4618,1.);
#2854=VECTOR('',#4623,1.);
#2855=VECTOR('',#4624,1.);
#2856=VECTOR('',#4625,1.);
#2857=VECTOR('',#4630,1.);
#2858=VECTOR('',#4637,1.);
#2859=VECTOR('',#4640,1.);
#2860=VECTOR('',#4643,1.);
#2861=VECTOR('',#4644,1.);
#2862=VECTOR('',#4645,1.);
#2863=VECTOR('',#4650,1.);
#2864=VECTOR('',#4655,1.);
#2865=VECTOR('',#4656,1.);
#2866=VECTOR('',#4657,1.);
#2867=VECTOR('',#4662,1.);
#2868=VECTOR('',#4667,1.);
#2869=VECTOR('',#4668,1.);
#2870=VECTOR('',#4669,1.);
#2871=VECTOR('',#4674,1.);
#2872=VECTOR('',#4681,1.);
#2873=VECTOR('',#4684,1.);
#2874=VECTOR('',#4687,1.);
#2875=VECTOR('',#4688,1.);
#2876=VECTOR('',#4689,1.);
#2877=VECTOR('',#4694,1.);
#2878=VECTOR('',#4699,1.);
#2879=VECTOR('',#4700,1.);
#2880=VECTOR('',#4701,1.);
#2881=VECTOR('',#4706,1.);
#2882=VECTOR('',#4711,1.);
#2883=VECTOR('',#4712,1.);
#2884=VECTOR('',#4713,1.);
#2885=VECTOR('',#4718,1.);
#2886=VECTOR('',#4725,1.);
#2887=VECTOR('',#4728,1.);
#2888=VECTOR('',#4731,1.);
#2889=VECTOR('',#4732,1.);
#2890=VECTOR('',#4733,1.);
#2891=VECTOR('',#4738,1.);
#2892=VECTOR('',#4743,1.);
#2893=VECTOR('',#4744,1.);
#2894=VECTOR('',#4745,1.);
#2895=VECTOR('',#4750,1.);
#2896=VECTOR('',#4755,1.);
#2897=VECTOR('',#4756,1.);
#2898=VECTOR('',#4757,1.);
#2899=VECTOR('',#4762,1.);
#2900=VECTOR('',#4769,1.);
#2901=VECTOR('',#4772,1.);
#2902=VECTOR('',#4775,1.);
#2903=VECTOR('',#4776,1.);
#2904=VECTOR('',#4777,1.);
#2905=VECTOR('',#4782,1.);
#2906=VECTOR('',#4787,1.);
#2907=VECTOR('',#4788,1.);
#2908=VECTOR('',#4789,1.);
#2909=VECTOR('',#4794,1.);
#2910=VECTOR('',#4799,1.);
#2911=VECTOR('',#4800,1.);
#2912=VECTOR('',#4801,1.);
#2913=VECTOR('',#4806,1.);
#2914=VECTOR('',#4813,1.);
#2915=VECTOR('',#4816,1.);
#2916=VECTOR('',#4819,1.);
#2917=VECTOR('',#4820,1.);
#2918=VECTOR('',#4821,1.);
#2919=VECTOR('',#4826,1.);
#2920=VECTOR('',#4831,1.);
#2921=VECTOR('',#4832,1.);
#2922=VECTOR('',#4833,1.);
#2923=VECTOR('',#4838,1.);
#2924=VECTOR('',#4843,1.);
#2925=VECTOR('',#4844,1.);
#2926=VECTOR('',#4845,1.);
#2927=VECTOR('',#4850,1.);
#2928=VECTOR('',#4857,1.);
#2929=VECTOR('',#4860,1.);
#2930=VECTOR('',#4863,1.);
#2931=VECTOR('',#4864,1.);
#2932=VECTOR('',#4865,1.);
#2933=VECTOR('',#4870,1.);
#2934=VECTOR('',#4875,1.);
#2935=VECTOR('',#4876,1.);
#2936=VECTOR('',#4877,1.);
#2937=VECTOR('',#4882,1.);
#2938=VECTOR('',#4887,1.);
#2939=VECTOR('',#4888,1.);
#2940=VECTOR('',#4889,1.);
#2941=VECTOR('',#4894,1.);
#2942=VECTOR('',#4901,1.);
#2943=VECTOR('',#4904,1.);
#2944=VECTOR('',#4907,1.);
#2945=VECTOR('',#4908,1.);
#2946=VECTOR('',#4909,1.);
#2947=VECTOR('',#4914,1.);
#2948=VECTOR('',#4919,1.);
#2949=VECTOR('',#4920,1.);
#2950=VECTOR('',#4921,1.);
#2951=VECTOR('',#4926,1.);
#2952=VECTOR('',#4931,1.);
#2953=VECTOR('',#4932,1.);
#2954=VECTOR('',#4933,1.);
#2955=VECTOR('',#4938,1.);
#2956=VECTOR('',#4945,1.);
#2957=VECTOR('',#4948,1.);
#2958=VECTOR('',#4951,1.);
#2959=VECTOR('',#4952,1.);
#2960=VECTOR('',#4953,1.);
#2961=VECTOR('',#4958,1.);
#2962=VECTOR('',#4963,1.);
#2963=VECTOR('',#4964,1.);
#2964=VECTOR('',#4965,1.);
#2965=VECTOR('',#4970,1.);
#2966=VECTOR('',#4975,1.);
#2967=VECTOR('',#4976,1.);
#2968=VECTOR('',#4977,1.);
#2969=VECTOR('',#4982,1.);
#2970=VECTOR('',#4989,1.);
#2971=VECTOR('',#4992,1.);
#2972=VECTOR('',#4995,1.);
#2973=VECTOR('',#4996,1.);
#2974=VECTOR('',#4997,1.);
#2975=VECTOR('',#5002,1.);
#2976=VECTOR('',#5007,1.);
#2977=VECTOR('',#5008,1.);
#2978=VECTOR('',#5009,1.);
#2979=VECTOR('',#5014,1.);
#2980=VECTOR('',#5019,1.);
#2981=VECTOR('',#5020,1.);
#2982=VECTOR('',#5021,1.);
#2983=VECTOR('',#5026,1.);
#2984=VECTOR('',#5033,1.);
#2985=VECTOR('',#5036,1.);
#2986=VECTOR('',#5039,1.);
#2987=VECTOR('',#5040,1.);
#2988=VECTOR('',#5041,1.);
#2989=VECTOR('',#5046,1.);
#2990=VECTOR('',#5051,1.);
#2991=VECTOR('',#5052,1.);
#2992=VECTOR('',#5053,1.);
#2993=VECTOR('',#5058,1.);
#2994=VECTOR('',#5063,1.);
#2995=VECTOR('',#5064,1.);
#2996=VECTOR('',#5065,1.);
#2997=VECTOR('',#5070,1.);
#2998=VECTOR('',#5077,1.);
#2999=VECTOR('',#5080,1.);
#3000=VECTOR('',#5083,1.);
#3001=VECTOR('',#5084,1.);
#3002=VECTOR('',#5085,1.);
#3003=VECTOR('',#5090,1.);
#3004=VECTOR('',#5095,1.);
#3005=VECTOR('',#5096,1.);
#3006=VECTOR('',#5097,1.);
#3007=VECTOR('',#5102,1.);
#3008=VECTOR('',#5107,1.);
#3009=VECTOR('',#5108,1.);
#3010=VECTOR('',#5109,1.);
#3011=VECTOR('',#5114,1.);
#3012=VECTOR('',#5121,1.);
#3013=VECTOR('',#5124,1.);
#3014=VECTOR('',#5127,1.);
#3015=VECTOR('',#5128,1.);
#3016=VECTOR('',#5129,1.);
#3017=VECTOR('',#5134,1.);
#3018=VECTOR('',#5139,1.);
#3019=VECTOR('',#5140,1.);
#3020=VECTOR('',#5141,1.);
#3021=VECTOR('',#5146,1.);
#3022=VECTOR('',#5151,1.);
#3023=VECTOR('',#5152,1.);
#3024=VECTOR('',#5153,1.);
#3025=VECTOR('',#5158,1.);
#3026=VECTOR('',#5165,1.);
#3027=VECTOR('',#5168,1.);
#3028=VECTOR('',#5171,1.);
#3029=VECTOR('',#5172,1.);
#3030=VECTOR('',#5173,1.);
#3031=VECTOR('',#5178,1.);
#3032=VECTOR('',#5183,1.);
#3033=VECTOR('',#5184,1.);
#3034=VECTOR('',#5185,1.);
#3035=VECTOR('',#5190,1.);
#3036=VECTOR('',#5195,1.);
#3037=VECTOR('',#5196,1.);
#3038=VECTOR('',#5197,1.);
#3039=VECTOR('',#5202,1.);
#3040=VECTOR('',#5209,1.);
#3041=VECTOR('',#5212,1.);
#3042=VECTOR('',#5215,1.);
#3043=VECTOR('',#5216,1.);
#3044=VECTOR('',#5217,1.);
#3045=VECTOR('',#5222,1.);
#3046=VECTOR('',#5227,1.);
#3047=VECTOR('',#5228,1.);
#3048=VECTOR('',#5229,1.);
#3049=VECTOR('',#5234,1.);
#3050=VECTOR('',#5239,1.);
#3051=VECTOR('',#5240,1.);
#3052=VECTOR('',#5241,1.);
#3053=VECTOR('',#5246,1.);
#3054=VECTOR('',#5253,1.);
#3055=VECTOR('',#5256,1.);
#3056=VECTOR('',#5259,1.);
#3057=VECTOR('',#5260,1.);
#3058=VECTOR('',#5261,1.);
#3059=VECTOR('',#5266,1.);
#3060=VECTOR('',#5271,1.);
#3061=VECTOR('',#5272,1.);
#3062=VECTOR('',#5273,1.);
#3063=VECTOR('',#5278,1.);
#3064=VECTOR('',#5283,1.);
#3065=VECTOR('',#5284,1.);
#3066=VECTOR('',#5285,1.);
#3067=VECTOR('',#5290,1.);
#3068=VECTOR('',#5295,1.);
#3069=VECTOR('',#5296,1.);
#3070=VECTOR('',#5299,1.);
#3071=VECTOR('',#5300,1.);
#3072=VECTOR('',#5303,1.);
#3073=VECTOR('',#5304,1.);
#3074=VECTOR('',#5307,1.);
#3075=VECTOR('',#5308,1.);
#3076=VECTOR('',#5311,1.);
#3077=VECTOR('',#5312,1.);
#3078=VECTOR('',#5315,1.);
#3079=VECTOR('',#5316,1.);
#3080=VECTOR('',#5319,1.);
#3081=VECTOR('',#5320,1.);
#3082=VECTOR('',#5323,1.);
#3083=VECTOR('',#5324,1.);
#3084=VECTOR('',#5327,1.);
#3085=VECTOR('',#5328,1.);
#3086=VECTOR('',#5331,1.);
#3087=VECTOR('',#5332,1.);
#3088=VECTOR('',#5335,1.);
#3089=VECTOR('',#5336,1.);
#3090=VECTOR('',#5339,1.);
#3091=VECTOR('',#5340,1.);
#3092=VECTOR('',#5343,1.);
#3093=VECTOR('',#5344,1.);
#3094=VECTOR('',#5347,1.);
#3095=VECTOR('',#5348,1.);
#3096=VECTOR('',#5351,1.);
#3097=VECTOR('',#5352,1.);
#3098=VECTOR('',#5355,1.);
#3099=VECTOR('',#5356,1.);
#3100=VECTOR('',#5359,1.);
#3101=VECTOR('',#5360,1.);
#3102=VECTOR('',#5363,1.);
#3103=VECTOR('',#5364,1.);
#3104=VECTOR('',#5367,1.);
#3105=VECTOR('',#5368,1.);
#3106=VECTOR('',#5371,1.);
#3107=VECTOR('',#5372,1.);
#3108=VECTOR('',#5375,1.);
#3109=VECTOR('',#5376,1.);
#3110=VECTOR('',#5379,1.);
#3111=VECTOR('',#5380,1.);
#3112=VECTOR('',#5383,1.);
#3113=VECTOR('',#5384,1.);
#3114=VECTOR('',#5387,1.);
#3115=VECTOR('',#5388,1.);
#3116=EDGE_LOOP('',(#288,#289,#290,#291));
#3117=EDGE_LOOP('',(#292,#293,#294,#295));
#3118=EDGE_LOOP('',(#296,#297,#298,#299));
#3119=EDGE_LOOP('',(#300,#301,#302,#303));
#3120=EDGE_LOOP('',(#304,#305,#306,#307));
#3121=EDGE_LOOP('',(#308,#309,#310,#311));
#3122=EDGE_LOOP('',(#312,#313,#314,#315));
#3123=EDGE_LOOP('',(#316,#317,#318,#319));
#3124=EDGE_LOOP('',(#320,#321,#322,#323));
#3125=EDGE_LOOP('',(#324,#325,#326,#327));
#3126=EDGE_LOOP('',(#328,#329,#330,#331));
#3127=EDGE_LOOP('',(#332,#333,#334,#335));
#3128=EDGE_LOOP('',(#336,#337,#338,#339));
#3129=EDGE_LOOP('',(#340,#341,#342,#343));
#3130=EDGE_LOOP('',(#344,#345,#346,#347));
#3131=EDGE_LOOP('',(#348,#349,#350,#351));
#3132=EDGE_LOOP('',(#352,#353,#354,#355));
#3133=EDGE_LOOP('',(#356,#357,#358,#359));
#3134=EDGE_LOOP('',(#360,#361,#362,#363));
#3135=EDGE_LOOP('',(#364,#365,#366,#367));
#3136=EDGE_LOOP('',(#368,#369,#370,#371));
#3137=EDGE_LOOP('',(#372,#373,#374,#375));
#3138=EDGE_LOOP('',(#376,#377,#378,#379));
#3139=EDGE_LOOP('',(#380,#381,#382,#383));
#3140=EDGE_LOOP('',(#384,#385,#386,#387));
#3141=EDGE_LOOP('',(#388,#389,#390,#391));
#3142=EDGE_LOOP('',(#392,#393,#394,#395));
#3143=EDGE_LOOP('',(#396,#397,#398,#399));
#3144=EDGE_LOOP('',(#400,#401,#402,#403));
#3145=EDGE_LOOP('',(#404,#405,#406,#407));
#3146=EDGE_LOOP('',(#408,#409,#410,#411));
#3147=EDGE_LOOP('',(#412,#413,#414,#415));
#3148=EDGE_LOOP('',(#416,#417,#418,#419));
#3149=EDGE_LOOP('',(#420,#421,#422,#423));
#3150=EDGE_LOOP('',(#424,#425,#426,#427));
#3151=EDGE_LOOP('',(#428,#429,#430,#431));
#3152=EDGE_LOOP('',(#432,#433,#434,#435));
#3153=EDGE_LOOP('',(#436,#437,#438,#439));
#3154=EDGE_LOOP('',(#440,#441,#442,#443));
#3155=EDGE_LOOP('',(#444,#445,#446,#447));
#3156=EDGE_LOOP('',(#448,#449,#450,#451));
#3157=EDGE_LOOP('',(#452,#453,#454,#455));
#3158=EDGE_LOOP('',(#456,#457,#458,#459));
#3159=EDGE_LOOP('',(#460,#461,#462,#463));
#3160=EDGE_LOOP('',(#464,#465,#466,#467));
#3161=EDGE_LOOP('',(#468,#469,#470,#471));
#3162=EDGE_LOOP('',(#472,#473,#474,#475));
#3163=EDGE_LOOP('',(#476,#477,#478,#479));
#3164=EDGE_LOOP('',(#480,#481,#482,#483));
#3165=EDGE_LOOP('',(#484,#485,#486,#487));
#3166=EDGE_LOOP('',(#488,#489,#490,#491));
#3167=EDGE_LOOP('',(#492,#493,#494,#495));
#3168=EDGE_LOOP('',(#496,#497,#498,#499));
#3169=EDGE_LOOP('',(#500,#501,#502,#503));
#3170=EDGE_LOOP('',(#504,#505,#506,#507));
#3171=EDGE_LOOP('',(#508,#509,#510,#511));
#3172=EDGE_LOOP('',(#512,#513,#514,#515));
#3173=EDGE_LOOP('',(#516,#517,#518,#519));
#3174=EDGE_LOOP('',(#520,#521,#522,#523));
#3175=EDGE_LOOP('',(#524,#525,#526,#527));
#3176=EDGE_LOOP('',(#528,#529,#530,#531));
#3177=EDGE_LOOP('',(#532,#533,#534,#535));
#3178=EDGE_LOOP('',(#536,#537,#538,#539));
#3179=EDGE_LOOP('',(#540,#541,#542,#543));
#3180=EDGE_LOOP('',(#544,#545,#546,#547));
#3181=EDGE_LOOP('',(#548,#549,#550,#551));
#3182=EDGE_LOOP('',(#552,#553,#554,#555));
#3183=EDGE_LOOP('',(#556,#557,#558,#559));
#3184=EDGE_LOOP('',(#560,#561,#562,#563));
#3185=EDGE_LOOP('',(#564,#565,#566,#567));
#3186=EDGE_LOOP('',(#568,#569,#570,#571));
#3187=EDGE_LOOP('',(#572,#573,#574,#575));
#3188=EDGE_LOOP('',(#576,#577,#578,#579));
#3189=EDGE_LOOP('',(#580,#581,#582,#583));
#3190=EDGE_LOOP('',(#584,#585,#586,#587));
#3191=EDGE_LOOP('',(#588,#589,#590,#591));
#3192=EDGE_LOOP('',(#592,#593,#594,#595));
#3193=EDGE_LOOP('',(#596,#597,#598,#599));
#3194=EDGE_LOOP('',(#600,#601,#602,#603));
#3195=EDGE_LOOP('',(#604,#605,#606,#607));
#3196=EDGE_LOOP('',(#608,#609,#610,#611));
#3197=EDGE_LOOP('',(#612,#613,#614,#615));
#3198=EDGE_LOOP('',(#616,#617,#618,#619));
#3199=EDGE_LOOP('',(#620,#621,#622,#623));
#3200=EDGE_LOOP('',(#624,#625,#626,#627));
#3201=EDGE_LOOP('',(#628,#629,#630,#631));
#3202=EDGE_LOOP('',(#632,#633,#634,#635));
#3203=EDGE_LOOP('',(#636,#637,#638,#639));
#3204=EDGE_LOOP('',(#640,#641,#642,#643));
#3205=EDGE_LOOP('',(#644,#645,#646,#647));
#3206=EDGE_LOOP('',(#648,#649,#650,#651));
#3207=EDGE_LOOP('',(#652,#653,#654,#655));
#3208=EDGE_LOOP('',(#656,#657,#658,#659));
#3209=EDGE_LOOP('',(#660,#661,#662,#663));
#3210=EDGE_LOOP('',(#664,#665,#666,#667));
#3211=EDGE_LOOP('',(#668,#669,#670,#671));
#3212=EDGE_LOOP('',(#672,#673,#674,#675));
#3213=EDGE_LOOP('',(#676,#677,#678,#679));
#3214=EDGE_LOOP('',(#680,#681,#682,#683));
#3215=EDGE_LOOP('',(#684,#685,#686,#687));
#3216=EDGE_LOOP('',(#688,#689,#690,#691));
#3217=EDGE_LOOP('',(#692,#693,#694,#695));
#3218=EDGE_LOOP('',(#696,#697,#698,#699));
#3219=EDGE_LOOP('',(#700,#701,#702,#703));
#3220=EDGE_LOOP('',(#704,#705,#706,#707));
#3221=EDGE_LOOP('',(#708,#709,#710,#711));
#3222=EDGE_LOOP('',(#712,#713,#714,#715));
#3223=EDGE_LOOP('',(#716,#717,#718,#719));
#3224=EDGE_LOOP('',(#720,#721,#722,#723));
#3225=EDGE_LOOP('',(#724,#725,#726,#727));
#3226=EDGE_LOOP('',(#728,#729,#730,#731));
#3227=EDGE_LOOP('',(#732,#733,#734,#735));
#3228=EDGE_LOOP('',(#736,#737,#738,#739));
#3229=EDGE_LOOP('',(#740,#741,#742,#743));
#3230=EDGE_LOOP('',(#744,#745,#746,#747));
#3231=EDGE_LOOP('',(#748,#749,#750,#751));
#3232=EDGE_LOOP('',(#752,#753,#754,#755));
#3233=EDGE_LOOP('',(#756,#757,#758,#759));
#3234=EDGE_LOOP('',(#760,#761,#762,#763));
#3235=EDGE_LOOP('',(#764,#765,#766,#767));
#3236=EDGE_LOOP('',(#768,#769,#770,#771));
#3237=EDGE_LOOP('',(#772,#773,#774,#775));
#3238=EDGE_LOOP('',(#776,#777,#778,#779));
#3239=EDGE_LOOP('',(#780,#781,#782,#783));
#3240=EDGE_LOOP('',(#784,#785,#786,#787));
#3241=EDGE_LOOP('',(#788,#789,#790,#791));
#3242=EDGE_LOOP('',(#792,#793,#794,#795));
#3243=EDGE_LOOP('',(#796,#797,#798,#799));
#3244=EDGE_LOOP('',(#800,#801,#802,#803));
#3245=EDGE_LOOP('',(#804,#805,#806,#807));
#3246=EDGE_LOOP('',(#808,#809,#810,#811));
#3247=EDGE_LOOP('',(#812,#813,#814,#815));
#3248=EDGE_LOOP('',(#816,#817,#818,#819));
#3249=EDGE_LOOP('',(#820,#821,#822,#823));
#3250=EDGE_LOOP('',(#824,#825,#826,#827));
#3251=EDGE_LOOP('',(#828,#829,#830,#831));
#3252=EDGE_LOOP('',(#832,#833,#834,#835));
#3253=EDGE_LOOP('',(#836,#837,#838,#839));
#3254=EDGE_LOOP('',(#840,#841,#842,#843));
#3255=EDGE_LOOP('',(#844,#845,#846,#847));
#3256=EDGE_LOOP('',(#848,#849,#850,#851));
#3257=EDGE_LOOP('',(#852,#853,#854,#855));
#3258=EDGE_LOOP('',(#856,#857,#858,#859));
#3259=EDGE_LOOP('',(#860,#861,#862,#863));
#3260=EDGE_LOOP('',(#864,#865,#866,#867));
#3261=EDGE_LOOP('',(#868,#869,#870,#871));
#3262=EDGE_LOOP('',(#872,#873,#874,#875));
#3263=EDGE_LOOP('',(#876,#877,#878,#879));
#3264=EDGE_LOOP('',(#880,#881,#882,#883));
#3265=EDGE_LOOP('',(#884,#885,#886,#887));
#3266=EDGE_LOOP('',(#888,#889,#890,#891));
#3267=EDGE_LOOP('',(#892,#893,#894,#895));
#3268=EDGE_LOOP('',(#896,#897,#898,#899));
#3269=EDGE_LOOP('',(#900,#901,#902,#903));
#3270=EDGE_LOOP('',(#904,#905,#906,#907));
#3271=EDGE_LOOP('',(#908,#909,#910,#911));
#3272=EDGE_LOOP('',(#912,#913,#914,#915));
#3273=EDGE_LOOP('',(#916,#917,#918,#919));
#3274=EDGE_LOOP('',(#920,#921,#922,#923));
#3275=EDGE_LOOP('',(#924,#925,#926,#927));
#3276=EDGE_LOOP('',(#928,#929,#930,#931));
#3277=EDGE_LOOP('',(#932,#933,#934,#935));
#3278=EDGE_LOOP('',(#936,#937,#938,#939));
#3279=EDGE_LOOP('',(#940,#941,#942,#943));
#3280=EDGE_LOOP('',(#944,#945,#946,#947));
#3281=EDGE_LOOP('',(#948,#949,#950,#951));
#3282=EDGE_LOOP('',(#952,#953,#954,#955));
#3283=EDGE_LOOP('',(#956,#957,#958,#959));
#3284=EDGE_LOOP('',(#960,#961,#962,#963));
#3285=EDGE_LOOP('',(#964,#965,#966,#967));
#3286=EDGE_LOOP('',(#968,#969,#970,#971));
#3287=EDGE_LOOP('',(#972,#973,#974,#975));
#3288=EDGE_LOOP('',(#976,#977,#978,#979));
#3289=EDGE_LOOP('',(#980,#981,#982,#983));
#3290=EDGE_LOOP('',(#984,#985,#986,#987));
#3291=EDGE_LOOP('',(#988,#989,#990,#991));
#3292=EDGE_LOOP('',(#992,#993,#994,#995));
#3293=EDGE_LOOP('',(#996,#997,#998,#999));
#3294=EDGE_LOOP('',(#1000,#1001,#1002,#1003));
#3295=EDGE_LOOP('',(#1004,#1005,#1006,#1007));
#3296=EDGE_LOOP('',(#1008,#1009,#1010,#1011));
#3297=EDGE_LOOP('',(#1012,#1013,#1014,#1015));
#3298=EDGE_LOOP('',(#1016,#1017,#1018,#1019));
#3299=EDGE_LOOP('',(#1020,#1021,#1022,#1023));
#3300=EDGE_LOOP('',(#1024,#1025,#1026,#1027));
#3301=EDGE_LOOP('',(#1028,#1029,#1030,#1031));
#3302=EDGE_LOOP('',(#1032,#1033,#1034,#1035));
#3303=EDGE_LOOP('',(#1036,#1037,#1038,#1039));
#3304=EDGE_LOOP('',(#1040,#1041,#1042,#1043,#1044,#1045,#1046,#1047));
#3305=EDGE_LOOP('',(#1048,#1049,#1050,#1051,#1052,#1053,#1054,#1055));
#3306=EDGE_LOOP('',(#1056,#1057,#1058,#1059,#1060,#1061,#1062,#1063));
#3307=EDGE_LOOP('',(#1064,#1065,#1066,#1067,#1068,#1069,#1070,#1071));
#3308=EDGE_LOOP('',(#1072,#1073,#1074,#1075,#1076,#1077,#1078,#1079));
#3309=EDGE_LOOP('',(#1080,#1081,#1082,#1083,#1084,#1085,#1086,#1087));
#3310=EDGE_LOOP('',(#1088,#1089,#1090,#1091,#1092,#1093,#1094,#1095));
#3311=EDGE_LOOP('',(#1096,#1097,#1098,#1099,#1100,#1101,#1102,#1103));
#3312=EDGE_LOOP('',(#1104,#1105,#1106,#1107,#1108,#1109,#1110,#1111));
#3313=EDGE_LOOP('',(#1112,#1113,#1114,#1115,#1116,#1117,#1118,#1119));
#3314=EDGE_LOOP('',(#1120,#1121,#1122,#1123,#1124,#1125,#1126,#1127));
#3315=EDGE_LOOP('',(#1128,#1129,#1130,#1131,#1132,#1133,#1134,#1135));
#3316=EDGE_LOOP('',(#1136,#1137,#1138,#1139,#1140,#1141,#1142,#1143));
#3317=EDGE_LOOP('',(#1144,#1145,#1146,#1147,#1148,#1149,#1150,#1151));
#3318=EDGE_LOOP('',(#1152,#1153,#1154,#1155,#1156,#1157,#1158,#1159));
#3319=EDGE_LOOP('',(#1160,#1161,#1162,#1163,#1164,#1165,#1166,#1167));
#3320=EDGE_LOOP('',(#1168,#1169,#1170,#1171,#1172,#1173,#1174,#1175));
#3321=EDGE_LOOP('',(#1176,#1177,#1178,#1179,#1180,#1181,#1182,#1183));
#3322=EDGE_LOOP('',(#1184,#1185,#1186,#1187,#1188,#1189,#1190,#1191));
#3323=EDGE_LOOP('',(#1192,#1193,#1194,#1195,#1196,#1197,#1198,#1199));
#3324=EDGE_LOOP('',(#1200,#1201,#1202,#1203,#1204,#1205,#1206,#1207));
#3325=EDGE_LOOP('',(#1208,#1209,#1210,#1211,#1212,#1213,#1214,#1215));
#3326=EDGE_LOOP('',(#1216,#1217,#1218,#1219,#1220,#1221,#1222,#1223));
#3327=EDGE_LOOP('',(#1224,#1225,#1226,#1227));
#3328=EDGE_LOOP('',(#1228,#1229,#1230,#1231,#1232,#1233,#1234,#1235));
#3329=EDGE_LOOP('',(#1236,#1237,#1238,#1239,#1240,#1241,#1242,#1243));
#3330=EDGE_LOOP('',(#1244,#1245,#1246,#1247,#1248,#1249,#1250,#1251));
#3331=EDGE_LOOP('',(#1252,#1253,#1254,#1255,#1256,#1257,#1258,#1259));
#3332=EDGE_LOOP('',(#1260,#1261,#1262,#1263,#1264,#1265,#1266,#1267));
#3333=EDGE_LOOP('',(#1268,#1269,#1270,#1271,#1272,#1273,#1274,#1275));
#3334=EDGE_LOOP('',(#1276,#1277,#1278,#1279,#1280,#1281,#1282,#1283));
#3335=EDGE_LOOP('',(#1284,#1285,#1286,#1287,#1288,#1289,#1290,#1291));
#3336=EDGE_LOOP('',(#1292,#1293,#1294,#1295,#1296,#1297,#1298,#1299));
#3337=EDGE_LOOP('',(#1300,#1301,#1302,#1303,#1304,#1305,#1306,#1307));
#3338=EDGE_LOOP('',(#1308,#1309,#1310,#1311,#1312,#1313,#1314,#1315));
#3339=EDGE_LOOP('',(#1316,#1317,#1318,#1319,#1320,#1321,#1322,#1323));
#3340=EDGE_LOOP('',(#1324,#1325,#1326,#1327,#1328,#1329,#1330,#1331));
#3341=EDGE_LOOP('',(#1332,#1333,#1334,#1335,#1336,#1337,#1338,#1339));
#3342=EDGE_LOOP('',(#1340,#1341,#1342,#1343,#1344,#1345,#1346,#1347));
#3343=EDGE_LOOP('',(#1348,#1349,#1350,#1351,#1352,#1353,#1354,#1355));
#3344=EDGE_LOOP('',(#1356,#1357,#1358,#1359,#1360,#1361,#1362,#1363));
#3345=EDGE_LOOP('',(#1364,#1365,#1366,#1367,#1368,#1369,#1370,#1371));
#3346=EDGE_LOOP('',(#1372,#1373,#1374,#1375,#1376,#1377,#1378,#1379));
#3347=EDGE_LOOP('',(#1380,#1381,#1382,#1383,#1384,#1385,#1386,#1387));
#3348=EDGE_LOOP('',(#1388,#1389,#1390,#1391,#1392,#1393,#1394,#1395));
#3349=EDGE_LOOP('',(#1396,#1397,#1398,#1399,#1400,#1401,#1402,#1403));
#3350=EDGE_LOOP('',(#1404,#1405,#1406,#1407,#1408,#1409,#1410,#1411));
#3351=EDGE_LOOP('',(#1412,#1413,#1414,#1415));
#3352=FACE_BOUND('',#3116,.T.);
#3353=FACE_BOUND('',#3117,.T.);
#3354=FACE_BOUND('',#3118,.T.);
#3355=FACE_BOUND('',#3119,.T.);
#3356=FACE_BOUND('',#3120,.T.);
#3357=FACE_BOUND('',#3121,.T.);
#3358=FACE_BOUND('',#3122,.T.);
#3359=FACE_BOUND('',#3123,.T.);
#3360=FACE_BOUND('',#3124,.T.);
#3361=FACE_BOUND('',#3125,.T.);
#3362=FACE_BOUND('',#3126,.T.);
#3363=FACE_BOUND('',#3127,.T.);
#3364=FACE_BOUND('',#3128,.T.);
#3365=FACE_BOUND('',#3129,.T.);
#3366=FACE_BOUND('',#3130,.T.);
#3367=FACE_BOUND('',#3131,.T.);
#3368=FACE_BOUND('',#3132,.T.);
#3369=FACE_BOUND('',#3133,.T.);
#3370=FACE_BOUND('',#3134,.T.);
#3371=FACE_BOUND('',#3135,.T.);
#3372=FACE_BOUND('',#3136,.T.);
#3373=FACE_BOUND('',#3137,.T.);
#3374=FACE_BOUND('',#3138,.T.);
#3375=FACE_BOUND('',#3139,.T.);
#3376=FACE_BOUND('',#3140,.T.);
#3377=FACE_BOUND('',#3141,.T.);
#3378=FACE_BOUND('',#3142,.T.);
#3379=FACE_BOUND('',#3143,.T.);
#3380=FACE_BOUND('',#3144,.T.);
#3381=FACE_BOUND('',#3145,.T.);
#3382=FACE_BOUND('',#3146,.T.);
#3383=FACE_BOUND('',#3147,.T.);
#3384=FACE_BOUND('',#3148,.T.);
#3385=FACE_BOUND('',#3149,.T.);
#3386=FACE_BOUND('',#3150,.T.);
#3387=FACE_BOUND('',#3151,.T.);
#3388=FACE_BOUND('',#3152,.T.);
#3389=FACE_BOUND('',#3153,.T.);
#3390=FACE_BOUND('',#3154,.T.);
#3391=FACE_BOUND('',#3155,.T.);
#3392=FACE_BOUND('',#3156,.T.);
#3393=FACE_BOUND('',#3157,.T.);
#3394=FACE_BOUND('',#3158,.T.);
#3395=FACE_BOUND('',#3159,.T.);
#3396=FACE_BOUND('',#3160,.T.);
#3397=FACE_BOUND('',#3161,.T.);
#3398=FACE_BOUND('',#3162,.T.);
#3399=FACE_BOUND('',#3163,.T.);
#3400=FACE_BOUND('',#3164,.T.);
#3401=FACE_BOUND('',#3165,.T.);
#3402=FACE_BOUND('',#3166,.T.);
#3403=FACE_BOUND('',#3167,.T.);
#3404=FACE_BOUND('',#3168,.T.);
#3405=FACE_BOUND('',#3169,.T.);
#3406=FACE_BOUND('',#3170,.T.);
#3407=FACE_BOUND('',#3171,.T.);
#3408=FACE_BOUND('',#3172,.T.);
#3409=FACE_BOUND('',#3173,.T.);
#3410=FACE_BOUND('',#3174,.T.);
#3411=FACE_BOUND('',#3175,.T.);
#3412=FACE_BOUND('',#3176,.T.);
#3413=FACE_BOUND('',#3177,.T.);
#3414=FACE_BOUND('',#3178,.T.);
#3415=FACE_BOUND('',#3179,.T.);
#3416=FACE_BOUND('',#3180,.T.);
#3417=FACE_BOUND('',#3181,.T.);
#3418=FACE_BOUND('',#3182,.T.);
#3419=FACE_BOUND('',#3183,.T.);
#3420=FACE_BOUND('',#3184,.T.);
#3421=FACE_BOUND('',#3185,.T.);
#3422=FACE_BOUND('',#3186,.T.);
#3423=FACE_BOUND('',#3187,.T.);
#3424=FACE_BOUND('',#3188,.T.);
#3425=FACE_BOUND('',#3189,.T.);
#3426=FACE_BOUND('',#3190,.T.);
#3427=FACE_BOUND('',#3191,.T.);
#3428=FACE_BOUND('',#3192,.T.);
#3429=FACE_BOUND('',#3193,.T.);
#3430=FACE_BOUND('',#3194,.T.);
#3431=FACE_BOUND('',#3195,.T.);
#3432=FACE_BOUND('',#3196,.T.);
#3433=FACE_BOUND('',#3197,.T.);
#3434=FACE_BOUND('',#3198,.T.);
#3435=FACE_BOUND('',#3199,.T.);
#3436=FACE_BOUND('',#3200,.T.);
#3437=FACE_BOUND('',#3201,.T.);
#3438=FACE_BOUND('',#3202,.T.);
#3439=FACE_BOUND('',#3203,.T.);
#3440=FACE_BOUND('',#3204,.T.);
#3441=FACE_BOUND('',#3205,.T.);
#3442=FACE_BOUND('',#3206,.T.);
#3443=FACE_BOUND('',#3207,.T.);
#3444=FACE_BOUND('',#3208,.T.);
#3445=FACE_BOUND('',#3209,.T.);
#3446=FACE_BOUND('',#3210,.T.);
#3447=FACE_BOUND('',#3211,.T.);
#3448=FACE_BOUND('',#3212,.T.);
#3449=FACE_BOUND('',#3213,.T.);
#3450=FACE_BOUND('',#3214,.T.);
#3451=FACE_BOUND('',#3215,.T.);
#3452=FACE_BOUND('',#3216,.T.);
#3453=FACE_BOUND('',#3217,.T.);
#3454=FACE_BOUND('',#3218,.T.);
#3455=FACE_BOUND('',#3219,.T.);
#3456=FACE_BOUND('',#3220,.T.);
#3457=FACE_BOUND('',#3221,.T.);
#3458=FACE_BOUND('',#3222,.T.);
#3459=FACE_BOUND('',#3223,.T.);
#3460=FACE_BOUND('',#3224,.T.);
#3461=FACE_BOUND('',#3225,.T.);
#3462=FACE_BOUND('',#3226,.T.);
#3463=FACE_BOUND('',#3227,.T.);
#3464=FACE_BOUND('',#3228,.T.);
#3465=FACE_BOUND('',#3229,.T.);
#3466=FACE_BOUND('',#3230,.T.);
#3467=FACE_BOUND('',#3231,.T.);
#3468=FACE_BOUND('',#3232,.T.);
#3469=FACE_BOUND('',#3233,.T.);
#3470=FACE_BOUND('',#3234,.T.);
#3471=FACE_BOUND('',#3235,.T.);
#3472=FACE_BOUND('',#3236,.T.);
#3473=FACE_BOUND('',#3237,.T.);
#3474=FACE_BOUND('',#3238,.T.);
#3475=FACE_BOUND('',#3239,.T.);
#3476=FACE_BOUND('',#3240,.T.);
#3477=FACE_BOUND('',#3241,.T.);
#3478=FACE_BOUND('',#3242,.T.);
#3479=FACE_BOUND('',#3243,.T.);
#3480=FACE_BOUND('',#3244,.T.);
#3481=FACE_BOUND('',#3245,.T.);
#3482=FACE_BOUND('',#3246,.T.);
#3483=FACE_BOUND('',#3247,.T.);
#3484=FACE_BOUND('',#3248,.T.);
#3485=FACE_BOUND('',#3249,.T.);
#3486=FACE_BOUND('',#3250,.T.);
#3487=FACE_BOUND('',#3251,.T.);
#3488=FACE_BOUND('',#3252,.T.);
#3489=FACE_BOUND('',#3253,.T.);
#3490=FACE_BOUND('',#3254,.T.);
#3491=FACE_BOUND('',#3255,.T.);
#3492=FACE_BOUND('',#3256,.T.);
#3493=FACE_BOUND('',#3257,.T.);
#3494=FACE_BOUND('',#3258,.T.);
#3495=FACE_BOUND('',#3259,.T.);
#3496=FACE_BOUND('',#3260,.T.);
#3497=FACE_BOUND('',#3261,.T.);
#3498=FACE_BOUND('',#3262,.T.);
#3499=FACE_BOUND('',#3263,.T.);
#3500=FACE_BOUND('',#3264,.T.);
#3501=FACE_BOUND('',#3265,.T.);
#3502=FACE_BOUND('',#3266,.T.);
#3503=FACE_BOUND('',#3267,.T.);
#3504=FACE_BOUND('',#3268,.T.);
#3505=FACE_BOUND('',#3269,.T.);
#3506=FACE_BOUND('',#3270,.T.);
#3507=FACE_BOUND('',#3271,.T.);
#3508=FACE_BOUND('',#3272,.T.);
#3509=FACE_BOUND('',#3273,.T.);
#3510=FACE_BOUND('',#3274,.T.);
#3511=FACE_BOUND('',#3275,.T.);
#3512=FACE_BOUND('',#3276,.T.);
#3513=FACE_BOUND('',#3277,.T.);
#3514=FACE_BOUND('',#3278,.T.);
#3515=FACE_BOUND('',#3279,.T.);
#3516=FACE_BOUND('',#3280,.T.);
#3517=FACE_BOUND('',#3281,.T.);
#3518=FACE_BOUND('',#3282,.T.);
#3519=FACE_BOUND('',#3283,.T.);
#3520=FACE_BOUND('',#3284,.T.);
#3521=FACE_BOUND('',#3285,.T.);
#3522=FACE_BOUND('',#3286,.T.);
#3523=FACE_BOUND('',#3287,.T.);
#3524=FACE_BOUND('',#3288,.T.);
#3525=FACE_BOUND('',#3289,.T.);
#3526=FACE_BOUND('',#3290,.T.);
#3527=FACE_BOUND('',#3291,.T.);
#3528=FACE_BOUND('',#3292,.T.);
#3529=FACE_BOUND('',#3293,.T.);
#3530=FACE_BOUND('',#3294,.T.);
#3531=FACE_BOUND('',#3295,.T.);
#3532=FACE_BOUND('',#3296,.T.);
#3533=FACE_BOUND('',#3297,.T.);
#3534=FACE_BOUND('',#3298,.T.);
#3535=FACE_BOUND('',#3299,.T.);
#3536=FACE_BOUND('',#3300,.T.);
#3537=FACE_BOUND('',#3301,.T.);
#3538=FACE_BOUND('',#3302,.T.);
#3539=FACE_BOUND('',#3303,.T.);
#3540=FACE_BOUND('',#3304,.T.);
#3541=FACE_BOUND('',#3305,.T.);
#3542=FACE_BOUND('',#3306,.T.);
#3543=FACE_BOUND('',#3307,.T.);
#3544=FACE_BOUND('',#3308,.T.);
#3545=FACE_BOUND('',#3309,.T.);
#3546=FACE_BOUND('',#3310,.T.);
#3547=FACE_BOUND('',#3311,.T.);
#3548=FACE_BOUND('',#3312,.T.);
#3549=FACE_BOUND('',#3313,.T.);
#3550=FACE_BOUND('',#3314,.T.);
#3551=FACE_BOUND('',#3315,.T.);
#3552=FACE_BOUND('',#3316,.T.);
#3553=FACE_BOUND('',#3317,.T.);
#3554=FACE_BOUND('',#3318,.T.);
#3555=FACE_BOUND('',#3319,.T.);
#3556=FACE_BOUND('',#3320,.T.);
#3557=FACE_BOUND('',#3321,.T.);
#3558=FACE_BOUND('',#3322,.T.);
#3559=FACE_BOUND('',#3323,.T.);
#3560=FACE_BOUND('',#3324,.T.);
#3561=FACE_BOUND('',#3325,.T.);
#3562=FACE_BOUND('',#3326,.T.);
#3563=FACE_BOUND('',#3327,.T.);
#3564=FACE_BOUND('',#3328,.T.);
#3565=FACE_BOUND('',#3329,.T.);
#3566=FACE_BOUND('',#3330,.T.);
#3567=FACE_BOUND('',#3331,.T.);
#3568=FACE_BOUND('',#3332,.T.);
#3569=FACE_BOUND('',#3333,.T.);
#3570=FACE_BOUND('',#3334,.T.);
#3571=FACE_BOUND('',#3335,.T.);
#3572=FACE_BOUND('',#3336,.T.);
#3573=FACE_BOUND('',#3337,.T.);
#3574=FACE_BOUND('',#3338,.T.);
#3575=FACE_BOUND('',#3339,.T.);
#3576=FACE_BOUND('',#3340,.T.);
#3577=FACE_BOUND('',#3341,.T.);
#3578=FACE_BOUND('',#3342,.T.);
#3579=FACE_BOUND('',#3343,.T.);
#3580=FACE_BOUND('',#3344,.T.);
#3581=FACE_BOUND('',#3345,.T.);
#3582=FACE_BOUND('',#3346,.T.);
#3583=FACE_BOUND('',#3347,.T.);
#3584=FACE_BOUND('',#3348,.T.);
#3585=FACE_BOUND('',#3349,.T.);
#3586=FACE_BOUND('',#3350,.T.);
#3587=FACE_BOUND('',#3351,.T.);
#3588=PLANE('',#3889);
#3589=PLANE('',#3890);
#3590=PLANE('',#3891);
#3591=PLANE('',#3895);
#3592=PLANE('',#3899);
#3593=PLANE('',#3903);
#3594=PLANE('',#3910);
#3595=PLANE('',#3914);
#3596=PLANE('',#3918);
#3597=PLANE('',#3925);
#3598=PLANE('',#3929);
#3599=PLANE('',#3933);
#3600=PLANE('',#3940);
#3601=PLANE('',#3944);
#3602=PLANE('',#3948);
#3603=PLANE('',#3955);
#3604=PLANE('',#3959);
#3605=PLANE('',#3963);
#3606=PLANE('',#3970);
#3607=PLANE('',#3974);
#3608=PLANE('',#3978);
#3609=PLANE('',#3985);
#3610=PLANE('',#3989);
#3611=PLANE('',#3993);
#3612=PLANE('',#4000);
#3613=PLANE('',#4004);
#3614=PLANE('',#4008);
#3615=PLANE('',#4015);
#3616=PLANE('',#4019);
#3617=PLANE('',#4023);
#3618=PLANE('',#4030);
#3619=PLANE('',#4034);
#3620=PLANE('',#4038);
#3621=PLANE('',#4045);
#3622=PLANE('',#4049);
#3623=PLANE('',#4053);
#3624=PLANE('',#4060);
#3625=PLANE('',#4064);
#3626=PLANE('',#4068);
#3627=PLANE('',#4075);
#3628=PLANE('',#4079);
#3629=PLANE('',#4083);
#3630=PLANE('',#4090);
#3631=PLANE('',#4094);
#3632=PLANE('',#4098);
#3633=PLANE('',#4105);
#3634=PLANE('',#4109);
#3635=PLANE('',#4113);
#3636=PLANE('',#4120);
#3637=PLANE('',#4124);
#3638=PLANE('',#4128);
#3639=PLANE('',#4135);
#3640=PLANE('',#4139);
#3641=PLANE('',#4143);
#3642=PLANE('',#4150);
#3643=PLANE('',#4154);
#3644=PLANE('',#4158);
#3645=PLANE('',#4165);
#3646=PLANE('',#4169);
#3647=PLANE('',#4173);
#3648=PLANE('',#4180);
#3649=PLANE('',#4184);
#3650=PLANE('',#4188);
#3651=PLANE('',#4195);
#3652=PLANE('',#4199);
#3653=PLANE('',#4203);
#3654=PLANE('',#4210);
#3655=PLANE('',#4214);
#3656=PLANE('',#4218);
#3657=PLANE('',#4225);
#3658=PLANE('',#4229);
#3659=PLANE('',#4233);
#3660=PLANE('',#4237);
#3661=PLANE('',#4238);
#3662=PLANE('',#4239);
#3663=PLANE('',#4240);
#3664=PLANE('',#4241);
#3665=PLANE('',#4242);
#3666=PLANE('',#4243);
#3667=PLANE('',#4244);
#3668=PLANE('',#4245);
#3669=PLANE('',#4246);
#3670=PLANE('',#4247);
#3671=PLANE('',#4248);
#3672=PLANE('',#4249);
#3673=PLANE('',#4250);
#3674=PLANE('',#4251);
#3675=PLANE('',#4252);
#3676=PLANE('',#4253);
#3677=PLANE('',#4254);
#3678=PLANE('',#4255);
#3679=PLANE('',#4256);
#3680=PLANE('',#4257);
#3681=PLANE('',#4258);
#3682=PLANE('',#4259);
#3683=PLANE('',#4260);
#3684=PLANE('',#4261);
#3685=PLANE('',#4262);
#3686=ADVANCED_FACE('',(#3352),#3588,.T.);
#3687=ADVANCED_FACE('',(#3353),#3589,.F.);
#3688=ADVANCED_FACE('',(#3354),#3590,.F.);
#3689=ADVANCED_FACE('',(#3355),#196,.F.);
#3690=ADVANCED_FACE('',(#3356),#3591,.F.);
#3691=ADVANCED_FACE('',(#3357),#197,.F.);
#3692=ADVANCED_FACE('',(#3358),#3592,.F.);
#3693=ADVANCED_FACE('',(#3359),#198,.F.);
#3694=ADVANCED_FACE('',(#3360),#3593,.T.);
#3695=ADVANCED_FACE('',(#3361),#199,.F.);
#3696=ADVANCED_FACE('',(#3362),#200,.F.);
#3697=ADVANCED_FACE('',(#3363),#3594,.F.);
#3698=ADVANCED_FACE('',(#3364),#201,.F.);
#3699=ADVANCED_FACE('',(#3365),#3595,.F.);
#3700=ADVANCED_FACE('',(#3366),#202,.F.);
#3701=ADVANCED_FACE('',(#3367),#3596,.T.);
#3702=ADVANCED_FACE('',(#3368),#203,.F.);
#3703=ADVANCED_FACE('',(#3369),#204,.F.);
#3704=ADVANCED_FACE('',(#3370),#3597,.F.);
#3705=ADVANCED_FACE('',(#3371),#205,.F.);
#3706=ADVANCED_FACE('',(#3372),#3598,.F.);
#3707=ADVANCED_FACE('',(#3373),#206,.F.);
#3708=ADVANCED_FACE('',(#3374),#3599,.T.);
#3709=ADVANCED_FACE('',(#3375),#207,.F.);
#3710=ADVANCED_FACE('',(#3376),#208,.F.);
#3711=ADVANCED_FACE('',(#3377),#3600,.F.);
#3712=ADVANCED_FACE('',(#3378),#209,.F.);
#3713=ADVANCED_FACE('',(#3379),#3601,.F.);
#3714=ADVANCED_FACE('',(#3380),#210,.F.);
#3715=ADVANCED_FACE('',(#3381),#3602,.T.);
#3716=ADVANCED_FACE('',(#3382),#211,.F.);
#3717=ADVANCED_FACE('',(#3383),#212,.F.);
#3718=ADVANCED_FACE('',(#3384),#3603,.F.);
#3719=ADVANCED_FACE('',(#3385),#213,.F.);
#3720=ADVANCED_FACE('',(#3386),#3604,.F.);
#3721=ADVANCED_FACE('',(#3387),#214,.F.);
#3722=ADVANCED_FACE('',(#3388),#3605,.T.);
#3723=ADVANCED_FACE('',(#3389),#215,.F.);
#3724=ADVANCED_FACE('',(#3390),#216,.F.);
#3725=ADVANCED_FACE('',(#3391),#3606,.F.);
#3726=ADVANCED_FACE('',(#3392),#217,.F.);
#3727=ADVANCED_FACE('',(#3393),#3607,.F.);
#3728=ADVANCED_FACE('',(#3394),#218,.F.);
#3729=ADVANCED_FACE('',(#3395),#3608,.T.);
#3730=ADVANCED_FACE('',(#3396),#219,.F.);
#3731=ADVANCED_FACE('',(#3397),#220,.F.);
#3732=ADVANCED_FACE('',(#3398),#3609,.F.);
#3733=ADVANCED_FACE('',(#3399),#221,.F.);
#3734=ADVANCED_FACE('',(#3400),#3610,.F.);
#3735=ADVANCED_FACE('',(#3401),#222,.F.);
#3736=ADVANCED_FACE('',(#3402),#3611,.T.);
#3737=ADVANCED_FACE('',(#3403),#223,.F.);
#3738=ADVANCED_FACE('',(#3404),#224,.F.);
#3739=ADVANCED_FACE('',(#3405),#3612,.F.);
#3740=ADVANCED_FACE('',(#3406),#225,.F.);
#3741=ADVANCED_FACE('',(#3407),#3613,.F.);
#3742=ADVANCED_FACE('',(#3408),#226,.F.);
#3743=ADVANCED_FACE('',(#3409),#3614,.T.);
#3744=ADVANCED_FACE('',(#3410),#227,.F.);
#3745=ADVANCED_FACE('',(#3411),#228,.F.);
#3746=ADVANCED_FACE('',(#3412),#3615,.F.);
#3747=ADVANCED_FACE('',(#3413),#229,.F.);
#3748=ADVANCED_FACE('',(#3414),#3616,.F.);
#3749=ADVANCED_FACE('',(#3415),#230,.F.);
#3750=ADVANCED_FACE('',(#3416),#3617,.T.);
#3751=ADVANCED_FACE('',(#3417),#231,.F.);
#3752=ADVANCED_FACE('',(#3418),#232,.F.);
#3753=ADVANCED_FACE('',(#3419),#3618,.F.);
#3754=ADVANCED_FACE('',(#3420),#233,.F.);
#3755=ADVANCED_FACE('',(#3421),#3619,.F.);
#3756=ADVANCED_FACE('',(#3422),#234,.F.);
#3757=ADVANCED_FACE('',(#3423),#3620,.T.);
#3758=ADVANCED_FACE('',(#3424),#235,.F.);
#3759=ADVANCED_FACE('',(#3425),#236,.F.);
#3760=ADVANCED_FACE('',(#3426),#3621,.F.);
#3761=ADVANCED_FACE('',(#3427),#237,.F.);
#3762=ADVANCED_FACE('',(#3428),#3622,.F.);
#3763=ADVANCED_FACE('',(#3429),#238,.F.);
#3764=ADVANCED_FACE('',(#3430),#3623,.T.);
#3765=ADVANCED_FACE('',(#3431),#239,.F.);
#3766=ADVANCED_FACE('',(#3432),#240,.F.);
#3767=ADVANCED_FACE('',(#3433),#3624,.F.);
#3768=ADVANCED_FACE('',(#3434),#241,.F.);
#3769=ADVANCED_FACE('',(#3435),#3625,.F.);
#3770=ADVANCED_FACE('',(#3436),#242,.F.);
#3771=ADVANCED_FACE('',(#3437),#3626,.T.);
#3772=ADVANCED_FACE('',(#3438),#243,.F.);
#3773=ADVANCED_FACE('',(#3439),#244,.F.);
#3774=ADVANCED_FACE('',(#3440),#3627,.F.);
#3775=ADVANCED_FACE('',(#3441),#245,.F.);
#3776=ADVANCED_FACE('',(#3442),#3628,.F.);
#3777=ADVANCED_FACE('',(#3443),#246,.F.);
#3778=ADVANCED_FACE('',(#3444),#3629,.T.);
#3779=ADVANCED_FACE('',(#3445),#247,.F.);
#3780=ADVANCED_FACE('',(#3446),#248,.F.);
#3781=ADVANCED_FACE('',(#3447),#3630,.F.);
#3782=ADVANCED_FACE('',(#3448),#249,.F.);
#3783=ADVANCED_FACE('',(#3449),#3631,.F.);
#3784=ADVANCED_FACE('',(#3450),#250,.F.);
#3785=ADVANCED_FACE('',(#3451),#3632,.T.);
#3786=ADVANCED_FACE('',(#3452),#251,.F.);
#3787=ADVANCED_FACE('',(#3453),#252,.F.);
#3788=ADVANCED_FACE('',(#3454),#3633,.F.);
#3789=ADVANCED_FACE('',(#3455),#253,.F.);
#3790=ADVANCED_FACE('',(#3456),#3634,.F.);
#3791=ADVANCED_FACE('',(#3457),#254,.F.);
#3792=ADVANCED_FACE('',(#3458),#3635,.T.);
#3793=ADVANCED_FACE('',(#3459),#255,.F.);
#3794=ADVANCED_FACE('',(#3460),#256,.F.);
#3795=ADVANCED_FACE('',(#3461),#3636,.F.);
#3796=ADVANCED_FACE('',(#3462),#257,.F.);
#3797=ADVANCED_FACE('',(#3463),#3637,.F.);
#3798=ADVANCED_FACE('',(#3464),#258,.F.);
#3799=ADVANCED_FACE('',(#3465),#3638,.T.);
#3800=ADVANCED_FACE('',(#3466),#259,.F.);
#3801=ADVANCED_FACE('',(#3467),#260,.F.);
#3802=ADVANCED_FACE('',(#3468),#3639,.F.);
#3803=ADVANCED_FACE('',(#3469),#261,.F.);
#3804=ADVANCED_FACE('',(#3470),#3640,.F.);
#3805=ADVANCED_FACE('',(#3471),#262,.F.);
#3806=ADVANCED_FACE('',(#3472),#3641,.T.);
#3807=ADVANCED_FACE('',(#3473),#263,.F.);
#3808=ADVANCED_FACE('',(#3474),#264,.F.);
#3809=ADVANCED_FACE('',(#3475),#3642,.F.);
#3810=ADVANCED_FACE('',(#3476),#265,.F.);
#3811=ADVANCED_FACE('',(#3477),#3643,.F.);
#3812=ADVANCED_FACE('',(#3478),#266,.F.);
#3813=ADVANCED_FACE('',(#3479),#3644,.T.);
#3814=ADVANCED_FACE('',(#3480),#267,.F.);
#3815=ADVANCED_FACE('',(#3481),#268,.F.);
#3816=ADVANCED_FACE('',(#3482),#3645,.F.);
#3817=ADVANCED_FACE('',(#3483),#269,.F.);
#3818=ADVANCED_FACE('',(#3484),#3646,.F.);
#3819=ADVANCED_FACE('',(#3485),#270,.F.);
#3820=ADVANCED_FACE('',(#3486),#3647,.T.);
#3821=ADVANCED_FACE('',(#3487),#271,.F.);
#3822=ADVANCED_FACE('',(#3488),#272,.F.);
#3823=ADVANCED_FACE('',(#3489),#3648,.F.);
#3824=ADVANCED_FACE('',(#3490),#273,.F.);
#3825=ADVANCED_FACE('',(#3491),#3649,.F.);
#3826=ADVANCED_FACE('',(#3492),#274,.F.);
#3827=ADVANCED_FACE('',(#3493),#3650,.T.);
#3828=ADVANCED_FACE('',(#3494),#275,.F.);
#3829=ADVANCED_FACE('',(#3495),#276,.F.);
#3830=ADVANCED_FACE('',(#3496),#3651,.F.);
#3831=ADVANCED_FACE('',(#3497),#277,.F.);
#3832=ADVANCED_FACE('',(#3498),#3652,.F.);
#3833=ADVANCED_FACE('',(#3499),#278,.F.);
#3834=ADVANCED_FACE('',(#3500),#3653,.T.);
#3835=ADVANCED_FACE('',(#3501),#279,.F.);
#3836=ADVANCED_FACE('',(#3502),#280,.F.);
#3837=ADVANCED_FACE('',(#3503),#3654,.F.);
#3838=ADVANCED_FACE('',(#3504),#281,.F.);
#3839=ADVANCED_FACE('',(#3505),#3655,.F.);
#3840=ADVANCED_FACE('',(#3506),#282,.F.);
#3841=ADVANCED_FACE('',(#3507),#3656,.T.);
#3842=ADVANCED_FACE('',(#3508),#283,.F.);
#3843=ADVANCED_FACE('',(#3509),#284,.F.);
#3844=ADVANCED_FACE('',(#3510),#3657,.F.);
#3845=ADVANCED_FACE('',(#3511),#285,.F.);
#3846=ADVANCED_FACE('',(#3512),#3658,.F.);
#3847=ADVANCED_FACE('',(#3513),#286,.F.);
#3848=ADVANCED_FACE('',(#3514),#3659,.T.);
#3849=ADVANCED_FACE('',(#3515),#287,.F.);
#3850=ADVANCED_FACE('',(#3516),#3660,.T.);
#3851=ADVANCED_FACE('',(#3517),#3661,.T.);
#3852=ADVANCED_FACE('',(#3518),#3662,.T.);
#3853=ADVANCED_FACE('',(#3519),#3663,.T.);
#3854=ADVANCED_FACE('',(#3520),#3664,.T.);
#3855=ADVANCED_FACE('',(#3521),#3665,.T.);
#3856=ADVANCED_FACE('',(#3522),#3666,.T.);
#3857=ADVANCED_FACE('',(#3523),#3667,.T.);
#3858=ADVANCED_FACE('',(#3524),#3668,.T.);
#3859=ADVANCED_FACE('',(#3525),#3669,.T.);
#3860=ADVANCED_FACE('',(#3526),#3670,.T.);
#3861=ADVANCED_FACE('',(#3527),#3671,.T.);
#3862=ADVANCED_FACE('',(#3528),#3672,.T.);
#3863=ADVANCED_FACE('',(#3529),#3673,.T.);
#3864=ADVANCED_FACE('',(#3530),#3674,.T.);
#3865=ADVANCED_FACE('',(#3531),#3675,.T.);
#3866=ADVANCED_FACE('',(#3532),#3676,.T.);
#3867=ADVANCED_FACE('',(#3533),#3677,.T.);
#3868=ADVANCED_FACE('',(#3534),#3678,.T.);
#3869=ADVANCED_FACE('',(#3535),#3679,.T.);
#3870=ADVANCED_FACE('',(#3536),#3680,.T.);
#3871=ADVANCED_FACE('',(#3537),#3681,.T.);
#3872=ADVANCED_FACE('',(#3538),#3682,.T.);
#3873=ADVANCED_FACE('',(#3539),#3683,.T.);
#3874=ADVANCED_FACE('',(#3540,#3541,#3542,#3543,#3544,#3545,#3546,#3547,
#3548,#3549,#3550,#3551,#3552,#3553,#3554,#3555,#3556,#3557,#3558,#3559,
#3560,#3561,#3562,#3563),#3684,.T.);
#3875=ADVANCED_FACE('',(#3564,#3565,#3566,#3567,#3568,#3569,#3570,#3571,
#3572,#3573,#3574,#3575,#3576,#3577,#3578,#3579,#3580,#3581,#3582,#3583,
#3584,#3585,#3586,#3587),#3685,.F.);
#3876=CLOSED_SHELL('',(#3686,#3687,#3688,#3689,#3690,#3691,#3692,#3693,
#3694,#3695,#3696,#3697,#3698,#3699,#3700,#3701,#3702,#3703,#3704,#3705,
#3706,#3707,#3708,#3709,#3710,#3711,#3712,#3713,#3714,#3715,#3716,#3717,
#3718,#3719,#3720,#3721,#3722,#3723,#3724,#3725,#3726,#3727,#3728,#3729,
#3730,#3731,#3732,#3733,#3734,#3735,#3736,#3737,#3738,#3739,#3740,#3741,
#3742,#3743,#3744,#3745,#3746,#3747,#3748,#3749,#3750,#3751,#3752,#3753,
#3754,#3755,#3756,#3757,#3758,#3759,#3760,#3761,#3762,#3763,#3764,#3765,
#3766,#3767,#3768,#3769,#3770,#3771,#3772,#3773,#3774,#3775,#3776,#3777,
#3778,#3779,#3780,#3781,#3782,#3783,#3784,#3785,#3786,#3787,#3788,#3789,
#3790,#3791,#3792,#3793,#3794,#3795,#3796,#3797,#3798,#3799,#3800,#3801,
#3802,#3803,#3804,#3805,#3806,#3807,#3808,#3809,#3810,#3811,#3812,#3813,
#3814,#3815,#3816,#3817,#3818,#3819,#3820,#3821,#3822,#3823,#3824,#3825,
#3826,#3827,#3828,#3829,#3830,#3831,#3832,#3833,#3834,#3835,#3836,#3837,
#3838,#3839,#3840,#3841,#3842,#3843,#3844,#3845,#3846,#3847,#3848,#3849,
#3850,#3851,#3852,#3853,#3854,#3855,#3856,#3857,#3858,#3859,#3860,#3861,
#3862,#3863,#3864,#3865,#3866,#3867,#3868,#3869,#3870,#3871,#3872,#3873,
#3874,#3875));
#3877=STYLED_ITEM('',(#3878),#3885);
#3878=PRESENTATION_STYLE_ASSIGNMENT((#3879));
#3879=SURFACE_STYLE_USAGE(.BOTH.,#3880);
#3880=SURFACE_SIDE_STYLE('',(#3881));
#3881=SURFACE_STYLE_FILL_AREA(#3882);
#3882=FILL_AREA_STYLE('',(#3883));
#3883=FILL_AREA_STYLE_COLOUR('',#3884);
#3884=COLOUR_RGB('',0.615686274509804,0.811764705882353,0.929411764705882);
#3885=MANIFOLD_SOLID_BREP('Part 1',#3876);
#3886=SHAPE_DEFINITION_REPRESENTATION(#6530,#3887);
#3887=SHAPE_REPRESENTATION('Part 1',(#3888),#6525);
#3888=AXIS2_PLACEMENT_3D('',#5393,#4263,#4264);
#3889=AXIS2_PLACEMENT_3D('',#5394,#4265,#4266);
#3890=AXIS2_PLACEMENT_3D('',#5403,#4271,#4272);
#3891=AXIS2_PLACEMENT_3D('',#5409,#4276,#4277);
#3892=AXIS2_PLACEMENT_3D('',#5415,#4281,#4282);
#3893=AXIS2_PLACEMENT_3D('',#5416,#4283,#4284);
#3894=AXIS2_PLACEMENT_3D('',#5421,#4286,#4287);
#3895=AXIS2_PLACEMENT_3D('',#5424,#4289,#4290);
#3896=AXIS2_PLACEMENT_3D('',#5430,#4294,#4295);
#3897=AXIS2_PLACEMENT_3D('',#5431,#4296,#4297);
#3898=AXIS2_PLACEMENT_3D('',#5435,#4299,#4300);
#3899=AXIS2_PLACEMENT_3D('',#5436,#4301,#4302);
#3900=AXIS2_PLACEMENT_3D('',#5442,#4306,#4307);
#3901=AXIS2_PLACEMENT_3D('',#5443,#4308,#4309);
#3902=AXIS2_PLACEMENT_3D('',#5447,#4311,#4312);
#3903=AXIS2_PLACEMENT_3D('',#5448,#4313,#4314);
#3904=AXIS2_PLACEMENT_3D('',#5454,#4318,#4319);
#3905=AXIS2_PLACEMENT_3D('',#5455,#4320,#4321);
#3906=AXIS2_PLACEMENT_3D('',#5459,#4323,#4324);
#3907=AXIS2_PLACEMENT_3D('',#5460,#4325,#4326);
#3908=AXIS2_PLACEMENT_3D('',#5461,#4327,#4328);
#3909=AXIS2_PLACEMENT_3D('',#5466,#4330,#4331);
#3910=AXIS2_PLACEMENT_3D('',#5469,#4333,#4334);
#3911=AXIS2_PLACEMENT_3D('',#5475,#4338,#4339);
#3912=AXIS2_PLACEMENT_3D('',#5476,#4340,#4341);
#3913=AXIS2_PLACEMENT_3D('',#5480,#4343,#4344);
#3914=AXIS2_PLACEMENT_3D('',#5481,#4345,#4346);
#3915=AXIS2_PLACEMENT_3D('',#5487,#4350,#4351);
#3916=AXIS2_PLACEMENT_3D('',#5488,#4352,#4353);
#3917=AXIS2_PLACEMENT_3D('',#5492,#4355,#4356);
#3918=AXIS2_PLACEMENT_3D('',#5493,#4357,#4358);
#3919=AXIS2_PLACEMENT_3D('',#5499,#4362,#4363);
#3920=AXIS2_PLACEMENT_3D('',#5500,#4364,#4365);
#3921=AXIS2_PLACEMENT_3D('',#5504,#4367,#4368);
#3922=AXIS2_PLACEMENT_3D('',#5505,#4369,#4370);
#3923=AXIS2_PLACEMENT_3D('',#5506,#4371,#4372);
#3924=AXIS2_PLACEMENT_3D('',#5511,#4374,#4375);
#3925=AXIS2_PLACEMENT_3D('',#5514,#4377,#4378);
#3926=AXIS2_PLACEMENT_3D('',#5520,#4382,#4383);
#3927=AXIS2_PLACEMENT_3D('',#5521,#4384,#4385);
#3928=AXIS2_PLACEMENT_3D('',#5525,#4387,#4388);
#3929=AXIS2_PLACEMENT_3D('',#5526,#4389,#4390);
#3930=AXIS2_PLACEMENT_3D('',#5532,#4394,#4395);
#3931=AXIS2_PLACEMENT_3D('',#5533,#4396,#4397);
#3932=AXIS2_PLACEMENT_3D('',#5537,#4399,#4400);
#3933=AXIS2_PLACEMENT_3D('',#5538,#4401,#4402);
#3934=AXIS2_PLACEMENT_3D('',#5544,#4406,#4407);
#3935=AXIS2_PLACEMENT_3D('',#5545,#4408,#4409);
#3936=AXIS2_PLACEMENT_3D('',#5549,#4411,#4412);
#3937=AXIS2_PLACEMENT_3D('',#5550,#4413,#4414);
#3938=AXIS2_PLACEMENT_3D('',#5551,#4415,#4416);
#3939=AXIS2_PLACEMENT_3D('',#5556,#4418,#4419);
#3940=AXIS2_PLACEMENT_3D('',#5559,#4421,#4422);
#3941=AXIS2_PLACEMENT_3D('',#5565,#4426,#4427);
#3942=AXIS2_PLACEMENT_3D('',#5566,#4428,#4429);
#3943=AXIS2_PLACEMENT_3D('',#5570,#4431,#4432);
#3944=AXIS2_PLACEMENT_3D('',#5571,#4433,#4434);
#3945=AXIS2_PLACEMENT_3D('',#5577,#4438,#4439);
#3946=AXIS2_PLACEMENT_3D('',#5578,#4440,#4441);
#3947=AXIS2_PLACEMENT_3D('',#5582,#4443,#4444);
#3948=AXIS2_PLACEMENT_3D('',#5583,#4445,#4446);
#3949=AXIS2_PLACEMENT_3D('',#5589,#4450,#4451);
#3950=AXIS2_PLACEMENT_3D('',#5590,#4452,#4453);
#3951=AXIS2_PLACEMENT_3D('',#5594,#4455,#4456);
#3952=AXIS2_PLACEMENT_3D('',#5595,#4457,#4458);
#3953=AXIS2_PLACEMENT_3D('',#5596,#4459,#4460);
#3954=AXIS2_PLACEMENT_3D('',#5601,#4462,#4463);
#3955=AXIS2_PLACEMENT_3D('',#5604,#4465,#4466);
#3956=AXIS2_PLACEMENT_3D('',#5610,#4470,#4471);
#3957=AXIS2_PLACEMENT_3D('',#5611,#4472,#4473);
#3958=AXIS2_PLACEMENT_3D('',#5615,#4475,#4476);
#3959=AXIS2_PLACEMENT_3D('',#5616,#4477,#4478);
#3960=AXIS2_PLACEMENT_3D('',#5622,#4482,#4483);
#3961=AXIS2_PLACEMENT_3D('',#5623,#4484,#4485);
#3962=AXIS2_PLACEMENT_3D('',#5627,#4487,#4488);
#3963=AXIS2_PLACEMENT_3D('',#5628,#4489,#4490);
#3964=AXIS2_PLACEMENT_3D('',#5634,#4494,#4495);
#3965=AXIS2_PLACEMENT_3D('',#5635,#4496,#4497);
#3966=AXIS2_PLACEMENT_3D('',#5639,#4499,#4500);
#3967=AXIS2_PLACEMENT_3D('',#5640,#4501,#4502);
#3968=AXIS2_PLACEMENT_3D('',#5641,#4503,#4504);
#3969=AXIS2_PLACEMENT_3D('',#5646,#4506,#4507);
#3970=AXIS2_PLACEMENT_3D('',#5649,#4509,#4510);
#3971=AXIS2_PLACEMENT_3D('',#5655,#4514,#4515);
#3972=AXIS2_PLACEMENT_3D('',#5656,#4516,#4517);
#3973=AXIS2_PLACEMENT_3D('',#5660,#4519,#4520);
#3974=AXIS2_PLACEMENT_3D('',#5661,#4521,#4522);
#3975=AXIS2_PLACEMENT_3D('',#5667,#4526,#4527);
#3976=AXIS2_PLACEMENT_3D('',#5668,#4528,#4529);
#3977=AXIS2_PLACEMENT_3D('',#5672,#4531,#4532);
#3978=AXIS2_PLACEMENT_3D('',#5673,#4533,#4534);
#3979=AXIS2_PLACEMENT_3D('',#5679,#4538,#4539);
#3980=AXIS2_PLACEMENT_3D('',#5680,#4540,#4541);
#3981=AXIS2_PLACEMENT_3D('',#5684,#4543,#4544);
#3982=AXIS2_PLACEMENT_3D('',#5685,#4545,#4546);
#3983=AXIS2_PLACEMENT_3D('',#5686,#4547,#4548);
#3984=AXIS2_PLACEMENT_3D('',#5691,#4550,#4551);
#3985=AXIS2_PLACEMENT_3D('',#5694,#4553,#4554);
#3986=AXIS2_PLACEMENT_3D('',#5700,#4558,#4559);
#3987=AXIS2_PLACEMENT_3D('',#5701,#4560,#4561);
#3988=AXIS2_PLACEMENT_3D('',#5705,#4563,#4564);
#3989=AXIS2_PLACEMENT_3D('',#5706,#4565,#4566);
#3990=AXIS2_PLACEMENT_3D('',#5712,#4570,#4571);
#3991=AXIS2_PLACEMENT_3D('',#5713,#4572,#4573);
#3992=AXIS2_PLACEMENT_3D('',#5717,#4575,#4576);
#3993=AXIS2_PLACEMENT_3D('',#5718,#4577,#4578);
#3994=AXIS2_PLACEMENT_3D('',#5724,#4582,#4583);
#3995=AXIS2_PLACEMENT_3D('',#5725,#4584,#4585);
#3996=AXIS2_PLACEMENT_3D('',#5729,#4587,#4588);
#3997=AXIS2_PLACEMENT_3D('',#5730,#4589,#4590);
#3998=AXIS2_PLACEMENT_3D('',#5731,#4591,#4592);
#3999=AXIS2_PLACEMENT_3D('',#5736,#4594,#4595);
#4000=AXIS2_PLACEMENT_3D('',#5739,#4597,#4598);
#4001=AXIS2_PLACEMENT_3D('',#5745,#4602,#4603);
#4002=AXIS2_PLACEMENT_3D('',#5746,#4604,#4605);
#4003=AXIS2_PLACEMENT_3D('',#5750,#4607,#4608);
#4004=AXIS2_PLACEMENT_3D('',#5751,#4609,#4610);
#4005=AXIS2_PLACEMENT_3D('',#5757,#4614,#4615);
#4006=AXIS2_PLACEMENT_3D('',#5758,#4616,#4617);
#4007=AXIS2_PLACEMENT_3D('',#5762,#4619,#4620);
#4008=AXIS2_PLACEMENT_3D('',#5763,#4621,#4622);
#4009=AXIS2_PLACEMENT_3D('',#5769,#4626,#4627);
#4010=AXIS2_PLACEMENT_3D('',#5770,#4628,#4629);
#4011=AXIS2_PLACEMENT_3D('',#5774,#4631,#4632);
#4012=AXIS2_PLACEMENT_3D('',#5775,#4633,#4634);
#4013=AXIS2_PLACEMENT_3D('',#5776,#4635,#4636);
#4014=AXIS2_PLACEMENT_3D('',#5781,#4638,#4639);
#4015=AXIS2_PLACEMENT_3D('',#5784,#4641,#4642);
#4016=AXIS2_PLACEMENT_3D('',#5790,#4646,#4647);
#4017=AXIS2_PLACEMENT_3D('',#5791,#4648,#4649);
#4018=AXIS2_PLACEMENT_3D('',#5795,#4651,#4652);
#4019=AXIS2_PLACEMENT_3D('',#5796,#4653,#4654);
#4020=AXIS2_PLACEMENT_3D('',#5802,#4658,#4659);
#4021=AXIS2_PLACEMENT_3D('',#5803,#4660,#4661);
#4022=AXIS2_PLACEMENT_3D('',#5807,#4663,#4664);
#4023=AXIS2_PLACEMENT_3D('',#5808,#4665,#4666);
#4024=AXIS2_PLACEMENT_3D('',#5814,#4670,#4671);
#4025=AXIS2_PLACEMENT_3D('',#5815,#4672,#4673);
#4026=AXIS2_PLACEMENT_3D('',#5819,#4675,#4676);
#4027=AXIS2_PLACEMENT_3D('',#5820,#4677,#4678);
#4028=AXIS2_PLACEMENT_3D('',#5821,#4679,#4680);
#4029=AXIS2_PLACEMENT_3D('',#5826,#4682,#4683);
#4030=AXIS2_PLACEMENT_3D('',#5829,#4685,#4686);
#4031=AXIS2_PLACEMENT_3D('',#5835,#4690,#4691);
#4032=AXIS2_PLACEMENT_3D('',#5836,#4692,#4693);
#4033=AXIS2_PLACEMENT_3D('',#5840,#4695,#4696);
#4034=AXIS2_PLACEMENT_3D('',#5841,#4697,#4698);
#4035=AXIS2_PLACEMENT_3D('',#5847,#4702,#4703);
#4036=AXIS2_PLACEMENT_3D('',#5848,#4704,#4705);
#4037=AXIS2_PLACEMENT_3D('',#5852,#4707,#4708);
#4038=AXIS2_PLACEMENT_3D('',#5853,#4709,#4710);
#4039=AXIS2_PLACEMENT_3D('',#5859,#4714,#4715);
#4040=AXIS2_PLACEMENT_3D('',#5860,#4716,#4717);
#4041=AXIS2_PLACEMENT_3D('',#5864,#4719,#4720);
#4042=AXIS2_PLACEMENT_3D('',#5865,#4721,#4722);
#4043=AXIS2_PLACEMENT_3D('',#5866,#4723,#4724);
#4044=AXIS2_PLACEMENT_3D('',#5871,#4726,#4727);
#4045=AXIS2_PLACEMENT_3D('',#5874,#4729,#4730);
#4046=AXIS2_PLACEMENT_3D('',#5880,#4734,#4735);
#4047=AXIS2_PLACEMENT_3D('',#5881,#4736,#4737);
#4048=AXIS2_PLACEMENT_3D('',#5885,#4739,#4740);
#4049=AXIS2_PLACEMENT_3D('',#5886,#4741,#4742);
#4050=AXIS2_PLACEMENT_3D('',#5892,#4746,#4747);
#4051=AXIS2_PLACEMENT_3D('',#5893,#4748,#4749);
#4052=AXIS2_PLACEMENT_3D('',#5897,#4751,#4752);
#4053=AXIS2_PLACEMENT_3D('',#5898,#4753,#4754);
#4054=AXIS2_PLACEMENT_3D('',#5904,#4758,#4759);
#4055=AXIS2_PLACEMENT_3D('',#5905,#4760,#4761);
#4056=AXIS2_PLACEMENT_3D('',#5909,#4763,#4764);
#4057=AXIS2_PLACEMENT_3D('',#5910,#4765,#4766);
#4058=AXIS2_PLACEMENT_3D('',#5911,#4767,#4768);
#4059=AXIS2_PLACEMENT_3D('',#5916,#4770,#4771);
#4060=AXIS2_PLACEMENT_3D('',#5919,#4773,#4774);
#4061=AXIS2_PLACEMENT_3D('',#5925,#4778,#4779);
#4062=AXIS2_PLACEMENT_3D('',#5926,#4780,#4781);
#4063=AXIS2_PLACEMENT_3D('',#5930,#4783,#4784);
#4064=AXIS2_PLACEMENT_3D('',#5931,#4785,#4786);
#4065=AXIS2_PLACEMENT_3D('',#5937,#4790,#4791);
#4066=AXIS2_PLACEMENT_3D('',#5938,#4792,#4793);
#4067=AXIS2_PLACEMENT_3D('',#5942,#4795,#4796);
#4068=AXIS2_PLACEMENT_3D('',#5943,#4797,#4798);
#4069=AXIS2_PLACEMENT_3D('',#5949,#4802,#4803);
#4070=AXIS2_PLACEMENT_3D('',#5950,#4804,#4805);
#4071=AXIS2_PLACEMENT_3D('',#5954,#4807,#4808);
#4072=AXIS2_PLACEMENT_3D('',#5955,#4809,#4810);
#4073=AXIS2_PLACEMENT_3D('',#5956,#4811,#4812);
#4074=AXIS2_PLACEMENT_3D('',#5961,#4814,#4815);
#4075=AXIS2_PLACEMENT_3D('',#5964,#4817,#4818);
#4076=AXIS2_PLACEMENT_3D('',#5970,#4822,#4823);
#4077=AXIS2_PLACEMENT_3D('',#5971,#4824,#4825);
#4078=AXIS2_PLACEMENT_3D('',#5975,#4827,#4828);
#4079=AXIS2_PLACEMENT_3D('',#5976,#4829,#4830);
#4080=AXIS2_PLACEMENT_3D('',#5982,#4834,#4835);
#4081=AXIS2_PLACEMENT_3D('',#5983,#4836,#4837);
#4082=AXIS2_PLACEMENT_3D('',#5987,#4839,#4840);
#4083=AXIS2_PLACEMENT_3D('',#5988,#4841,#4842);
#4084=AXIS2_PLACEMENT_3D('',#5994,#4846,#4847);
#4085=AXIS2_PLACEMENT_3D('',#5995,#4848,#4849);
#4086=AXIS2_PLACEMENT_3D('',#5999,#4851,#4852);
#4087=AXIS2_PLACEMENT_3D('',#6000,#4853,#4854);
#4088=AXIS2_PLACEMENT_3D('',#6001,#4855,#4856);
#4089=AXIS2_PLACEMENT_3D('',#6006,#4858,#4859);
#4090=AXIS2_PLACEMENT_3D('',#6009,#4861,#4862);
#4091=AXIS2_PLACEMENT_3D('',#6015,#4866,#4867);
#4092=AXIS2_PLACEMENT_3D('',#6016,#4868,#4869);
#4093=AXIS2_PLACEMENT_3D('',#6020,#4871,#4872);
#4094=AXIS2_PLACEMENT_3D('',#6021,#4873,#4874);
#4095=AXIS2_PLACEMENT_3D('',#6027,#4878,#4879);
#4096=AXIS2_PLACEMENT_3D('',#6028,#4880,#4881);
#4097=AXIS2_PLACEMENT_3D('',#6032,#4883,#4884);
#4098=AXIS2_PLACEMENT_3D('',#6033,#4885,#4886);
#4099=AXIS2_PLACEMENT_3D('',#6039,#4890,#4891);
#4100=AXIS2_PLACEMENT_3D('',#6040,#4892,#4893);
#4101=AXIS2_PLACEMENT_3D('',#6044,#4895,#4896);
#4102=AXIS2_PLACEMENT_3D('',#6045,#4897,#4898);
#4103=AXIS2_PLACEMENT_3D('',#6046,#4899,#4900);
#4104=AXIS2_PLACEMENT_3D('',#6051,#4902,#4903);
#4105=AXIS2_PLACEMENT_3D('',#6054,#4905,#4906);
#4106=AXIS2_PLACEMENT_3D('',#6060,#4910,#4911);
#4107=AXIS2_PLACEMENT_3D('',#6061,#4912,#4913);
#4108=AXIS2_PLACEMENT_3D('',#6065,#4915,#4916);
#4109=AXIS2_PLACEMENT_3D('',#6066,#4917,#4918);
#4110=AXIS2_PLACEMENT_3D('',#6072,#4922,#4923);
#4111=AXIS2_PLACEMENT_3D('',#6073,#4924,#4925);
#4112=AXIS2_PLACEMENT_3D('',#6077,#4927,#4928);
#4113=AXIS2_PLACEMENT_3D('',#6078,#4929,#4930);
#4114=AXIS2_PLACEMENT_3D('',#6084,#4934,#4935);
#4115=AXIS2_PLACEMENT_3D('',#6085,#4936,#4937);
#4116=AXIS2_PLACEMENT_3D('',#6089,#4939,#4940);
#4117=AXIS2_PLACEMENT_3D('',#6090,#4941,#4942);
#4118=AXIS2_PLACEMENT_3D('',#6091,#4943,#4944);
#4119=AXIS2_PLACEMENT_3D('',#6096,#4946,#4947);
#4120=AXIS2_PLACEMENT_3D('',#6099,#4949,#4950);
#4121=AXIS2_PLACEMENT_3D('',#6105,#4954,#4955);
#4122=AXIS2_PLACEMENT_3D('',#6106,#4956,#4957);
#4123=AXIS2_PLACEMENT_3D('',#6110,#4959,#4960);
#4124=AXIS2_PLACEMENT_3D('',#6111,#4961,#4962);
#4125=AXIS2_PLACEMENT_3D('',#6117,#4966,#4967);
#4126=AXIS2_PLACEMENT_3D('',#6118,#4968,#4969);
#4127=AXIS2_PLACEMENT_3D('',#6122,#4971,#4972);
#4128=AXIS2_PLACEMENT_3D('',#6123,#4973,#4974);
#4129=AXIS2_PLACEMENT_3D('',#6129,#4978,#4979);
#4130=AXIS2_PLACEMENT_3D('',#6130,#4980,#4981);
#4131=AXIS2_PLACEMENT_3D('',#6134,#4983,#4984);
#4132=AXIS2_PLACEMENT_3D('',#6135,#4985,#4986);
#4133=AXIS2_PLACEMENT_3D('',#6136,#4987,#4988);
#4134=AXIS2_PLACEMENT_3D('',#6141,#4990,#4991);
#4135=AXIS2_PLACEMENT_3D('',#6144,#4993,#4994);
#4136=AXIS2_PLACEMENT_3D('',#6150,#4998,#4999);
#4137=AXIS2_PLACEMENT_3D('',#6151,#5000,#5001);
#4138=AXIS2_PLACEMENT_3D('',#6155,#5003,#5004);
#4139=AXIS2_PLACEMENT_3D('',#6156,#5005,#5006);
#4140=AXIS2_PLACEMENT_3D('',#6162,#5010,#5011);
#4141=AXIS2_PLACEMENT_3D('',#6163,#5012,#5013);
#4142=AXIS2_PLACEMENT_3D('',#6167,#5015,#5016);
#4143=AXIS2_PLACEMENT_3D('',#6168,#5017,#5018);
#4144=AXIS2_PLACEMENT_3D('',#6174,#5022,#5023);
#4145=AXIS2_PLACEMENT_3D('',#6175,#5024,#5025);
#4146=AXIS2_PLACEMENT_3D('',#6179,#5027,#5028);
#4147=AXIS2_PLACEMENT_3D('',#6180,#5029,#5030);
#4148=AXIS2_PLACEMENT_3D('',#6181,#5031,#5032);
#4149=AXIS2_PLACEMENT_3D('',#6186,#5034,#5035);
#4150=AXIS2_PLACEMENT_3D('',#6189,#5037,#5038);
#4151=AXIS2_PLACEMENT_3D('',#6195,#5042,#5043);
#4152=AXIS2_PLACEMENT_3D('',#6196,#5044,#5045);
#4153=AXIS2_PLACEMENT_3D('',#6200,#5047,#5048);
#4154=AXIS2_PLACEMENT_3D('',#6201,#5049,#5050);
#4155=AXIS2_PLACEMENT_3D('',#6207,#5054,#5055);
#4156=AXIS2_PLACEMENT_3D('',#6208,#5056,#5057);
#4157=AXIS2_PLACEMENT_3D('',#6212,#5059,#5060);
#4158=AXIS2_PLACEMENT_3D('',#6213,#5061,#5062);
#4159=AXIS2_PLACEMENT_3D('',#6219,#5066,#5067);
#4160=AXIS2_PLACEMENT_3D('',#6220,#5068,#5069);
#4161=AXIS2_PLACEMENT_3D('',#6224,#5071,#5072);
#4162=AXIS2_PLACEMENT_3D('',#6225,#5073,#5074);
#4163=AXIS2_PLACEMENT_3D('',#6226,#5075,#5076);
#4164=AXIS2_PLACEMENT_3D('',#6231,#5078,#5079);
#4165=AXIS2_PLACEMENT_3D('',#6234,#5081,#5082);
#4166=AXIS2_PLACEMENT_3D('',#6240,#5086,#5087);
#4167=AXIS2_PLACEMENT_3D('',#6241,#5088,#5089);
#4168=AXIS2_PLACEMENT_3D('',#6245,#5091,#5092);
#4169=AXIS2_PLACEMENT_3D('',#6246,#5093,#5094);
#4170=AXIS2_PLACEMENT_3D('',#6252,#5098,#5099);
#4171=AXIS2_PLACEMENT_3D('',#6253,#5100,#5101);
#4172=AXIS2_PLACEMENT_3D('',#6257,#5103,#5104);
#4173=AXIS2_PLACEMENT_3D('',#6258,#5105,#5106);
#4174=AXIS2_PLACEMENT_3D('',#6264,#5110,#5111);
#4175=AXIS2_PLACEMENT_3D('',#6265,#5112,#5113);
#4176=AXIS2_PLACEMENT_3D('',#6269,#5115,#5116);
#4177=AXIS2_PLACEMENT_3D('',#6270,#5117,#5118);
#4178=AXIS2_PLACEMENT_3D('',#6271,#5119,#5120);
#4179=AXIS2_PLACEMENT_3D('',#6276,#5122,#5123);
#4180=AXIS2_PLACEMENT_3D('',#6279,#5125,#5126);
#4181=AXIS2_PLACEMENT_3D('',#6285,#5130,#5131);
#4182=AXIS2_PLACEMENT_3D('',#6286,#5132,#5133);
#4183=AXIS2_PLACEMENT_3D('',#6290,#5135,#5136);
#4184=AXIS2_PLACEMENT_3D('',#6291,#5137,#5138);
#4185=AXIS2_PLACEMENT_3D('',#6297,#5142,#5143);
#4186=AXIS2_PLACEMENT_3D('',#6298,#5144,#5145);
#4187=AXIS2_PLACEMENT_3D('',#6302,#5147,#5148);
#4188=AXIS2_PLACEMENT_3D('',#6303,#5149,#5150);
#4189=AXIS2_PLACEMENT_3D('',#6309,#5154,#5155);
#4190=AXIS2_PLACEMENT_3D('',#6310,#5156,#5157);
#4191=AXIS2_PLACEMENT_3D('',#6314,#5159,#5160);
#4192=AXIS2_PLACEMENT_3D('',#6315,#5161,#5162);
#4193=AXIS2_PLACEMENT_3D('',#6316,#5163,#5164);
#4194=AXIS2_PLACEMENT_3D('',#6321,#5166,#5167);
#4195=AXIS2_PLACEMENT_3D('',#6324,#5169,#5170);
#4196=AXIS2_PLACEMENT_3D('',#6330,#5174,#5175);
#4197=AXIS2_PLACEMENT_3D('',#6331,#5176,#5177);
#4198=AXIS2_PLACEMENT_3D('',#6335,#5179,#5180);
#4199=AXIS2_PLACEMENT_3D('',#6336,#5181,#5182);
#4200=AXIS2_PLACEMENT_3D('',#6342,#5186,#5187);
#4201=AXIS2_PLACEMENT_3D('',#6343,#5188,#5189);
#4202=AXIS2_PLACEMENT_3D('',#6347,#5191,#5192);
#4203=AXIS2_PLACEMENT_3D('',#6348,#5193,#5194);
#4204=AXIS2_PLACEMENT_3D('',#6354,#5198,#5199);
#4205=AXIS2_PLACEMENT_3D('',#6355,#5200,#5201);
#4206=AXIS2_PLACEMENT_3D('',#6359,#5203,#5204);
#4207=AXIS2_PLACEMENT_3D('',#6360,#5205,#5206);
#4208=AXIS2_PLACEMENT_3D('',#6361,#5207,#5208);
#4209=AXIS2_PLACEMENT_3D('',#6366,#5210,#5211);
#4210=AXIS2_PLACEMENT_3D('',#6369,#5213,#5214);
#4211=AXIS2_PLACEMENT_3D('',#6375,#5218,#5219);
#4212=AXIS2_PLACEMENT_3D('',#6376,#5220,#5221);
#4213=AXIS2_PLACEMENT_3D('',#6380,#5223,#5224);
#4214=AXIS2_PLACEMENT_3D('',#6381,#5225,#5226);
#4215=AXIS2_PLACEMENT_3D('',#6387,#5230,#5231);
#4216=AXIS2_PLACEMENT_3D('',#6388,#5232,#5233);
#4217=AXIS2_PLACEMENT_3D('',#6392,#5235,#5236);
#4218=AXIS2_PLACEMENT_3D('',#6393,#5237,#5238);
#4219=AXIS2_PLACEMENT_3D('',#6399,#5242,#5243);
#4220=AXIS2_PLACEMENT_3D('',#6400,#5244,#5245);
#4221=AXIS2_PLACEMENT_3D('',#6404,#5247,#5248);
#4222=AXIS2_PLACEMENT_3D('',#6405,#5249,#5250);
#4223=AXIS2_PLACEMENT_3D('',#6406,#5251,#5252);
#4224=AXIS2_PLACEMENT_3D('',#6411,#5254,#5255);
#4225=AXIS2_PLACEMENT_3D('',#6414,#5257,#5258);
#4226=AXIS2_PLACEMENT_3D('',#6420,#5262,#5263);
#4227=AXIS2_PLACEMENT_3D('',#6421,#5264,#5265);
#4228=AXIS2_PLACEMENT_3D('',#6425,#5267,#5268);
#4229=AXIS2_PLACEMENT_3D('',#6426,#5269,#5270);
#4230=AXIS2_PLACEMENT_3D('',#6432,#5274,#5275);
#4231=AXIS2_PLACEMENT_3D('',#6433,#5276,#5277);
#4232=AXIS2_PLACEMENT_3D('',#6437,#5279,#5280);
#4233=AXIS2_PLACEMENT_3D('',#6438,#5281,#5282);
#4234=AXIS2_PLACEMENT_3D('',#6444,#5286,#5287);
#4235=AXIS2_PLACEMENT_3D('',#6445,#5288,#5289);
#4236=AXIS2_PLACEMENT_3D('',#6449,#5291,#5292);
#4237=AXIS2_PLACEMENT_3D('',#6450,#5293,#5294);
#4238=AXIS2_PLACEMENT_3D('',#6453,#5297,#5298);
#4239=AXIS2_PLACEMENT_3D('',#6456,#5301,#5302);
#4240=AXIS2_PLACEMENT_3D('',#6459,#5305,#5306);
#4241=AXIS2_PLACEMENT_3D('',#6462,#5309,#5310);
#4242=AXIS2_PLACEMENT_3D('',#6465,#5313,#5314);
#4243=AXIS2_PLACEMENT_3D('',#6468,#5317,#5318);
#4244=AXIS2_PLACEMENT_3D('',#6471,#5321,#5322);
#4245=AXIS2_PLACEMENT_3D('',#6474,#5325,#5326);
#4246=AXIS2_PLACEMENT_3D('',#6477,#5329,#5330);
#4247=AXIS2_PLACEMENT_3D('',#6480,#5333,#5334);
#4248=AXIS2_PLACEMENT_3D('',#6483,#5337,#5338);
#4249=AXIS2_PLACEMENT_3D('',#6486,#5341,#5342);
#4250=AXIS2_PLACEMENT_3D('',#6489,#5345,#5346);
#4251=AXIS2_PLACEMENT_3D('',#6492,#5349,#5350);
#4252=AXIS2_PLACEMENT_3D('',#6495,#5353,#5354);
#4253=AXIS2_PLACEMENT_3D('',#6498,#5357,#5358);
#4254=AXIS2_PLACEMENT_3D('',#6501,#5361,#5362);
#4255=AXIS2_PLACEMENT_3D('',#6504,#5365,#5366);
#4256=AXIS2_PLACEMENT_3D('',#6507,#5369,#5370);
#4257=AXIS2_PLACEMENT_3D('',#6510,#5373,#5374);
#4258=AXIS2_PLACEMENT_3D('',#6513,#5377,#5378);
#4259=AXIS2_PLACEMENT_3D('',#6516,#5381,#5382);
#4260=AXIS2_PLACEMENT_3D('',#6519,#5385,#5386);
#4261=AXIS2_PLACEMENT_3D('',#6522,#5389,#5390);
#4262=AXIS2_PLACEMENT_3D('',#6523,#5391,#5392);
#4263=DIRECTION('',(0.,0.,1.));
#4264=DIRECTION('',(1.,0.,0.));
#4265=DIRECTION('',(-1.,0.,0.));
#4266=DIRECTION('',(0.,0.,1.));
#4267=DIRECTION('',(0.,1.,0.));
#4268=DIRECTION('',(0.,0.,-1.));
#4269=DIRECTION('',(0.,1.,0.));
#4270=DIRECTION('',(0.,0.,-1.));
#4271=DIRECTION('',(0.,1.,0.));
#4272=DIRECTION('',(0.,0.,1.));
#4273=DIRECTION('',(1.,0.,0.));
#4274=DIRECTION('',(0.,0.,-1.));
#4275=DIRECTION('',(1.,0.,0.));
#4276=DIRECTION('',(-1.,0.,0.));
#4277=DIRECTION('',(0.,0.,1.));
#4278=DIRECTION('',(0.,1.,0.));
#4279=DIRECTION('',(0.,0.,-1.));
#4280=DIRECTION('',(0.,1.,0.));
#4281=DIRECTION('',(0.,0.,-1.));
#4282=DIRECTION('',(-1.,0.,0.));
#4283=DIRECTION('',(0.,0.,1.));
#4284=DIRECTION('',(0.,1.,0.));
#4285=DIRECTION('',(0.,0.,-1.));
#4286=DIRECTION('',(0.,0.,1.));
#4287=DIRECTION('',(0.,1.,0.));
#4288=DIRECTION('',(0.,0.,-1.));
#4289=DIRECTION('',(0.,1.,0.));
#4290=DIRECTION('',(0.,0.,1.));
#4291=DIRECTION('',(1.,0.,0.));
#4292=DIRECTION('',(0.,0.,-1.));
#4293=DIRECTION('',(1.,0.,0.));
#4294=DIRECTION('',(0.,0.,-1.));
#4295=DIRECTION('',(-1.,0.,0.));
#4296=DIRECTION('',(0.,0.,1.));
#4297=DIRECTION('',(1.,0.,0.));
#4298=DIRECTION('',(0.,0.,-1.));
#4299=DIRECTION('',(0.,0.,1.));
#4300=DIRECTION('',(1.,0.,0.));
#4301=DIRECTION('',(1.,0.,0.));
#4302=DIRECTION('',(0.,0.,-1.));
#4303=DIRECTION('',(0.,-1.,0.));
#4304=DIRECTION('',(0.,0.,-1.));
#4305=DIRECTION('',(0.,-1.,0.));
#4306=DIRECTION('',(0.,0.,-1.));
#4307=DIRECTION('',(-1.,0.,0.));
#4308=DIRECTION('',(0.,0.,1.));
#4309=DIRECTION('',(0.,-1.,0.));
#4310=DIRECTION('',(0.,0.,-1.));
#4311=DIRECTION('',(0.,0.,1.));
#4312=DIRECTION('',(0.,-1.,0.));
#4313=DIRECTION('',(0.,1.,0.));
#4314=DIRECTION('',(0.,0.,1.));
#4315=DIRECTION('',(1.,0.,0.));
#4316=DIRECTION('',(0.,0.,-1.));
#4317=DIRECTION('',(1.,0.,0.));
#4318=DIRECTION('',(0.,0.,-1.));
#4319=DIRECTION('',(-1.,0.,0.));
#4320=DIRECTION('',(0.,0.,1.));
#4321=DIRECTION('',(-1.,0.,0.));
#4322=DIRECTION('',(0.,0.,-1.));
#4323=DIRECTION('',(0.,0.,1.));
#4324=DIRECTION('',(-1.,0.,0.));
#4325=DIRECTION('',(0.,0.,-1.));
#4326=DIRECTION('',(-1.,0.,0.));
#4327=DIRECTION('',(0.,0.,1.));
#4328=DIRECTION('',(0.,1.,0.));
#4329=DIRECTION('',(0.,0.,-1.));
#4330=DIRECTION('',(0.,0.,1.));
#4331=DIRECTION('',(0.,1.,0.));
#4332=DIRECTION('',(0.,0.,-1.));
#4333=DIRECTION('',(0.,1.,0.));
#4334=DIRECTION('',(0.,0.,1.));
#4335=DIRECTION('',(1.,0.,0.));
#4336=DIRECTION('',(0.,0.,-1.));
#4337=DIRECTION('',(1.,0.,0.));
#4338=DIRECTION('',(0.,0.,-1.));
#4339=DIRECTION('',(-1.,0.,0.));
#4340=DIRECTION('',(0.,0.,1.));
#4341=DIRECTION('',(1.,0.,0.));
#4342=DIRECTION('',(0.,0.,-1.));
#4343=DIRECTION('',(0.,0.,1.));
#4344=DIRECTION('',(1.,0.,0.));
#4345=DIRECTION('',(1.,0.,0.));
#4346=DIRECTION('',(0.,0.,-1.));
#4347=DIRECTION('',(0.,-1.,0.));
#4348=DIRECTION('',(0.,0.,-1.));
#4349=DIRECTION('',(0.,-1.,0.));
#4350=DIRECTION('',(0.,0.,-1.));
#4351=DIRECTION('',(-1.,0.,0.));
#4352=DIRECTION('',(0.,0.,1.));
#4353=DIRECTION('',(2.42861286636753E-14,-1.,0.));
#4354=DIRECTION('',(0.,0.,-1.));
#4355=DIRECTION('',(0.,0.,1.));
#4356=DIRECTION('',(2.42861286636753E-14,-1.,0.));
#4357=DIRECTION('',(0.,1.,0.));
#4358=DIRECTION('',(0.,0.,1.));
#4359=DIRECTION('',(1.,0.,0.));
#4360=DIRECTION('',(0.,0.,-1.));
#4361=DIRECTION('',(1.,0.,0.));
#4362=DIRECTION('',(0.,0.,-1.));
#4363=DIRECTION('',(-1.,0.,0.));
#4364=DIRECTION('',(0.,0.,1.));
#4365=DIRECTION('',(-1.,0.,0.));
#4366=DIRECTION('',(0.,0.,-1.));
#4367=DIRECTION('',(0.,0.,1.));
#4368=DIRECTION('',(-1.,0.,0.));
#4369=DIRECTION('',(0.,0.,-1.));
#4370=DIRECTION('',(-1.,0.,0.));
#4371=DIRECTION('',(0.,0.,1.));
#4372=DIRECTION('',(0.,1.,0.));
#4373=DIRECTION('',(0.,0.,-1.));
#4374=DIRECTION('',(0.,0.,1.));
#4375=DIRECTION('',(0.,1.,0.));
#4376=DIRECTION('',(0.,0.,-1.));
#4377=DIRECTION('',(0.,1.,0.));
#4378=DIRECTION('',(0.,0.,1.));
#4379=DIRECTION('',(1.,0.,0.));
#4380=DIRECTION('',(0.,0.,-1.));
#4381=DIRECTION('',(1.,0.,0.));
#4382=DIRECTION('',(0.,0.,-1.));
#4383=DIRECTION('',(-1.,0.,0.));
#4384=DIRECTION('',(0.,0.,1.));
#4385=DIRECTION('',(1.,0.,0.));
#4386=DIRECTION('',(0.,0.,-1.));
#4387=DIRECTION('',(0.,0.,1.));
#4388=DIRECTION('',(1.,0.,0.));
#4389=DIRECTION('',(1.,0.,0.));
#4390=DIRECTION('',(0.,0.,-1.));
#4391=DIRECTION('',(0.,-1.,0.));
#4392=DIRECTION('',(0.,0.,-1.));
#4393=DIRECTION('',(0.,-1.,0.));
#4394=DIRECTION('',(0.,0.,-1.));
#4395=DIRECTION('',(-1.,0.,0.));
#4396=DIRECTION('',(0.,0.,1.));
#4397=DIRECTION('',(2.08166817117217E-14,-1.,0.));
#4398=DIRECTION('',(0.,0.,-1.));
#4399=DIRECTION('',(0.,0.,1.));
#4400=DIRECTION('',(2.08166817117217E-14,-1.,0.));
#4401=DIRECTION('',(0.,1.,0.));
#4402=DIRECTION('',(0.,0.,1.));
#4403=DIRECTION('',(1.,0.,0.));
#4404=DIRECTION('',(0.,0.,-1.));
#4405=DIRECTION('',(1.,0.,0.));
#4406=DIRECTION('',(0.,0.,-1.));
#4407=DIRECTION('',(-1.,0.,0.));
#4408=DIRECTION('',(0.,0.,1.));
#4409=DIRECTION('',(-1.,0.,0.));
#4410=DIRECTION('',(0.,0.,-1.));
#4411=DIRECTION('',(0.,0.,1.));
#4412=DIRECTION('',(-1.,0.,0.));
#4413=DIRECTION('',(0.,0.,-1.));
#4414=DIRECTION('',(-1.,0.,0.));
#4415=DIRECTION('',(0.,0.,1.));
#4416=DIRECTION('',(0.,1.,0.));
#4417=DIRECTION('',(0.,0.,-1.));
#4418=DIRECTION('',(0.,0.,1.));
#4419=DIRECTION('',(0.,1.,0.));
#4420=DIRECTION('',(0.,0.,-1.));
#4421=DIRECTION('',(0.,1.,0.));
#4422=DIRECTION('',(0.,0.,1.));
#4423=DIRECTION('',(1.,0.,0.));
#4424=DIRECTION('',(0.,0.,-1.));
#4425=DIRECTION('',(1.,0.,0.));
#4426=DIRECTION('',(0.,0.,-1.));
#4427=DIRECTION('',(-1.,0.,0.));
#4428=DIRECTION('',(0.,0.,1.));
#4429=DIRECTION('',(1.,0.,0.));
#4430=DIRECTION('',(0.,0.,-1.));
#4431=DIRECTION('',(0.,0.,1.));
#4432=DIRECTION('',(1.,0.,0.));
#4433=DIRECTION('',(1.,0.,0.));
#4434=DIRECTION('',(0.,0.,-1.));
#4435=DIRECTION('',(0.,-1.,0.));
#4436=DIRECTION('',(0.,0.,-1.));
#4437=DIRECTION('',(0.,-1.,0.));
#4438=DIRECTION('',(0.,0.,-1.));
#4439=DIRECTION('',(-1.,0.,0.));
#4440=DIRECTION('',(0.,0.,1.));
#4441=DIRECTION('',(0.,-1.,0.));
#4442=DIRECTION('',(0.,0.,-1.));
#4443=DIRECTION('',(0.,0.,1.));
#4444=DIRECTION('',(0.,-1.,0.));
#4445=DIRECTION('',(0.,1.,0.));
#4446=DIRECTION('',(0.,0.,1.));
#4447=DIRECTION('',(1.,0.,0.));
#4448=DIRECTION('',(0.,0.,-1.));
#4449=DIRECTION('',(1.,0.,0.));
#4450=DIRECTION('',(0.,0.,-1.));
#4451=DIRECTION('',(-1.,0.,0.));
#4452=DIRECTION('',(0.,0.,1.));
#4453=DIRECTION('',(-1.,-1.38777878078144E-14,0.));
#4454=DIRECTION('',(0.,0.,-1.));
#4455=DIRECTION('',(0.,0.,1.));
#4456=DIRECTION('',(-1.,-1.38777878078144E-14,0.));
#4457=DIRECTION('',(0.,0.,-1.));
#4458=DIRECTION('',(-1.,0.,0.));
#4459=DIRECTION('',(0.,0.,1.));
#4460=DIRECTION('',(1.,0.,0.));
#4461=DIRECTION('',(0.,0.,-1.));
#4462=DIRECTION('',(0.,0.,1.));
#4463=DIRECTION('',(1.,0.,0.));
#4464=DIRECTION('',(0.,0.,-1.));
#4465=DIRECTION('',(1.,0.,0.));
#4466=DIRECTION('',(0.,0.,-1.));
#4467=DIRECTION('',(0.,-1.,0.));
#4468=DIRECTION('',(0.,0.,-1.));
#4469=DIRECTION('',(0.,-1.,0.));
#4470=DIRECTION('',(0.,0.,-1.));
#4471=DIRECTION('',(-1.,0.,0.));
#4472=DIRECTION('',(0.,0.,1.));
#4473=DIRECTION('',(0.,-1.,0.));
#4474=DIRECTION('',(0.,0.,-1.));
#4475=DIRECTION('',(0.,0.,1.));
#4476=DIRECTION('',(0.,-1.,0.));
#4477=DIRECTION('',(0.,-1.,0.));
#4478=DIRECTION('',(0.,0.,-1.));
#4479=DIRECTION('',(-1.,0.,0.));
#4480=DIRECTION('',(0.,0.,-1.));
#4481=DIRECTION('',(-1.,0.,0.));
#4482=DIRECTION('',(0.,0.,-1.));
#4483=DIRECTION('',(-1.,0.,0.));
#4484=DIRECTION('',(0.,0.,1.));
#4485=DIRECTION('',(-1.,0.,0.));
#4486=DIRECTION('',(0.,0.,-1.));
#4487=DIRECTION('',(0.,0.,1.));
#4488=DIRECTION('',(-1.,0.,0.));
#4489=DIRECTION('',(1.,0.,0.));
#4490=DIRECTION('',(0.,0.,-1.));
#4491=DIRECTION('',(0.,-1.,0.));
#4492=DIRECTION('',(0.,0.,-1.));
#4493=DIRECTION('',(0.,-1.,0.));
#4494=DIRECTION('',(0.,0.,-1.));
#4495=DIRECTION('',(-1.,0.,0.));
#4496=DIRECTION('',(0.,0.,1.));
#4497=DIRECTION('',(0.,1.,0.));
#4498=DIRECTION('',(0.,0.,-1.));
#4499=DIRECTION('',(0.,0.,1.));
#4500=DIRECTION('',(0.,1.,0.));
#4501=DIRECTION('',(0.,0.,-1.));
#4502=DIRECTION('',(-1.,0.,0.));
#4503=DIRECTION('',(0.,0.,1.));
#4504=DIRECTION('',(1.,0.,0.));
#4505=DIRECTION('',(0.,0.,-1.));
#4506=DIRECTION('',(0.,0.,1.));
#4507=DIRECTION('',(1.,0.,0.));
#4508=DIRECTION('',(0.,0.,-1.));
#4509=DIRECTION('',(1.,0.,0.));
#4510=DIRECTION('',(0.,0.,-1.));
#4511=DIRECTION('',(0.,-1.,0.));
#4512=DIRECTION('',(0.,0.,-1.));
#4513=DIRECTION('',(0.,-1.,0.));
#4514=DIRECTION('',(0.,0.,-1.));
#4515=DIRECTION('',(-1.,0.,0.));
#4516=DIRECTION('',(0.,0.,1.));
#4517=DIRECTION('',(0.,-1.,0.));
#4518=DIRECTION('',(0.,0.,-1.));
#4519=DIRECTION('',(0.,0.,1.));
#4520=DIRECTION('',(0.,-1.,0.));
#4521=DIRECTION('',(0.,-1.,0.));
#4522=DIRECTION('',(0.,0.,-1.));
#4523=DIRECTION('',(-1.,0.,0.));
#4524=DIRECTION('',(0.,0.,-1.));
#4525=DIRECTION('',(-1.,0.,0.));
#4526=DIRECTION('',(0.,0.,-1.));
#4527=DIRECTION('',(-1.,0.,0.));
#4528=DIRECTION('',(0.,0.,1.));
#4529=DIRECTION('',(-1.,0.,0.));
#4530=DIRECTION('',(0.,0.,-1.));
#4531=DIRECTION('',(0.,0.,1.));
#4532=DIRECTION('',(-1.,0.,0.));
#4533=DIRECTION('',(1.,0.,0.));
#4534=DIRECTION('',(0.,0.,-1.));
#4535=DIRECTION('',(0.,-1.,0.));
#4536=DIRECTION('',(0.,0.,-1.));
#4537=DIRECTION('',(0.,-1.,0.));
#4538=DIRECTION('',(0.,0.,-1.));
#4539=DIRECTION('',(-1.,0.,0.));
#4540=DIRECTION('',(0.,0.,1.));
#4541=DIRECTION('',(6.93889390390722E-15,1.,0.));
#4542=DIRECTION('',(0.,0.,-1.));
#4543=DIRECTION('',(0.,0.,1.));
#4544=DIRECTION('',(6.93889390390722E-15,1.,0.));
#4545=DIRECTION('',(0.,0.,-1.));
#4546=DIRECTION('',(-1.,0.,0.));
#4547=DIRECTION('',(0.,0.,1.));
#4548=DIRECTION('',(1.,0.,0.));
#4549=DIRECTION('',(0.,0.,-1.));
#4550=DIRECTION('',(0.,0.,1.));
#4551=DIRECTION('',(1.,0.,0.));
#4552=DIRECTION('',(0.,0.,-1.));
#4553=DIRECTION('',(1.,0.,0.));
#4554=DIRECTION('',(0.,0.,-1.));
#4555=DIRECTION('',(0.,-1.,0.));
#4556=DIRECTION('',(0.,0.,-1.));
#4557=DIRECTION('',(0.,-1.,0.));
#4558=DIRECTION('',(0.,0.,-1.));
#4559=DIRECTION('',(-1.,0.,0.));
#4560=DIRECTION('',(0.,0.,1.));
#4561=DIRECTION('',(0.,-1.,0.));
#4562=DIRECTION('',(0.,0.,-1.));
#4563=DIRECTION('',(0.,0.,1.));
#4564=DIRECTION('',(0.,-1.,0.));
#4565=DIRECTION('',(0.,-1.,0.));
#4566=DIRECTION('',(0.,0.,-1.));
#4567=DIRECTION('',(-1.,0.,0.));
#4568=DIRECTION('',(0.,0.,-1.));
#4569=DIRECTION('',(-1.,0.,0.));
#4570=DIRECTION('',(0.,0.,-1.));
#4571=DIRECTION('',(-1.,0.,0.));
#4572=DIRECTION('',(0.,0.,1.));
#4573=DIRECTION('',(-1.,0.,0.));
#4574=DIRECTION('',(0.,0.,-1.));
#4575=DIRECTION('',(0.,0.,1.));
#4576=DIRECTION('',(-1.,0.,0.));
#4577=DIRECTION('',(1.,0.,0.));
#4578=DIRECTION('',(0.,0.,-1.));
#4579=DIRECTION('',(0.,-1.,0.));
#4580=DIRECTION('',(0.,0.,-1.));
#4581=DIRECTION('',(0.,-1.,0.));
#4582=DIRECTION('',(0.,0.,-1.));
#4583=DIRECTION('',(-1.,0.,0.));
#4584=DIRECTION('',(0.,0.,1.));
#4585=DIRECTION('',(1.38777878078144E-14,1.,0.));
#4586=DIRECTION('',(0.,0.,-1.));
#4587=DIRECTION('',(0.,0.,1.));
#4588=DIRECTION('',(1.38777878078144E-14,1.,0.));
#4589=DIRECTION('',(0.,0.,-1.));
#4590=DIRECTION('',(-1.,0.,0.));
#4591=DIRECTION('',(0.,0.,1.));
#4592=DIRECTION('',(0.,1.,0.));
#4593=DIRECTION('',(0.,0.,-1.));
#4594=DIRECTION('',(0.,0.,1.));
#4595=DIRECTION('',(0.,1.,0.));
#4596=DIRECTION('',(0.,0.,-1.));
#4597=DIRECTION('',(0.,1.,0.));
#4598=DIRECTION('',(0.,0.,1.));
#4599=DIRECTION('',(1.,0.,0.));
#4600=DIRECTION('',(0.,0.,-1.));
#4601=DIRECTION('',(1.,0.,0.));
#4602=DIRECTION('',(0.,0.,-1.));
#4603=DIRECTION('',(-1.,0.,0.));
#4604=DIRECTION('',(0.,0.,1.));
#4605=DIRECTION('',(1.,0.,0.));
#4606=DIRECTION('',(0.,0.,-1.));
#4607=DIRECTION('',(0.,0.,1.));
#4608=DIRECTION('',(1.,0.,0.));
#4609=DIRECTION('',(1.,0.,0.));
#4610=DIRECTION('',(0.,0.,-1.));
#4611=DIRECTION('',(0.,-1.,0.));
#4612=DIRECTION('',(0.,0.,-1.));
#4613=DIRECTION('',(0.,-1.,0.));
#4614=DIRECTION('',(0.,0.,-1.));
#4615=DIRECTION('',(-1.,0.,0.));
#4616=DIRECTION('',(0.,0.,1.));
#4617=DIRECTION('',(0.,-1.,0.));
#4618=DIRECTION('',(0.,0.,-1.));
#4619=DIRECTION('',(0.,0.,1.));
#4620=DIRECTION('',(0.,-1.,0.));
#4621=DIRECTION('',(0.,1.,0.));
#4622=DIRECTION('',(0.,0.,1.));
#4623=DIRECTION('',(1.,0.,0.));
#4624=DIRECTION('',(0.,0.,-1.));
#4625=DIRECTION('',(1.,0.,0.));
#4626=DIRECTION('',(0.,0.,-1.));
#4627=DIRECTION('',(-1.,0.,0.));
#4628=DIRECTION('',(0.,0.,1.));
#4629=DIRECTION('',(-1.,0.,0.));
#4630=DIRECTION('',(0.,0.,-1.));
#4631=DIRECTION('',(0.,0.,1.));
#4632=DIRECTION('',(-1.,0.,0.));
#4633=DIRECTION('',(0.,0.,-1.));
#4634=DIRECTION('',(-1.,0.,0.));
#4635=DIRECTION('',(0.,0.,1.));
#4636=DIRECTION('',(0.,1.,0.));
#4637=DIRECTION('',(0.,0.,-1.));
#4638=DIRECTION('',(0.,0.,1.));
#4639=DIRECTION('',(0.,1.,0.));
#4640=DIRECTION('',(0.,0.,-1.));
#4641=DIRECTION('',(0.,1.,0.));
#4642=DIRECTION('',(0.,0.,1.));
#4643=DIRECTION('',(1.,0.,0.));
#4644=DIRECTION('',(0.,0.,-1.));
#4645=DIRECTION('',(1.,0.,0.));
#4646=DIRECTION('',(0.,0.,-1.));
#4647=DIRECTION('',(-1.,0.,0.));
#4648=DIRECTION('',(0.,0.,1.));
#4649=DIRECTION('',(1.,0.,0.));
#4650=DIRECTION('',(0.,0.,-1.));
#4651=DIRECTION('',(0.,0.,1.));
#4652=DIRECTION('',(1.,0.,0.));
#4653=DIRECTION('',(1.,0.,0.));
#4654=DIRECTION('',(0.,0.,-1.));
#4655=DIRECTION('',(0.,-1.,0.));
#4656=DIRECTION('',(0.,0.,-1.));
#4657=DIRECTION('',(0.,-1.,0.));
#4658=DIRECTION('',(0.,0.,-1.));
#4659=DIRECTION('',(-1.,0.,0.));
#4660=DIRECTION('',(0.,0.,1.));
#4661=DIRECTION('',(0.,-1.,0.));
#4662=DIRECTION('',(0.,0.,-1.));
#4663=DIRECTION('',(0.,0.,1.));
#4664=DIRECTION('',(0.,-1.,0.));
#4665=DIRECTION('',(0.,1.,0.));
#4666=DIRECTION('',(0.,0.,1.));
#4667=DIRECTION('',(1.,0.,0.));
#4668=DIRECTION('',(0.,0.,-1.));
#4669=DIRECTION('',(1.,0.,0.));
#4670=DIRECTION('',(0.,0.,-1.));
#4671=DIRECTION('',(-1.,0.,0.));
#4672=DIRECTION('',(0.,0.,1.));
#4673=DIRECTION('',(-1.,0.,0.));
#4674=DIRECTION('',(0.,0.,-1.));
#4675=DIRECTION('',(0.,0.,1.));
#4676=DIRECTION('',(-1.,0.,0.));
#4677=DIRECTION('',(0.,0.,-1.));
#4678=DIRECTION('',(-1.,0.,0.));
#4679=DIRECTION('',(0.,0.,1.));
#4680=DIRECTION('',(0.,1.,0.));
#4681=DIRECTION('',(0.,0.,-1.));
#4682=DIRECTION('',(0.,0.,1.));
#4683=DIRECTION('',(0.,1.,0.));
#4684=DIRECTION('',(0.,0.,-1.));
#4685=DIRECTION('',(0.,1.,0.));
#4686=DIRECTION('',(0.,0.,1.));
#4687=DIRECTION('',(1.,0.,0.));
#4688=DIRECTION('',(0.,0.,-1.));
#4689=DIRECTION('',(1.,0.,0.));
#4690=DIRECTION('',(0.,0.,-1.));
#4691=DIRECTION('',(-1.,0.,0.));
#4692=DIRECTION('',(0.,0.,1.));
#4693=DIRECTION('',(1.,-1.04083408558608E-14,0.));
#4694=DIRECTION('',(0.,0.,-1.));
#4695=DIRECTION('',(0.,0.,1.));
#4696=DIRECTION('',(1.,-1.04083408558608E-14,0.));
#4697=DIRECTION('',(1.,0.,0.));
#4698=DIRECTION('',(0.,0.,-1.));
#4699=DIRECTION('',(0.,-1.,0.));
#4700=DIRECTION('',(0.,0.,-1.));
#4701=DIRECTION('',(0.,-1.,0.));
#4702=DIRECTION('',(0.,0.,-1.));
#4703=DIRECTION('',(-1.,0.,0.));
#4704=DIRECTION('',(0.,0.,1.));
#4705=DIRECTION('',(0.,-1.,0.));
#4706=DIRECTION('',(0.,0.,-1.));
#4707=DIRECTION('',(0.,0.,1.));
#4708=DIRECTION('',(0.,-1.,0.));
#4709=DIRECTION('',(0.,1.,0.));
#4710=DIRECTION('',(0.,0.,1.));
#4711=DIRECTION('',(1.,0.,0.));
#4712=DIRECTION('',(0.,0.,-1.));
#4713=DIRECTION('',(1.,0.,0.));
#4714=DIRECTION('',(0.,0.,-1.));
#4715=DIRECTION('',(-1.,0.,0.));
#4716=DIRECTION('',(0.,0.,1.));
#4717=DIRECTION('',(-1.,0.,0.));
#4718=DIRECTION('',(0.,0.,-1.));
#4719=DIRECTION('',(0.,0.,1.));
#4720=DIRECTION('',(-1.,0.,0.));
#4721=DIRECTION('',(0.,0.,-1.));
#4722=DIRECTION('',(-1.,0.,0.));
#4723=DIRECTION('',(0.,0.,1.));
#4724=DIRECTION('',(0.,1.,0.));
#4725=DIRECTION('',(0.,0.,-1.));
#4726=DIRECTION('',(0.,0.,1.));
#4727=DIRECTION('',(0.,1.,0.));
#4728=DIRECTION('',(0.,0.,-1.));
#4729=DIRECTION('',(0.,1.,0.));
#4730=DIRECTION('',(0.,0.,1.));
#4731=DIRECTION('',(1.,0.,0.));
#4732=DIRECTION('',(0.,0.,-1.));
#4733=DIRECTION('',(1.,0.,0.));
#4734=DIRECTION('',(0.,0.,-1.));
#4735=DIRECTION('',(-1.,0.,0.));
#4736=DIRECTION('',(0.,0.,1.));
#4737=DIRECTION('',(1.,0.,0.));
#4738=DIRECTION('',(0.,0.,-1.));
#4739=DIRECTION('',(0.,0.,1.));
#4740=DIRECTION('',(1.,0.,0.));
#4741=DIRECTION('',(1.,0.,0.));
#4742=DIRECTION('',(0.,0.,-1.));
#4743=DIRECTION('',(0.,-1.,0.));
#4744=DIRECTION('',(0.,0.,-1.));
#4745=DIRECTION('',(0.,-1.,0.));
#4746=DIRECTION('',(0.,0.,-1.));
#4747=DIRECTION('',(-1.,0.,0.));
#4748=DIRECTION('',(0.,0.,1.));
#4749=DIRECTION('',(0.,-1.,0.));
#4750=DIRECTION('',(0.,0.,-1.));
#4751=DIRECTION('',(0.,0.,1.));
#4752=DIRECTION('',(0.,-1.,0.));
#4753=DIRECTION('',(0.,1.,0.));
#4754=DIRECTION('',(0.,0.,1.));
#4755=DIRECTION('',(1.,0.,0.));
#4756=DIRECTION('',(0.,0.,-1.));
#4757=DIRECTION('',(1.,0.,0.));
#4758=DIRECTION('',(0.,0.,-1.));
#4759=DIRECTION('',(-1.,0.,0.));
#4760=DIRECTION('',(0.,0.,1.));
#4761=DIRECTION('',(-1.,0.,0.));
#4762=DIRECTION('',(0.,0.,-1.));
#4763=DIRECTION('',(0.,0.,1.));
#4764=DIRECTION('',(-1.,0.,0.));
#4765=DIRECTION('',(0.,0.,-1.));
#4766=DIRECTION('',(-1.,0.,0.));
#4767=DIRECTION('',(0.,0.,1.));
#4768=DIRECTION('',(0.,1.,0.));
#4769=DIRECTION('',(0.,0.,-1.));
#4770=DIRECTION('',(0.,0.,1.));
#4771=DIRECTION('',(0.,1.,0.));
#4772=DIRECTION('',(0.,0.,-1.));
#4773=DIRECTION('',(0.,1.,0.));
#4774=DIRECTION('',(0.,0.,1.));
#4775=DIRECTION('',(1.,0.,0.));
#4776=DIRECTION('',(0.,0.,-1.));
#4777=DIRECTION('',(1.,0.,0.));
#4778=DIRECTION('',(0.,0.,-1.));
#4779=DIRECTION('',(-1.,0.,0.));
#4780=DIRECTION('',(0.,0.,1.));
#4781=DIRECTION('',(1.,0.,0.));
#4782=DIRECTION('',(0.,0.,-1.));
#4783=DIRECTION('',(0.,0.,1.));
#4784=DIRECTION('',(1.,0.,0.));
#4785=DIRECTION('',(1.,0.,0.));
#4786=DIRECTION('',(0.,0.,-1.));
#4787=DIRECTION('',(0.,-1.,0.));
#4788=DIRECTION('',(0.,0.,-1.));
#4789=DIRECTION('',(0.,-1.,0.));
#4790=DIRECTION('',(0.,0.,-1.));
#4791=DIRECTION('',(-1.,0.,0.));
#4792=DIRECTION('',(0.,0.,1.));
#4793=DIRECTION('',(0.,-1.,0.));
#4794=DIRECTION('',(0.,0.,-1.));
#4795=DIRECTION('',(0.,0.,1.));
#4796=DIRECTION('',(0.,-1.,0.));
#4797=DIRECTION('',(0.,1.,0.));
#4798=DIRECTION('',(0.,0.,1.));
#4799=DIRECTION('',(1.,0.,0.));
#4800=DIRECTION('',(0.,0.,-1.));
#4801=DIRECTION('',(1.,0.,0.));
#4802=DIRECTION('',(0.,0.,-1.));
#4803=DIRECTION('',(-1.,0.,0.));
#4804=DIRECTION('',(0.,0.,1.));
#4805=DIRECTION('',(-1.,0.,0.));
#4806=DIRECTION('',(0.,0.,-1.));
#4807=DIRECTION('',(0.,0.,1.));
#4808=DIRECTION('',(-1.,0.,0.));
#4809=DIRECTION('',(0.,0.,-1.));
#4810=DIRECTION('',(-1.,0.,0.));
#4811=DIRECTION('',(0.,0.,1.));
#4812=DIRECTION('',(0.,1.,0.));
#4813=DIRECTION('',(0.,0.,-1.));
#4814=DIRECTION('',(0.,0.,1.));
#4815=DIRECTION('',(0.,1.,0.));
#4816=DIRECTION('',(0.,0.,-1.));
#4817=DIRECTION('',(0.,1.,0.));
#4818=DIRECTION('',(0.,0.,1.));
#4819=DIRECTION('',(1.,0.,0.));
#4820=DIRECTION('',(0.,0.,-1.));
#4821=DIRECTION('',(1.,0.,0.));
#4822=DIRECTION('',(0.,0.,-1.));
#4823=DIRECTION('',(-1.,0.,0.));
#4824=DIRECTION('',(0.,0.,1.));
#4825=DIRECTION('',(1.,-1.21430643318376E-14,0.));
#4826=DIRECTION('',(0.,0.,-1.));
#4827=DIRECTION('',(0.,0.,1.));
#4828=DIRECTION('',(1.,-1.21430643318376E-14,0.));
#4829=DIRECTION('',(1.,0.,0.));
#4830=DIRECTION('',(0.,0.,-1.));
#4831=DIRECTION('',(0.,-1.,0.));
#4832=DIRECTION('',(0.,0.,-1.));
#4833=DIRECTION('',(0.,-1.,0.));
#4834=DIRECTION('',(0.,0.,-1.));
#4835=DIRECTION('',(-1.,0.,0.));
#4836=DIRECTION('',(0.,0.,1.));
#4837=DIRECTION('',(0.,-1.,0.));
#4838=DIRECTION('',(0.,0.,-1.));
#4839=DIRECTION('',(0.,0.,1.));
#4840=DIRECTION('',(0.,-1.,0.));
#4841=DIRECTION('',(0.,1.,0.));
#4842=DIRECTION('',(0.,0.,1.));
#4843=DIRECTION('',(1.,0.,0.));
#4844=DIRECTION('',(0.,0.,-1.));
#4845=DIRECTION('',(1.,0.,0.));
#4846=DIRECTION('',(0.,0.,-1.));
#4847=DIRECTION('',(-1.,0.,0.));
#4848=DIRECTION('',(0.,0.,1.));
#4849=DIRECTION('',(-1.,0.,0.));
#4850=DIRECTION('',(0.,0.,-1.));
#4851=DIRECTION('',(0.,0.,1.));
#4852=DIRECTION('',(-1.,0.,0.));
#4853=DIRECTION('',(0.,0.,-1.));
#4854=DIRECTION('',(-1.,0.,0.));
#4855=DIRECTION('',(0.,0.,1.));
#4856=DIRECTION('',(1.,0.,0.));
#4857=DIRECTION('',(0.,0.,-1.));
#4858=DIRECTION('',(0.,0.,1.));
#4859=DIRECTION('',(1.,0.,0.));
#4860=DIRECTION('',(0.,0.,-1.));
#4861=DIRECTION('',(1.,0.,0.));
#4862=DIRECTION('',(0.,0.,-1.));
#4863=DIRECTION('',(0.,-1.,0.));
#4864=DIRECTION('',(0.,0.,-1.));
#4865=DIRECTION('',(0.,-1.,0.));
#4866=DIRECTION('',(0.,0.,-1.));
#4867=DIRECTION('',(-1.,0.,0.));
#4868=DIRECTION('',(0.,0.,1.));
#4869=DIRECTION('',(0.,-1.,0.));
#4870=DIRECTION('',(0.,0.,-1.));
#4871=DIRECTION('',(0.,0.,1.));
#4872=DIRECTION('',(0.,-1.,0.));
#4873=DIRECTION('',(0.,-1.,0.));
#4874=DIRECTION('',(0.,0.,-1.));
#4875=DIRECTION('',(-1.,0.,0.));
#4876=DIRECTION('',(0.,0.,-1.));
#4877=DIRECTION('',(-1.,0.,0.));
#4878=DIRECTION('',(0.,0.,-1.));
#4879=DIRECTION('',(-1.,0.,0.));
#4880=DIRECTION('',(0.,0.,1.));
#4881=DIRECTION('',(-1.,0.,0.));
#4882=DIRECTION('',(0.,0.,-1.));
#4883=DIRECTION('',(0.,0.,1.));
#4884=DIRECTION('',(-1.,0.,0.));
#4885=DIRECTION('',(1.,0.,0.));
#4886=DIRECTION('',(0.,0.,-1.));
#4887=DIRECTION('',(0.,-1.,0.));
#4888=DIRECTION('',(0.,0.,-1.));
#4889=DIRECTION('',(0.,-1.,0.));
#4890=DIRECTION('',(0.,0.,-1.));
#4891=DIRECTION('',(-1.,0.,0.));
#4892=DIRECTION('',(0.,0.,1.));
#4893=DIRECTION('',(0.,1.,0.));
#4894=DIRECTION('',(0.,0.,-1.));
#4895=DIRECTION('',(0.,0.,1.));
#4896=DIRECTION('',(0.,1.,0.));
#4897=DIRECTION('',(0.,0.,-1.));
#4898=DIRECTION('',(-1.,0.,0.));
#4899=DIRECTION('',(0.,0.,1.));
#4900=DIRECTION('',(1.,0.,0.));
#4901=DIRECTION('',(0.,0.,-1.));
#4902=DIRECTION('',(0.,0.,1.));
#4903=DIRECTION('',(1.,0.,0.));
#4904=DIRECTION('',(0.,0.,-1.));
#4905=DIRECTION('',(1.,0.,0.));
#4906=DIRECTION('',(0.,0.,-1.));
#4907=DIRECTION('',(0.,-1.,0.));
#4908=DIRECTION('',(0.,0.,-1.));
#4909=DIRECTION('',(0.,-1.,0.));
#4910=DIRECTION('',(0.,0.,-1.));
#4911=DIRECTION('',(-1.,0.,0.));
#4912=DIRECTION('',(0.,0.,1.));
#4913=DIRECTION('',(0.,-1.,0.));
#4914=DIRECTION('',(0.,0.,-1.));
#4915=DIRECTION('',(0.,0.,1.));
#4916=DIRECTION('',(0.,-1.,0.));
#4917=DIRECTION('',(0.,-1.,0.));
#4918=DIRECTION('',(0.,0.,-1.));
#4919=DIRECTION('',(-1.,0.,0.));
#4920=DIRECTION('',(0.,0.,-1.));
#4921=DIRECTION('',(-1.,0.,0.));
#4922=DIRECTION('',(0.,0.,-1.));
#4923=DIRECTION('',(-1.,0.,0.));
#4924=DIRECTION('',(0.,0.,1.));
#4925=DIRECTION('',(-1.,0.,0.));
#4926=DIRECTION('',(0.,0.,-1.));
#4927=DIRECTION('',(0.,0.,1.));
#4928=DIRECTION('',(-1.,0.,0.));
#4929=DIRECTION('',(1.,0.,0.));
#4930=DIRECTION('',(0.,0.,-1.));
#4931=DIRECTION('',(0.,-1.,0.));
#4932=DIRECTION('',(0.,0.,-1.));
#4933=DIRECTION('',(0.,-1.,0.));
#4934=DIRECTION('',(0.,0.,-1.));
#4935=DIRECTION('',(-1.,0.,0.));
#4936=DIRECTION('',(0.,0.,1.));
#4937=DIRECTION('',(-1.38777878078144E-14,1.,0.));
#4938=DIRECTION('',(0.,0.,-1.));
#4939=DIRECTION('',(0.,0.,1.));
#4940=DIRECTION('',(-1.38777878078144E-14,1.,0.));
#4941=DIRECTION('',(0.,0.,-1.));
#4942=DIRECTION('',(-1.,0.,0.));
#4943=DIRECTION('',(0.,0.,1.));
#4944=DIRECTION('',(1.,0.,0.));
#4945=DIRECTION('',(0.,0.,-1.));
#4946=DIRECTION('',(0.,0.,1.));
#4947=DIRECTION('',(1.,0.,0.));
#4948=DIRECTION('',(0.,0.,-1.));
#4949=DIRECTION('',(1.,0.,0.));
#4950=DIRECTION('',(0.,0.,-1.));
#4951=DIRECTION('',(0.,-1.,0.));
#4952=DIRECTION('',(0.,0.,-1.));
#4953=DIRECTION('',(0.,-1.,0.));
#4954=DIRECTION('',(0.,0.,-1.));
#4955=DIRECTION('',(-1.,0.,0.));
#4956=DIRECTION('',(0.,0.,1.));
#4957=DIRECTION('',(0.,-1.,0.));
#4958=DIRECTION('',(0.,0.,-1.));
#4959=DIRECTION('',(0.,0.,1.));
#4960=DIRECTION('',(0.,-1.,0.));
#4961=DIRECTION('',(0.,-1.,0.));
#4962=DIRECTION('',(0.,0.,-1.));
#4963=DIRECTION('',(-1.,0.,0.));
#4964=DIRECTION('',(0.,0.,-1.));
#4965=DIRECTION('',(-1.,0.,0.));
#4966=DIRECTION('',(0.,0.,-1.));
#4967=DIRECTION('',(-1.,0.,0.));
#4968=DIRECTION('',(0.,0.,1.));
#4969=DIRECTION('',(-1.,0.,0.));
#4970=DIRECTION('',(0.,0.,-1.));
#4971=DIRECTION('',(0.,0.,1.));
#4972=DIRECTION('',(-1.,0.,0.));
#4973=DIRECTION('',(1.,0.,0.));
#4974=DIRECTION('',(0.,0.,-1.));
#4975=DIRECTION('',(0.,-1.,0.));
#4976=DIRECTION('',(0.,0.,-1.));
#4977=DIRECTION('',(0.,-1.,0.));
#4978=DIRECTION('',(0.,0.,-1.));
#4979=DIRECTION('',(-1.,0.,0.));
#4980=DIRECTION('',(0.,0.,1.));
#4981=DIRECTION('',(0.,1.,0.));
#4982=DIRECTION('',(0.,0.,-1.));
#4983=DIRECTION('',(0.,0.,1.));
#4984=DIRECTION('',(0.,1.,0.));
#4985=DIRECTION('',(0.,0.,-1.));
#4986=DIRECTION('',(-1.,0.,0.));
#4987=DIRECTION('',(0.,0.,1.));
#4988=DIRECTION('',(-1.21430643318376E-14,1.,0.));
#4989=DIRECTION('',(0.,0.,-1.));
#4990=DIRECTION('',(0.,0.,1.));
#4991=DIRECTION('',(-1.21430643318376E-14,1.,0.));
#4992=DIRECTION('',(0.,0.,-1.));
#4993=DIRECTION('',(0.,1.,0.));
#4994=DIRECTION('',(0.,0.,1.));
#4995=DIRECTION('',(1.,0.,0.));
#4996=DIRECTION('',(0.,0.,-1.));
#4997=DIRECTION('',(1.,0.,0.));
#4998=DIRECTION('',(0.,0.,-1.));
#4999=DIRECTION('',(-1.,0.,0.));
#5000=DIRECTION('',(0.,0.,1.));
#5001=DIRECTION('',(1.,0.,0.));
#5002=DIRECTION('',(0.,0.,-1.));
#5003=DIRECTION('',(0.,0.,1.));
#5004=DIRECTION('',(1.,0.,0.));
#5005=DIRECTION('',(1.,0.,0.));
#5006=DIRECTION('',(0.,0.,-1.));
#5007=DIRECTION('',(0.,-1.,0.));
#5008=DIRECTION('',(0.,0.,-1.));
#5009=DIRECTION('',(0.,-1.,0.));
#5010=DIRECTION('',(0.,0.,-1.));
#5011=DIRECTION('',(-1.,0.,0.));
#5012=DIRECTION('',(0.,0.,1.));
#5013=DIRECTION('',(0.,-1.,0.));
#5014=DIRECTION('',(0.,0.,-1.));
#5015=DIRECTION('',(0.,0.,1.));
#5016=DIRECTION('',(0.,-1.,0.));
#5017=DIRECTION('',(0.,1.,0.));
#5018=DIRECTION('',(0.,0.,1.));
#5019=DIRECTION('',(1.,0.,0.));
#5020=DIRECTION('',(0.,0.,-1.));
#5021=DIRECTION('',(1.,0.,0.));
#5022=DIRECTION('',(0.,0.,-1.));
#5023=DIRECTION('',(-1.,0.,0.));
#5024=DIRECTION('',(0.,0.,1.));
#5025=DIRECTION('',(-1.,0.,0.));
#5026=DIRECTION('',(0.,0.,-1.));
#5027=DIRECTION('',(0.,0.,1.));
#5028=DIRECTION('',(-1.,0.,0.));
#5029=DIRECTION('',(0.,0.,-1.));
#5030=DIRECTION('',(-1.,0.,0.));
#5031=DIRECTION('',(0.,0.,1.));
#5032=DIRECTION('',(-1.38777878078144E-14,1.,0.));
#5033=DIRECTION('',(0.,0.,-1.));
#5034=DIRECTION('',(0.,0.,1.));
#5035=DIRECTION('',(-1.38777878078144E-14,1.,0.));
#5036=DIRECTION('',(0.,0.,-1.));
#5037=DIRECTION('',(0.,1.,0.));
#5038=DIRECTION('',(0.,0.,1.));
#5039=DIRECTION('',(1.,0.,0.));
#5040=DIRECTION('',(0.,0.,-1.));
#5041=DIRECTION('',(1.,0.,0.));
#5042=DIRECTION('',(0.,0.,-1.));
#5043=DIRECTION('',(-1.,0.,0.));
#5044=DIRECTION('',(0.,0.,1.));
#5045=DIRECTION('',(1.,0.,0.));
#5046=DIRECTION('',(0.,0.,-1.));
#5047=DIRECTION('',(0.,0.,1.));
#5048=DIRECTION('',(1.,0.,0.));
#5049=DIRECTION('',(1.,0.,0.));
#5050=DIRECTION('',(0.,0.,-1.));
#5051=DIRECTION('',(0.,-1.,0.));
#5052=DIRECTION('',(0.,0.,-1.));
#5053=DIRECTION('',(0.,-1.,0.));
#5054=DIRECTION('',(0.,0.,-1.));
#5055=DIRECTION('',(-1.,0.,0.));
#5056=DIRECTION('',(0.,0.,1.));
#5057=DIRECTION('',(0.,-1.,0.));
#5058=DIRECTION('',(0.,0.,-1.));
#5059=DIRECTION('',(0.,0.,1.));
#5060=DIRECTION('',(0.,-1.,0.));
#5061=DIRECTION('',(0.,1.,0.));
#5062=DIRECTION('',(0.,0.,1.));
#5063=DIRECTION('',(1.,0.,0.));
#5064=DIRECTION('',(0.,0.,-1.));
#5065=DIRECTION('',(1.,0.,0.));
#5066=DIRECTION('',(0.,0.,-1.));
#5067=DIRECTION('',(-1.,0.,0.));
#5068=DIRECTION('',(0.,0.,1.));
#5069=DIRECTION('',(-1.,0.,0.));
#5070=DIRECTION('',(0.,0.,-1.));
#5071=DIRECTION('',(0.,0.,1.));
#5072=DIRECTION('',(-1.,0.,0.));
#5073=DIRECTION('',(0.,0.,-1.));
#5074=DIRECTION('',(-1.,0.,0.));
#5075=DIRECTION('',(0.,0.,1.));
#5076=DIRECTION('',(-1.38777878078144E-14,1.,0.));
#5077=DIRECTION('',(0.,0.,-1.));
#5078=DIRECTION('',(0.,0.,1.));
#5079=DIRECTION('',(-1.38777878078144E-14,1.,0.));
#5080=DIRECTION('',(0.,0.,-1.));
#5081=DIRECTION('',(0.,1.,0.));
#5082=DIRECTION('',(0.,0.,1.));
#5083=DIRECTION('',(1.,0.,0.));
#5084=DIRECTION('',(0.,0.,-1.));
#5085=DIRECTION('',(1.,0.,0.));
#5086=DIRECTION('',(0.,0.,-1.));
#5087=DIRECTION('',(-1.,0.,0.));
#5088=DIRECTION('',(0.,0.,1.));
#5089=DIRECTION('',(1.,-1.38777878078142E-14,0.));
#5090=DIRECTION('',(0.,0.,-1.));
#5091=DIRECTION('',(0.,0.,1.));
#5092=DIRECTION('',(1.,-1.38777878078142E-14,0.));
#5093=DIRECTION('',(1.,0.,0.));
#5094=DIRECTION('',(0.,0.,-1.));
#5095=DIRECTION('',(0.,-1.,0.));
#5096=DIRECTION('',(0.,0.,-1.));
#5097=DIRECTION('',(0.,-1.,0.));
#5098=DIRECTION('',(0.,0.,-1.));
#5099=DIRECTION('',(-1.,0.,0.));
#5100=DIRECTION('',(0.,0.,1.));
#5101=DIRECTION('',(0.,-1.,0.));
#5102=DIRECTION('',(0.,0.,-1.));
#5103=DIRECTION('',(0.,0.,1.));
#5104=DIRECTION('',(0.,-1.,0.));
#5105=DIRECTION('',(0.,1.,0.));
#5106=DIRECTION('',(0.,0.,1.));
#5107=DIRECTION('',(1.,0.,0.));
#5108=DIRECTION('',(0.,0.,-1.));
#5109=DIRECTION('',(1.,0.,0.));
#5110=DIRECTION('',(0.,0.,-1.));
#5111=DIRECTION('',(-1.,0.,0.));
#5112=DIRECTION('',(0.,0.,1.));
#5113=DIRECTION('',(-1.,0.,0.));
#5114=DIRECTION('',(0.,0.,-1.));
#5115=DIRECTION('',(0.,0.,1.));
#5116=DIRECTION('',(-1.,0.,0.));
#5117=DIRECTION('',(0.,0.,-1.));
#5118=DIRECTION('',(-1.,0.,0.));
#5119=DIRECTION('',(0.,0.,1.));
#5120=DIRECTION('',(0.,1.,0.));
#5121=DIRECTION('',(0.,0.,-1.));
#5122=DIRECTION('',(0.,0.,1.));
#5123=DIRECTION('',(0.,1.,0.));
#5124=DIRECTION('',(0.,0.,-1.));
#5125=DIRECTION('',(0.,1.,0.));
#5126=DIRECTION('',(0.,0.,1.));
#5127=DIRECTION('',(1.,0.,0.));
#5128=DIRECTION('',(0.,0.,-1.));
#5129=DIRECTION('',(1.,0.,0.));
#5130=DIRECTION('',(0.,0.,-1.));
#5131=DIRECTION('',(-1.,0.,0.));
#5132=DIRECTION('',(0.,0.,1.));
#5133=DIRECTION('',(1.,0.,0.));
#5134=DIRECTION('',(0.,0.,-1.));
#5135=DIRECTION('',(0.,0.,1.));
#5136=DIRECTION('',(1.,0.,0.));
#5137=DIRECTION('',(1.,0.,0.));
#5138=DIRECTION('',(0.,0.,-1.));
#5139=DIRECTION('',(0.,-1.,0.));
#5140=DIRECTION('',(0.,0.,-1.));
#5141=DIRECTION('',(0.,-1.,0.));
#5142=DIRECTION('',(0.,0.,-1.));
#5143=DIRECTION('',(-1.,0.,0.));
#5144=DIRECTION('',(0.,0.,1.));
#5145=DIRECTION('',(0.,-1.,0.));
#5146=DIRECTION('',(0.,0.,-1.));
#5147=DIRECTION('',(0.,0.,1.));
#5148=DIRECTION('',(0.,-1.,0.));
#5149=DIRECTION('',(0.,1.,0.));
#5150=DIRECTION('',(0.,0.,1.));
#5151=DIRECTION('',(1.,0.,0.));
#5152=DIRECTION('',(0.,0.,-1.));
#5153=DIRECTION('',(1.,0.,0.));
#5154=DIRECTION('',(0.,0.,-1.));
#5155=DIRECTION('',(-1.,0.,0.));
#5156=DIRECTION('',(0.,0.,1.));
#5157=DIRECTION('',(-1.,0.,0.));
#5158=DIRECTION('',(0.,0.,-1.));
#5159=DIRECTION('',(0.,0.,1.));
#5160=DIRECTION('',(-1.,0.,0.));
#5161=DIRECTION('',(0.,0.,-1.));
#5162=DIRECTION('',(-1.,0.,0.));
#5163=DIRECTION('',(0.,0.,1.));
#5164=DIRECTION('',(0.,1.,0.));
#5165=DIRECTION('',(0.,0.,-1.));
#5166=DIRECTION('',(0.,0.,1.));
#5167=DIRECTION('',(0.,1.,0.));
#5168=DIRECTION('',(0.,0.,-1.));
#5169=DIRECTION('',(0.,1.,0.));
#5170=DIRECTION('',(0.,0.,1.));
#5171=DIRECTION('',(1.,0.,0.));
#5172=DIRECTION('',(0.,0.,-1.));
#5173=DIRECTION('',(1.,0.,0.));
#5174=DIRECTION('',(0.,0.,-1.));
#5175=DIRECTION('',(-1.,0.,0.));
#5176=DIRECTION('',(0.,0.,1.));
#5177=DIRECTION('',(1.,0.,0.));
#5178=DIRECTION('',(0.,0.,-1.));
#5179=DIRECTION('',(0.,0.,1.));
#5180=DIRECTION('',(1.,0.,0.));
#5181=DIRECTION('',(1.,0.,0.));
#5182=DIRECTION('',(0.,0.,-1.));
#5183=DIRECTION('',(0.,-1.,0.));
#5184=DIRECTION('',(0.,0.,-1.));
#5185=DIRECTION('',(0.,-1.,0.));
#5186=DIRECTION('',(0.,0.,-1.));
#5187=DIRECTION('',(-1.,0.,0.));
#5188=DIRECTION('',(0.,0.,1.));
#5189=DIRECTION('',(0.,-1.,0.));
#5190=DIRECTION('',(0.,0.,-1.));
#5191=DIRECTION('',(0.,0.,1.));
#5192=DIRECTION('',(0.,-1.,0.));
#5193=DIRECTION('',(0.,1.,0.));
#5194=DIRECTION('',(0.,0.,1.));
#5195=DIRECTION('',(1.,0.,0.));
#5196=DIRECTION('',(0.,0.,-1.));
#5197=DIRECTION('',(1.,0.,0.));
#5198=DIRECTION('',(0.,0.,-1.));
#5199=DIRECTION('',(-1.,0.,0.));
#5200=DIRECTION('',(0.,0.,1.));
#5201=DIRECTION('',(-1.,0.,0.));
#5202=DIRECTION('',(0.,0.,-1.));
#5203=DIRECTION('',(0.,0.,1.));
#5204=DIRECTION('',(-1.,0.,0.));
#5205=DIRECTION('',(0.,0.,-1.));
#5206=DIRECTION('',(-1.,0.,0.));
#5207=DIRECTION('',(0.,0.,1.));
#5208=DIRECTION('',(0.,1.,0.));
#5209=DIRECTION('',(0.,0.,-1.));
#5210=DIRECTION('',(0.,0.,1.));
#5211=DIRECTION('',(0.,1.,0.));
#5212=DIRECTION('',(0.,0.,-1.));
#5213=DIRECTION('',(0.,1.,0.));
#5214=DIRECTION('',(0.,0.,1.));
#5215=DIRECTION('',(1.,0.,0.));
#5216=DIRECTION('',(0.,0.,-1.));
#5217=DIRECTION('',(1.,0.,0.));
#5218=DIRECTION('',(0.,0.,-1.));
#5219=DIRECTION('',(-1.,0.,0.));
#5220=DIRECTION('',(0.,0.,1.));
#5221=DIRECTION('',(1.,0.,0.));
#5222=DIRECTION('',(0.,0.,-1.));
#5223=DIRECTION('',(0.,0.,1.));
#5224=DIRECTION('',(1.,0.,0.));
#5225=DIRECTION('',(1.,0.,0.));
#5226=DIRECTION('',(0.,0.,-1.));
#5227=DIRECTION('',(0.,-1.,0.));
#5228=DIRECTION('',(0.,0.,-1.));
#5229=DIRECTION('',(0.,-1.,0.));
#5230=DIRECTION('',(0.,0.,-1.));
#5231=DIRECTION('',(-1.,0.,0.));
#5232=DIRECTION('',(0.,0.,1.));
#5233=DIRECTION('',(0.,-1.,0.));
#5234=DIRECTION('',(0.,0.,-1.));
#5235=DIRECTION('',(0.,0.,1.));
#5236=DIRECTION('',(0.,-1.,0.));
#5237=DIRECTION('',(0.,1.,0.));
#5238=DIRECTION('',(0.,0.,1.));
#5239=DIRECTION('',(1.,0.,0.));
#5240=DIRECTION('',(0.,0.,-1.));
#5241=DIRECTION('',(1.,0.,0.));
#5242=DIRECTION('',(0.,0.,-1.));
#5243=DIRECTION('',(-1.,0.,0.));
#5244=DIRECTION('',(0.,0.,1.));
#5245=DIRECTION('',(-1.,0.,0.));
#5246=DIRECTION('',(0.,0.,-1.));
#5247=DIRECTION('',(0.,0.,1.));
#5248=DIRECTION('',(-1.,0.,0.));
#5249=DIRECTION('',(0.,0.,-1.));
#5250=DIRECTION('',(-1.,0.,0.));
#5251=DIRECTION('',(0.,0.,1.));
#5252=DIRECTION('',(0.,1.,0.));
#5253=DIRECTION('',(0.,0.,-1.));
#5254=DIRECTION('',(0.,0.,1.));
#5255=DIRECTION('',(0.,1.,0.));
#5256=DIRECTION('',(0.,0.,-1.));
#5257=DIRECTION('',(0.,1.,0.));
#5258=DIRECTION('',(0.,0.,1.));
#5259=DIRECTION('',(1.,0.,0.));
#5260=DIRECTION('',(0.,0.,-1.));
#5261=DIRECTION('',(1.,0.,0.));
#5262=DIRECTION('',(0.,0.,-1.));
#5263=DIRECTION('',(-1.,0.,0.));
#5264=DIRECTION('',(0.,0.,1.));
#5265=DIRECTION('',(1.,-1.38777878078144E-14,0.));
#5266=DIRECTION('',(0.,0.,-1.));
#5267=DIRECTION('',(0.,0.,1.));
#5268=DIRECTION('',(1.,-1.38777878078144E-14,0.));
#5269=DIRECTION('',(1.,0.,0.));
#5270=DIRECTION('',(0.,0.,-1.));
#5271=DIRECTION('',(0.,-1.,0.));
#5272=DIRECTION('',(0.,0.,-1.));
#5273=DIRECTION('',(0.,-1.,0.));
#5274=DIRECTION('',(0.,0.,-1.));
#5275=DIRECTION('',(-1.,0.,0.));
#5276=DIRECTION('',(0.,0.,1.));
#5277=DIRECTION('',(0.,-1.,0.));
#5278=DIRECTION('',(0.,0.,-1.));
#5279=DIRECTION('',(0.,0.,1.));
#5280=DIRECTION('',(0.,-1.,0.));
#5281=DIRECTION('',(0.,1.,0.));
#5282=DIRECTION('',(0.,0.,1.));
#5283=DIRECTION('',(1.,0.,0.));
#5284=DIRECTION('',(0.,0.,-1.));
#5285=DIRECTION('',(1.,0.,0.));
#5286=DIRECTION('',(0.,0.,-1.));
#5287=DIRECTION('',(-1.,0.,0.));
#5288=DIRECTION('',(0.,0.,1.));
#5289=DIRECTION('',(-1.,0.,0.));
#5290=DIRECTION('',(0.,0.,-1.));
#5291=DIRECTION('',(0.,0.,1.));
#5292=DIRECTION('',(-1.,0.,0.));
#5293=DIRECTION('',(1.,0.,0.));
#5294=DIRECTION('',(0.,0.,-1.));
#5295=DIRECTION('',(0.,-1.,0.));
#5296=DIRECTION('',(0.,-1.,0.));
#5297=DIRECTION('',(1.,0.,0.));
#5298=DIRECTION('',(0.,0.,-1.));
#5299=DIRECTION('',(0.,-1.,0.));
#5300=DIRECTION('',(0.,-1.,0.));
#5301=DIRECTION('',(1.,0.,0.));
#5302=DIRECTION('',(0.,0.,-1.));
#5303=DIRECTION('',(0.,-1.,0.));
#5304=DIRECTION('',(0.,-1.,0.));
#5305=DIRECTION('',(1.,0.,0.));
#5306=DIRECTION('',(0.,0.,-1.));
#5307=DIRECTION('',(0.,-1.,0.));
#5308=DIRECTION('',(0.,-1.,0.));
#5309=DIRECTION('',(0.,-1.,0.));
#5310=DIRECTION('',(0.,0.,-1.));
#5311=DIRECTION('',(-1.,0.,0.));
#5312=DIRECTION('',(-1.,0.,0.));
#5313=DIRECTION('',(0.,-1.,0.));
#5314=DIRECTION('',(0.,0.,-1.));
#5315=DIRECTION('',(-1.,0.,0.));
#5316=DIRECTION('',(-1.,0.,0.));
#5317=DIRECTION('',(0.,-1.,0.));
#5318=DIRECTION('',(0.,0.,-1.));
#5319=DIRECTION('',(-1.,0.,0.));
#5320=DIRECTION('',(-1.,0.,0.));
#5321=DIRECTION('',(1.,0.,0.));
#5322=DIRECTION('',(0.,0.,-1.));
#5323=DIRECTION('',(0.,-1.,0.));
#5324=DIRECTION('',(0.,-1.,0.));
#5325=DIRECTION('',(1.,0.,0.));
#5326=DIRECTION('',(0.,0.,-1.));
#5327=DIRECTION('',(0.,-1.,0.));
#5328=DIRECTION('',(0.,-1.,0.));
#5329=DIRECTION('',(1.,0.,0.));
#5330=DIRECTION('',(0.,0.,-1.));
#5331=DIRECTION('',(0.,-1.,0.));
#5332=DIRECTION('',(0.,-1.,0.));
#5333=DIRECTION('',(1.,0.,0.));
#5334=DIRECTION('',(0.,0.,-1.));
#5335=DIRECTION('',(0.,-1.,0.));
#5336=DIRECTION('',(0.,-1.,0.));
#5337=DIRECTION('',(1.,0.,0.));
#5338=DIRECTION('',(0.,0.,-1.));
#5339=DIRECTION('',(0.,-1.,0.));
#5340=DIRECTION('',(0.,-1.,0.));
#5341=DIRECTION('',(1.,0.,0.));
#5342=DIRECTION('',(0.,0.,-1.));
#5343=DIRECTION('',(0.,-1.,0.));
#5344=DIRECTION('',(0.,-1.,0.));
#5345=DIRECTION('',(0.,-1.,0.));
#5346=DIRECTION('',(0.,0.,-1.));
#5347=DIRECTION('',(-1.,0.,0.));
#5348=DIRECTION('',(-1.,0.,0.));
#5349=DIRECTION('',(0.,-1.,0.));
#5350=DIRECTION('',(0.,0.,-1.));
#5351=DIRECTION('',(-1.,0.,0.));
#5352=DIRECTION('',(-1.,0.,0.));
#5353=DIRECTION('',(0.,-1.,0.));
#5354=DIRECTION('',(0.,0.,-1.));
#5355=DIRECTION('',(-1.,0.,0.));
#5356=DIRECTION('',(-1.,0.,0.));
#5357=DIRECTION('',(1.,0.,0.));
#5358=DIRECTION('',(0.,0.,-1.));
#5359=DIRECTION('',(0.,-1.,0.));
#5360=DIRECTION('',(0.,-1.,0.));
#5361=DIRECTION('',(1.,0.,0.));
#5362=DIRECTION('',(0.,0.,-1.));
#5363=DIRECTION('',(0.,-1.,0.));
#5364=DIRECTION('',(0.,-1.,0.));
#5365=DIRECTION('',(1.,0.,0.));
#5366=DIRECTION('',(0.,0.,-1.));
#5367=DIRECTION('',(0.,-1.,0.));
#5368=DIRECTION('',(0.,-1.,0.));
#5369=DIRECTION('',(1.,0.,0.));
#5370=DIRECTION('',(0.,0.,-1.));
#5371=DIRECTION('',(0.,-1.,0.));
#5372=DIRECTION('',(0.,-1.,0.));
#5373=DIRECTION('',(1.,0.,0.));
#5374=DIRECTION('',(0.,0.,-1.));
#5375=DIRECTION('',(0.,-1.,0.));
#5376=DIRECTION('',(0.,-1.,0.));
#5377=DIRECTION('',(1.,0.,0.));
#5378=DIRECTION('',(0.,0.,-1.));
#5379=DIRECTION('',(0.,-1.,0.));
#5380=DIRECTION('',(0.,-1.,0.));
#5381=DIRECTION('',(1.,0.,0.));
#5382=DIRECTION('',(0.,0.,-1.));
#5383=DIRECTION('',(0.,-1.,0.));
#5384=DIRECTION('',(0.,-1.,0.));
#5385=DIRECTION('',(0.,1.,0.));
#5386=DIRECTION('',(0.,0.,1.));
#5387=DIRECTION('',(1.,0.,0.));
#5388=DIRECTION('',(1.,0.,0.));
#5389=DIRECTION('',(0.,0.,1.));
#5390=DIRECTION('',(1.,0.,0.));
#5391=DIRECTION('',(0.,0.,1.));
#5392=DIRECTION('',(1.,0.,0.));
#5393=CARTESIAN_POINT('',(0.,0.,0.));
#5394=CARTESIAN_POINT('',(-0.0381,0.,0.003));
#5395=CARTESIAN_POINT('',(-0.0381,0.,0.));
#5396=CARTESIAN_POINT('',(-0.0381,-0.047625,0.));
#5397=CARTESIAN_POINT('',(-0.0381,0.047625,0.));
#5398=CARTESIAN_POINT('',(-0.0381,-0.047625,0.003));
#5399=CARTESIAN_POINT('',(-0.0381,-0.047625,0.003));
#5400=CARTESIAN_POINT('',(-0.0381,0.,0.003));
#5401=CARTESIAN_POINT('',(-0.0381,0.047625,0.003));
#5402=CARTESIAN_POINT('',(-0.0381,0.047625,0.003));
#5403=CARTESIAN_POINT('',(0.,-0.047625,0.003));
#5404=CARTESIAN_POINT('',(0.,-0.047625,0.));
#5405=CARTESIAN_POINT('',(0.0381,-0.047625,0.));
#5406=CARTESIAN_POINT('',(0.0381,-0.047625,0.003));
#5407=CARTESIAN_POINT('',(0.0381,-0.047625,0.003));
#5408=CARTESIAN_POINT('',(0.,-0.047625,0.003));
#5409=CARTESIAN_POINT('',(0.0381,0.,0.003));
#5410=CARTESIAN_POINT('',(0.0381,0.,0.));
#5411=CARTESIAN_POINT('',(0.0381,0.047625,0.));
#5412=CARTESIAN_POINT('',(0.0381,0.047625,0.003));
#5413=CARTESIAN_POINT('',(0.0381,0.047625,0.003));
#5414=CARTESIAN_POINT('',(0.0381,0.,0.003));
#5415=CARTESIAN_POINT('',(0.003025,-0.0316,0.003));
#5416=CARTESIAN_POINT('',(0.003025,-0.0316,0.));
#5417=CARTESIAN_POINT('',(0.003025,-0.0311,0.));
#5418=CARTESIAN_POINT('',(0.002525,-0.0316,0.));
#5419=CARTESIAN_POINT('',(0.003025,-0.0311,0.003));
#5420=CARTESIAN_POINT('',(0.003025,-0.0311,0.003));
#5421=CARTESIAN_POINT('',(0.003025,-0.0316,0.003));
#5422=CARTESIAN_POINT('',(0.002525,-0.0316,0.003));
#5423=CARTESIAN_POINT('',(0.002525,-0.0316,0.003));
#5424=CARTESIAN_POINT('',(0.009525,-0.0311,0.003));
#5425=CARTESIAN_POINT('',(0.009525,-0.0311,0.));
#5426=CARTESIAN_POINT('',(0.016025,-0.0311,0.));
#5427=CARTESIAN_POINT('',(0.016025,-0.0311,0.003));
#5428=CARTESIAN_POINT('',(0.016025,-0.0311,0.003));
#5429=CARTESIAN_POINT('',(0.009525,-0.0311,0.003));
#5430=CARTESIAN_POINT('',(0.016025,-0.0316,0.003));
#5431=CARTESIAN_POINT('',(0.016025,-0.0316,0.));
#5432=CARTESIAN_POINT('',(0.016525,-0.0316,0.));
#5433=CARTESIAN_POINT('',(0.016525,-0.0316,0.003));
#5434=CARTESIAN_POINT('',(0.016525,-0.0316,0.003));
#5435=CARTESIAN_POINT('',(0.016025,-0.0316,0.003));
#5436=CARTESIAN_POINT('',(0.016525,-0.0381,0.003));
#5437=CARTESIAN_POINT('',(0.016525,-0.0381,0.));
#5438=CARTESIAN_POINT('',(0.016525,-0.0446,0.));
#5439=CARTESIAN_POINT('',(0.016525,-0.0446,0.003));
#5440=CARTESIAN_POINT('',(0.016525,-0.0446,0.003));
#5441=CARTESIAN_POINT('',(0.016525,-0.0381,0.003));
#5442=CARTESIAN_POINT('',(0.016025,-0.0446,0.003));
#5443=CARTESIAN_POINT('',(0.016025,-0.0446,0.));
#5444=CARTESIAN_POINT('',(0.016025,-0.0451,0.));
#5445=CARTESIAN_POINT('',(0.016025,-0.0451,0.003));
#5446=CARTESIAN_POINT('',(0.016025,-0.0451,0.003));
#5447=CARTESIAN_POINT('',(0.016025,-0.0446,0.003));
#5448=CARTESIAN_POINT('',(0.009525,-0.0451,0.003));
#5449=CARTESIAN_POINT('',(0.009525,-0.0451,0.));
#5450=CARTESIAN_POINT('',(0.003025,-0.0451,0.));
#5451=CARTESIAN_POINT('',(0.003025,-0.0451,0.003));
#5452=CARTESIAN_POINT('',(0.003025,-0.0451,0.003));
#5453=CARTESIAN_POINT('',(0.009525,-0.0451,0.003));
#5454=CARTESIAN_POINT('',(0.003025,-0.0446,0.003));
#5455=CARTESIAN_POINT('',(0.003025,-0.0446,0.));
#5456=CARTESIAN_POINT('',(0.002525,-0.0446,0.));
#5457=CARTESIAN_POINT('',(0.002525,-0.0446,0.003));
#5458=CARTESIAN_POINT('',(0.002525,-0.0446,0.003));
#5459=CARTESIAN_POINT('',(0.003025,-0.0446,0.003));
#5460=CARTESIAN_POINT('',(-0.010112,-0.0326,0.003));
#5461=CARTESIAN_POINT('',(-0.010112,-0.0326,0.));
#5462=CARTESIAN_POINT('',(-0.010112,-0.0321,0.));
#5463=CARTESIAN_POINT('',(-0.010612,-0.0326,0.));
#5464=CARTESIAN_POINT('',(-0.010112,-0.0321,0.003));
#5465=CARTESIAN_POINT('',(-0.010112,-0.0321,0.003));
#5466=CARTESIAN_POINT('',(-0.010112,-0.0326,0.003));
#5467=CARTESIAN_POINT('',(-0.010612,-0.0326,0.003));
#5468=CARTESIAN_POINT('',(-0.010612,-0.0326,0.003));
#5469=CARTESIAN_POINT('',(-0.007112,-0.0321,0.003));
#5470=CARTESIAN_POINT('',(-0.007112,-0.0321,0.));
#5471=CARTESIAN_POINT('',(-0.004112,-0.0321,0.));
#5472=CARTESIAN_POINT('',(-0.004112,-0.0321,0.003));
#5473=CARTESIAN_POINT('',(-0.004112,-0.0321,0.003));
#5474=CARTESIAN_POINT('',(-0.007112,-0.0321,0.003));
#5475=CARTESIAN_POINT('',(-0.004112,-0.0326,0.003));
#5476=CARTESIAN_POINT('',(-0.004112,-0.0326,0.));
#5477=CARTESIAN_POINT('',(-0.003612,-0.0326,0.));
#5478=CARTESIAN_POINT('',(-0.003612,-0.0326,0.003));
#5479=CARTESIAN_POINT('',(-0.003612,-0.0326,0.003));
#5480=CARTESIAN_POINT('',(-0.004112,-0.0326,0.003));
#5481=CARTESIAN_POINT('',(-0.003612,-0.0396,0.003));
#5482=CARTESIAN_POINT('',(-0.003612,-0.0396,0.));
#5483=CARTESIAN_POINT('',(-0.003612,-0.0466,0.));
#5484=CARTESIAN_POINT('',(-0.003612,-0.0466,0.003));
#5485=CARTESIAN_POINT('',(-0.003612,-0.0466,0.003));
#5486=CARTESIAN_POINT('',(-0.003612,-0.0396,0.003));
#5487=CARTESIAN_POINT('',(-0.004112,-0.0466,0.003));
#5488=CARTESIAN_POINT('',(-0.004112,-0.0466,0.));
#5489=CARTESIAN_POINT('',(-0.004112,-0.0471,0.));
#5490=CARTESIAN_POINT('',(-0.004112,-0.0471,0.003));
#5491=CARTESIAN_POINT('',(-0.004112,-0.0471,0.003));
#5492=CARTESIAN_POINT('',(-0.004112,-0.0466,0.003));
#5493=CARTESIAN_POINT('',(-0.007112,-0.0471,0.003));
#5494=CARTESIAN_POINT('',(-0.007112,-0.0471,0.));
#5495=CARTESIAN_POINT('',(-0.010112,-0.0471,0.));
#5496=CARTESIAN_POINT('',(-0.010112,-0.0471,0.003));
#5497=CARTESIAN_POINT('',(-0.010112,-0.0471,0.003));
#5498=CARTESIAN_POINT('',(-0.007112,-0.0471,0.003));
#5499=CARTESIAN_POINT('',(-0.010112,-0.0466,0.003));
#5500=CARTESIAN_POINT('',(-0.010112,-0.0466,0.));
#5501=CARTESIAN_POINT('',(-0.010612,-0.0466,0.));
#5502=CARTESIAN_POINT('',(-0.010612,-0.0466,0.003));
#5503=CARTESIAN_POINT('',(-0.010612,-0.0466,0.003));
#5504=CARTESIAN_POINT('',(-0.010112,-0.0466,0.003));
#5505=CARTESIAN_POINT('',(-0.033988,-0.0326,0.003));
#5506=CARTESIAN_POINT('',(-0.033988,-0.0326,0.));
#5507=CARTESIAN_POINT('',(-0.033988,-0.0321,0.));
#5508=CARTESIAN_POINT('',(-0.034488,-0.0326,0.));
#5509=CARTESIAN_POINT('',(-0.033988,-0.0321,0.003));
#5510=CARTESIAN_POINT('',(-0.033988,-0.0321,0.003));
#5511=CARTESIAN_POINT('',(-0.033988,-0.0326,0.003));
#5512=CARTESIAN_POINT('',(-0.034488,-0.0326,0.003));
#5513=CARTESIAN_POINT('',(-0.034488,-0.0326,0.003));
#5514=CARTESIAN_POINT('',(-0.030988,-0.0321,0.003));
#5515=CARTESIAN_POINT('',(-0.030988,-0.0321,0.));
#5516=CARTESIAN_POINT('',(-0.027988,-0.0321,0.));
#5517=CARTESIAN_POINT('',(-0.027988,-0.0321,0.003));
#5518=CARTESIAN_POINT('',(-0.027988,-0.0321,0.003));
#5519=CARTESIAN_POINT('',(-0.030988,-0.0321,0.003));
#5520=CARTESIAN_POINT('',(-0.027988,-0.0326,0.003));
#5521=CARTESIAN_POINT('',(-0.027988,-0.0326,0.));
#5522=CARTESIAN_POINT('',(-0.027488,-0.0326,0.));
#5523=CARTESIAN_POINT('',(-0.027488,-0.0326,0.003));
#5524=CARTESIAN_POINT('',(-0.027488,-0.0326,0.003));
#5525=CARTESIAN_POINT('',(-0.027988,-0.0326,0.003));
#5526=CARTESIAN_POINT('',(-0.027488,-0.0396,0.003));
#5527=CARTESIAN_POINT('',(-0.027488,-0.0396,0.));
#5528=CARTESIAN_POINT('',(-0.027488,-0.0466,0.));
#5529=CARTESIAN_POINT('',(-0.027488,-0.0466,0.003));
#5530=CARTESIAN_POINT('',(-0.027488,-0.0466,0.003));
#5531=CARTESIAN_POINT('',(-0.027488,-0.0396,0.003));
#5532=CARTESIAN_POINT('',(-0.027988,-0.0466,0.003));
#5533=CARTESIAN_POINT('',(-0.027988,-0.0466,0.));
#5534=CARTESIAN_POINT('',(-0.027988,-0.0471,0.));
#5535=CARTESIAN_POINT('',(-0.027988,-0.0471,0.003));
#5536=CARTESIAN_POINT('',(-0.027988,-0.0471,0.003));
#5537=CARTESIAN_POINT('',(-0.027988,-0.0466,0.003));
#5538=CARTESIAN_POINT('',(-0.030988,-0.0471,0.003));
#5539=CARTESIAN_POINT('',(-0.030988,-0.0471,0.));
#5540=CARTESIAN_POINT('',(-0.033988,-0.0471,0.));
#5541=CARTESIAN_POINT('',(-0.033988,-0.0471,0.003));
#5542=CARTESIAN_POINT('',(-0.033988,-0.0471,0.003));
#5543=CARTESIAN_POINT('',(-0.030988,-0.0471,0.003));
#5544=CARTESIAN_POINT('',(-0.033988,-0.0466,0.003));
#5545=CARTESIAN_POINT('',(-0.033988,-0.0466,0.));
#5546=CARTESIAN_POINT('',(-0.034488,-0.0466,0.));
#5547=CARTESIAN_POINT('',(-0.034488,-0.0466,0.003));
#5548=CARTESIAN_POINT('',(-0.034488,-0.0466,0.003));
#5549=CARTESIAN_POINT('',(-0.033988,-0.0466,0.003));
#5550=CARTESIAN_POINT('',(-0.02555,-0.0316,0.003));
#5551=CARTESIAN_POINT('',(-0.02555,-0.0316,0.));
#5552=CARTESIAN_POINT('',(-0.02555,-0.0311,0.));
#5553=CARTESIAN_POINT('',(-0.02605,-0.0316,0.));
#5554=CARTESIAN_POINT('',(-0.02555,-0.0311,0.003));
#5555=CARTESIAN_POINT('',(-0.02555,-0.0311,0.003));
#5556=CARTESIAN_POINT('',(-0.02555,-0.0316,0.003));
#5557=CARTESIAN_POINT('',(-0.02605,-0.0316,0.003));
#5558=CARTESIAN_POINT('',(-0.02605,-0.0316,0.003));
#5559=CARTESIAN_POINT('',(-0.01905,-0.0311,0.003));
#5560=CARTESIAN_POINT('',(-0.01905,-0.0311,0.));
#5561=CARTESIAN_POINT('',(-0.01255,-0.0311,0.));
#5562=CARTESIAN_POINT('',(-0.01255,-0.0311,0.003));
#5563=CARTESIAN_POINT('',(-0.01255,-0.0311,0.003));
#5564=CARTESIAN_POINT('',(-0.01905,-0.0311,0.003));
#5565=CARTESIAN_POINT('',(-0.01255,-0.0316,0.003));
#5566=CARTESIAN_POINT('',(-0.01255,-0.0316,0.));
#5567=CARTESIAN_POINT('',(-0.01205,-0.0316,0.));
#5568=CARTESIAN_POINT('',(-0.01205,-0.0316,0.003));
#5569=CARTESIAN_POINT('',(-0.01205,-0.0316,0.003));
#5570=CARTESIAN_POINT('',(-0.01255,-0.0316,0.003));
#5571=CARTESIAN_POINT('',(-0.01205,-0.0381,0.003));
#5572=CARTESIAN_POINT('',(-0.01205,-0.0381,0.));
#5573=CARTESIAN_POINT('',(-0.01205,-0.0446,0.));
#5574=CARTESIAN_POINT('',(-0.01205,-0.0446,0.003));
#5575=CARTESIAN_POINT('',(-0.01205,-0.0446,0.003));
#5576=CARTESIAN_POINT('',(-0.01205,-0.0381,0.003));
#5577=CARTESIAN_POINT('',(-0.01255,-0.0446,0.003));
#5578=CARTESIAN_POINT('',(-0.01255,-0.0446,0.));
#5579=CARTESIAN_POINT('',(-0.01255,-0.0451,0.));
#5580=CARTESIAN_POINT('',(-0.01255,-0.0451,0.003));
#5581=CARTESIAN_POINT('',(-0.01255,-0.0451,0.003));
#5582=CARTESIAN_POINT('',(-0.01255,-0.0446,0.003));
#5583=CARTESIAN_POINT('',(-0.01905,-0.0451,0.003));
#5584=CARTESIAN_POINT('',(-0.01905,-0.0451,0.));
#5585=CARTESIAN_POINT('',(-0.02555,-0.0451,0.));
#5586=CARTESIAN_POINT('',(-0.02555,-0.0451,0.003));
#5587=CARTESIAN_POINT('',(-0.02555,-0.0451,0.003));
#5588=CARTESIAN_POINT('',(-0.01905,-0.0451,0.003));
#5589=CARTESIAN_POINT('',(-0.02555,-0.0446,0.003));
#5590=CARTESIAN_POINT('',(-0.02555,-0.0446,0.));
#5591=CARTESIAN_POINT('',(-0.02605,-0.0446,0.));
#5592=CARTESIAN_POINT('',(-0.02605,-0.0446,0.003));
#5593=CARTESIAN_POINT('',(-0.02605,-0.0446,0.003));
#5594=CARTESIAN_POINT('',(-0.02555,-0.0446,0.003));
#5595=CARTESIAN_POINT('',(0.034075,-0.037513,0.003));
#5596=CARTESIAN_POINT('',(0.034075,-0.037513,0.));
#5597=CARTESIAN_POINT('',(0.034575,-0.037513,0.));
#5598=CARTESIAN_POINT('',(0.034075,-0.037013,0.));
#5599=CARTESIAN_POINT('',(0.034575,-0.037513,0.003));
#5600=CARTESIAN_POINT('',(0.034575,-0.037513,0.003));
#5601=CARTESIAN_POINT('',(0.034075,-0.037513,0.003));
#5602=CARTESIAN_POINT('',(0.034075,-0.037013,0.003));
#5603=CARTESIAN_POINT('',(0.034075,-0.037013,0.003));
#5604=CARTESIAN_POINT('',(0.034575,-0.040513,0.003));
#5605=CARTESIAN_POINT('',(0.034575,-0.040513,0.));
#5606=CARTESIAN_POINT('',(0.034575,-0.043513,0.));
#5607=CARTESIAN_POINT('',(0.034575,-0.043513,0.003));
#5608=CARTESIAN_POINT('',(0.034575,-0.043513,0.003));
#5609=CARTESIAN_POINT('',(0.034575,-0.040513,0.003));
#5610=CARTESIAN_POINT('',(0.034075,-0.043513,0.003));
#5611=CARTESIAN_POINT('',(0.034075,-0.043513,0.));
#5612=CARTESIAN_POINT('',(0.034075,-0.044013,0.));
#5613=CARTESIAN_POINT('',(0.034075,-0.044013,0.003));
#5614=CARTESIAN_POINT('',(0.034075,-0.044013,0.003));
#5615=CARTESIAN_POINT('',(0.034075,-0.043513,0.003));
#5616=CARTESIAN_POINT('',(0.027075,-0.044013,0.003));
#5617=CARTESIAN_POINT('',(0.027075,-0.044013,0.));
#5618=CARTESIAN_POINT('',(0.020075,-0.044013,0.));
#5619=CARTESIAN_POINT('',(0.020075,-0.044013,0.003));
#5620=CARTESIAN_POINT('',(0.020075,-0.044013,0.003));
#5621=CARTESIAN_POINT('',(0.027075,-0.044013,0.003));
#5622=CARTESIAN_POINT('',(0.020075,-0.043513,0.003));
#5623=CARTESIAN_POINT('',(0.020075,-0.043513,0.));
#5624=CARTESIAN_POINT('',(0.019575,-0.043513,0.));
#5625=CARTESIAN_POINT('',(0.019575,-0.043513,0.003));
#5626=CARTESIAN_POINT('',(0.019575,-0.043513,0.003));
#5627=CARTESIAN_POINT('',(0.020075,-0.043513,0.003));
#5628=CARTESIAN_POINT('',(0.019575,-0.040513,0.003));
#5629=CARTESIAN_POINT('',(0.019575,-0.040513,0.));
#5630=CARTESIAN_POINT('',(0.019575,-0.037513,0.));
#5631=CARTESIAN_POINT('',(0.019575,-0.037513,0.003));
#5632=CARTESIAN_POINT('',(0.019575,-0.037513,0.003));
#5633=CARTESIAN_POINT('',(0.019575,-0.040513,0.003));
#5634=CARTESIAN_POINT('',(0.020075,-0.037513,0.003));
#5635=CARTESIAN_POINT('',(0.020075,-0.037513,0.));
#5636=CARTESIAN_POINT('',(0.020075,-0.037013,0.));
#5637=CARTESIAN_POINT('',(0.020075,-0.037013,0.003));
#5638=CARTESIAN_POINT('',(0.020075,-0.037013,0.003));
#5639=CARTESIAN_POINT('',(0.020075,-0.037513,0.003));
#5640=CARTESIAN_POINT('',(0.034075,-0.013637,0.003));
#5641=CARTESIAN_POINT('',(0.034075,-0.013637,0.));
#5642=CARTESIAN_POINT('',(0.034575,-0.013637,0.));
#5643=CARTESIAN_POINT('',(0.034075,-0.013137,0.));
#5644=CARTESIAN_POINT('',(0.034575,-0.013637,0.003));
#5645=CARTESIAN_POINT('',(0.034575,-0.013637,0.003));
#5646=CARTESIAN_POINT('',(0.034075,-0.013637,0.003));
#5647=CARTESIAN_POINT('',(0.034075,-0.013137,0.003));
#5648=CARTESIAN_POINT('',(0.034075,-0.013137,0.003));
#5649=CARTESIAN_POINT('',(0.034575,-0.016637,0.003));
#5650=CARTESIAN_POINT('',(0.034575,-0.016637,0.));
#5651=CARTESIAN_POINT('',(0.034575,-0.019637,0.));
#5652=CARTESIAN_POINT('',(0.034575,-0.019637,0.003));
#5653=CARTESIAN_POINT('',(0.034575,-0.019637,0.003));
#5654=CARTESIAN_POINT('',(0.034575,-0.016637,0.003));
#5655=CARTESIAN_POINT('',(0.034075,-0.019637,0.003));
#5656=CARTESIAN_POINT('',(0.034075,-0.019637,0.));
#5657=CARTESIAN_POINT('',(0.034075,-0.020137,0.));
#5658=CARTESIAN_POINT('',(0.034075,-0.020137,0.003));
#5659=CARTESIAN_POINT('',(0.034075,-0.020137,0.003));
#5660=CARTESIAN_POINT('',(0.034075,-0.019637,0.003));
#5661=CARTESIAN_POINT('',(0.027075,-0.020137,0.003));
#5662=CARTESIAN_POINT('',(0.027075,-0.020137,0.));
#5663=CARTESIAN_POINT('',(0.020075,-0.020137,0.));
#5664=CARTESIAN_POINT('',(0.020075,-0.020137,0.003));
#5665=CARTESIAN_POINT('',(0.020075,-0.020137,0.003));
#5666=CARTESIAN_POINT('',(0.027075,-0.020137,0.003));
#5667=CARTESIAN_POINT('',(0.020075,-0.019637,0.003));
#5668=CARTESIAN_POINT('',(0.020075,-0.019637,0.));
#5669=CARTESIAN_POINT('',(0.019575,-0.019637,0.));
#5670=CARTESIAN_POINT('',(0.019575,-0.019637,0.003));
#5671=CARTESIAN_POINT('',(0.019575,-0.019637,0.003));
#5672=CARTESIAN_POINT('',(0.020075,-0.019637,0.003));
#5673=CARTESIAN_POINT('',(0.019575,-0.016637,0.003));
#5674=CARTESIAN_POINT('',(0.019575,-0.016637,0.));
#5675=CARTESIAN_POINT('',(0.019575,-0.013637,0.));
#5676=CARTESIAN_POINT('',(0.019575,-0.013637,0.003));
#5677=CARTESIAN_POINT('',(0.019575,-0.013637,0.003));
#5678=CARTESIAN_POINT('',(0.019575,-0.016637,0.003));
#5679=CARTESIAN_POINT('',(0.020075,-0.013637,0.003));
#5680=CARTESIAN_POINT('',(0.020075,-0.013637,0.));
#5681=CARTESIAN_POINT('',(0.020075,-0.013137,0.));
#5682=CARTESIAN_POINT('',(0.020075,-0.013137,0.003));
#5683=CARTESIAN_POINT('',(0.020075,-0.013137,0.003));
#5684=CARTESIAN_POINT('',(0.020075,-0.013637,0.003));
#5685=CARTESIAN_POINT('',(0.035075,-0.022075,0.003));
#5686=CARTESIAN_POINT('',(0.035075,-0.022075,0.));
#5687=CARTESIAN_POINT('',(0.035575,-0.022075,0.));
#5688=CARTESIAN_POINT('',(0.035075,-0.021575,0.));
#5689=CARTESIAN_POINT('',(0.035575,-0.022075,0.003));
#5690=CARTESIAN_POINT('',(0.035575,-0.022075,0.003));
#5691=CARTESIAN_POINT('',(0.035075,-0.022075,0.003));
#5692=CARTESIAN_POINT('',(0.035075,-0.021575,0.003));
#5693=CARTESIAN_POINT('',(0.035075,-0.021575,0.003));
#5694=CARTESIAN_POINT('',(0.035575,-0.028575,0.003));
#5695=CARTESIAN_POINT('',(0.035575,-0.028575,0.));
#5696=CARTESIAN_POINT('',(0.035575,-0.035075,0.));
#5697=CARTESIAN_POINT('',(0.035575,-0.035075,0.003));
#5698=CARTESIAN_POINT('',(0.035575,-0.035075,0.003));
#5699=CARTESIAN_POINT('',(0.035575,-0.028575,0.003));
#5700=CARTESIAN_POINT('',(0.035075,-0.035075,0.003));
#5701=CARTESIAN_POINT('',(0.035075,-0.035075,0.));
#5702=CARTESIAN_POINT('',(0.035075,-0.035575,0.));
#5703=CARTESIAN_POINT('',(0.035075,-0.035575,0.003));
#5704=CARTESIAN_POINT('',(0.035075,-0.035575,0.003));
#5705=CARTESIAN_POINT('',(0.035075,-0.035075,0.003));
#5706=CARTESIAN_POINT('',(0.028575,-0.035575,0.003));
#5707=CARTESIAN_POINT('',(0.028575,-0.035575,0.));
#5708=CARTESIAN_POINT('',(0.022075,-0.035575,0.));
#5709=CARTESIAN_POINT('',(0.022075,-0.035575,0.003));
#5710=CARTESIAN_POINT('',(0.022075,-0.035575,0.003));
#5711=CARTESIAN_POINT('',(0.028575,-0.035575,0.003));
#5712=CARTESIAN_POINT('',(0.022075,-0.035075,0.003));
#5713=CARTESIAN_POINT('',(0.022075,-0.035075,0.));
#5714=CARTESIAN_POINT('',(0.021575,-0.035075,0.));
#5715=CARTESIAN_POINT('',(0.021575,-0.035075,0.003));
#5716=CARTESIAN_POINT('',(0.021575,-0.035075,0.003));
#5717=CARTESIAN_POINT('',(0.022075,-0.035075,0.003));
#5718=CARTESIAN_POINT('',(0.021575,-0.028575,0.003));
#5719=CARTESIAN_POINT('',(0.021575,-0.028575,0.));
#5720=CARTESIAN_POINT('',(0.021575,-0.022075,0.));
#5721=CARTESIAN_POINT('',(0.021575,-0.022075,0.003));
#5722=CARTESIAN_POINT('',(0.021575,-0.022075,0.003));
#5723=CARTESIAN_POINT('',(0.021575,-0.028575,0.003));
#5724=CARTESIAN_POINT('',(0.022075,-0.022075,0.003));
#5725=CARTESIAN_POINT('',(0.022075,-0.022075,0.));
#5726=CARTESIAN_POINT('',(0.022075,-0.021575,0.));
#5727=CARTESIAN_POINT('',(0.022075,-0.021575,0.003));
#5728=CARTESIAN_POINT('',(0.022075,-0.021575,0.003));
#5729=CARTESIAN_POINT('',(0.022075,-0.022075,0.003));
#5730=CARTESIAN_POINT('',(0.003025,-0.01255,0.003));
#5731=CARTESIAN_POINT('',(0.003025,-0.01255,0.));
#5732=CARTESIAN_POINT('',(0.003025,-0.01205,0.));
#5733=CARTESIAN_POINT('',(0.002525,-0.01255,0.));
#5734=CARTESIAN_POINT('',(0.003025,-0.01205,0.003));
#5735=CARTESIAN_POINT('',(0.003025,-0.01205,0.003));
#5736=CARTESIAN_POINT('',(0.003025,-0.01255,0.003));
#5737=CARTESIAN_POINT('',(0.002525,-0.01255,0.003));
#5738=CARTESIAN_POINT('',(0.002525,-0.01255,0.003));
#5739=CARTESIAN_POINT('',(0.009525,-0.01205,0.003));
#5740=CARTESIAN_POINT('',(0.009525,-0.01205,0.));
#5741=CARTESIAN_POINT('',(0.016025,-0.01205,0.));
#5742=CARTESIAN_POINT('',(0.016025,-0.01205,0.003));
#5743=CARTESIAN_POINT('',(0.016025,-0.01205,0.003));
#5744=CARTESIAN_POINT('',(0.009525,-0.01205,0.003));
#5745=CARTESIAN_POINT('',(0.016025,-0.01255,0.003));
#5746=CARTESIAN_POINT('',(0.016025,-0.01255,0.));
#5747=CARTESIAN_POINT('',(0.016525,-0.01255,0.));
#5748=CARTESIAN_POINT('',(0.016525,-0.01255,0.003));
#5749=CARTESIAN_POINT('',(0.016525,-0.01255,0.003));
#5750=CARTESIAN_POINT('',(0.016025,-0.01255,0.003));
#5751=CARTESIAN_POINT('',(0.016525,-0.01905,0.003));
#5752=CARTESIAN_POINT('',(0.016525,-0.01905,0.));
#5753=CARTESIAN_POINT('',(0.016525,-0.02555,0.));
#5754=CARTESIAN_POINT('',(0.016525,-0.02555,0.003));
#5755=CARTESIAN_POINT('',(0.016525,-0.02555,0.003));
#5756=CARTESIAN_POINT('',(0.016525,-0.01905,0.003));
#5757=CARTESIAN_POINT('',(0.016025,-0.02555,0.003));
#5758=CARTESIAN_POINT('',(0.016025,-0.02555,0.));
#5759=CARTESIAN_POINT('',(0.016025,-0.02605,0.));
#5760=CARTESIAN_POINT('',(0.016025,-0.02605,0.003));
#5761=CARTESIAN_POINT('',(0.016025,-0.02605,0.003));
#5762=CARTESIAN_POINT('',(0.016025,-0.02555,0.003));
#5763=CARTESIAN_POINT('',(0.009525,-0.02605,0.003));
#5764=CARTESIAN_POINT('',(0.009525,-0.02605,0.));
#5765=CARTESIAN_POINT('',(0.003025,-0.02605,0.));
#5766=CARTESIAN_POINT('',(0.003025,-0.02605,0.003));
#5767=CARTESIAN_POINT('',(0.003025,-0.02605,0.003));
#5768=CARTESIAN_POINT('',(0.009525,-0.02605,0.003));
#5769=CARTESIAN_POINT('',(0.003025,-0.02555,0.003));
#5770=CARTESIAN_POINT('',(0.003025,-0.02555,0.));
#5771=CARTESIAN_POINT('',(0.002525,-0.02555,0.));
#5772=CARTESIAN_POINT('',(0.002525,-0.02555,0.003));
#5773=CARTESIAN_POINT('',(0.002525,-0.02555,0.003));
#5774=CARTESIAN_POINT('',(0.003025,-0.02555,0.003));
#5775=CARTESIAN_POINT('',(-0.016025,-0.01255,0.003));
#5776=CARTESIAN_POINT('',(-0.016025,-0.01255,0.));
#5777=CARTESIAN_POINT('',(-0.016025,-0.01205,0.));
#5778=CARTESIAN_POINT('',(-0.016525,-0.01255,0.));
#5779=CARTESIAN_POINT('',(-0.016025,-0.01205,0.003));
#5780=CARTESIAN_POINT('',(-0.016025,-0.01205,0.003));
#5781=CARTESIAN_POINT('',(-0.016025,-0.01255,0.003));
#5782=CARTESIAN_POINT('',(-0.016525,-0.01255,0.003));
#5783=CARTESIAN_POINT('',(-0.016525,-0.01255,0.003));
#5784=CARTESIAN_POINT('',(-0.009525,-0.01205,0.003));
#5785=CARTESIAN_POINT('',(-0.009525,-0.01205,0.));
#5786=CARTESIAN_POINT('',(-0.003025,-0.01205,0.));
#5787=CARTESIAN_POINT('',(-0.003025,-0.01205,0.003));
#5788=CARTESIAN_POINT('',(-0.003025,-0.01205,0.003));
#5789=CARTESIAN_POINT('',(-0.009525,-0.01205,0.003));
#5790=CARTESIAN_POINT('',(-0.003025,-0.01255,0.003));
#5791=CARTESIAN_POINT('',(-0.003025,-0.01255,0.));
#5792=CARTESIAN_POINT('',(-0.002525,-0.01255,0.));
#5793=CARTESIAN_POINT('',(-0.002525,-0.01255,0.003));
#5794=CARTESIAN_POINT('',(-0.002525,-0.01255,0.003));
#5795=CARTESIAN_POINT('',(-0.003025,-0.01255,0.003));
#5796=CARTESIAN_POINT('',(-0.002525,-0.01905,0.003));
#5797=CARTESIAN_POINT('',(-0.002525,-0.01905,0.));
#5798=CARTESIAN_POINT('',(-0.002525,-0.02555,0.));
#5799=CARTESIAN_POINT('',(-0.002525,-0.02555,0.003));
#5800=CARTESIAN_POINT('',(-0.002525,-0.02555,0.003));
#5801=CARTESIAN_POINT('',(-0.002525,-0.01905,0.003));
#5802=CARTESIAN_POINT('',(-0.003025,-0.02555,0.003));
#5803=CARTESIAN_POINT('',(-0.003025,-0.02555,0.));
#5804=CARTESIAN_POINT('',(-0.003025,-0.02605,0.));
#5805=CARTESIAN_POINT('',(-0.003025,-0.02605,0.003));
#5806=CARTESIAN_POINT('',(-0.003025,-0.02605,0.003));
#5807=CARTESIAN_POINT('',(-0.003025,-0.02555,0.003));
#5808=CARTESIAN_POINT('',(-0.009525,-0.02605,0.003));
#5809=CARTESIAN_POINT('',(-0.009525,-0.02605,0.));
#5810=CARTESIAN_POINT('',(-0.016025,-0.02605,0.));
#5811=CARTESIAN_POINT('',(-0.016025,-0.02605,0.003));
#5812=CARTESIAN_POINT('',(-0.016025,-0.02605,0.003));
#5813=CARTESIAN_POINT('',(-0.009525,-0.02605,0.003));
#5814=CARTESIAN_POINT('',(-0.016025,-0.02555,0.003));
#5815=CARTESIAN_POINT('',(-0.016025,-0.02555,0.));
#5816=CARTESIAN_POINT('',(-0.016525,-0.02555,0.));
#5817=CARTESIAN_POINT('',(-0.016525,-0.02555,0.003));
#5818=CARTESIAN_POINT('',(-0.016525,-0.02555,0.003));
#5819=CARTESIAN_POINT('',(-0.016025,-0.02555,0.003));
#5820=CARTESIAN_POINT('',(-0.035075,-0.01255,0.003));
#5821=CARTESIAN_POINT('',(-0.035075,-0.01255,0.));
#5822=CARTESIAN_POINT('',(-0.035075,-0.01205,0.));
#5823=CARTESIAN_POINT('',(-0.035575,-0.01255,0.));
#5824=CARTESIAN_POINT('',(-0.035075,-0.01205,0.003));
#5825=CARTESIAN_POINT('',(-0.035075,-0.01205,0.003));
#5826=CARTESIAN_POINT('',(-0.035075,-0.01255,0.003));
#5827=CARTESIAN_POINT('',(-0.035575,-0.01255,0.003));
#5828=CARTESIAN_POINT('',(-0.035575,-0.01255,0.003));
#5829=CARTESIAN_POINT('',(-0.028575,-0.01205,0.003));
#5830=CARTESIAN_POINT('',(-0.028575,-0.01205,0.));
#5831=CARTESIAN_POINT('',(-0.022075,-0.01205,0.));
#5832=CARTESIAN_POINT('',(-0.022075,-0.01205,0.003));
#5833=CARTESIAN_POINT('',(-0.022075,-0.01205,0.003));
#5834=CARTESIAN_POINT('',(-0.028575,-0.01205,0.003));
#5835=CARTESIAN_POINT('',(-0.022075,-0.01255,0.003));
#5836=CARTESIAN_POINT('',(-0.022075,-0.01255,0.));
#5837=CARTESIAN_POINT('',(-0.021575,-0.01255,0.));
#5838=CARTESIAN_POINT('',(-0.021575,-0.01255,0.003));
#5839=CARTESIAN_POINT('',(-0.021575,-0.01255,0.003));
#5840=CARTESIAN_POINT('',(-0.022075,-0.01255,0.003));
#5841=CARTESIAN_POINT('',(-0.021575,-0.01905,0.003));
#5842=CARTESIAN_POINT('',(-0.021575,-0.01905,0.));
#5843=CARTESIAN_POINT('',(-0.021575,-0.02555,0.));
#5844=CARTESIAN_POINT('',(-0.021575,-0.02555,0.003));
#5845=CARTESIAN_POINT('',(-0.021575,-0.02555,0.003));
#5846=CARTESIAN_POINT('',(-0.021575,-0.01905,0.003));
#5847=CARTESIAN_POINT('',(-0.022075,-0.02555,0.003));
#5848=CARTESIAN_POINT('',(-0.022075,-0.02555,0.));
#5849=CARTESIAN_POINT('',(-0.022075,-0.02605,0.));
#5850=CARTESIAN_POINT('',(-0.022075,-0.02605,0.003));
#5851=CARTESIAN_POINT('',(-0.022075,-0.02605,0.003));
#5852=CARTESIAN_POINT('',(-0.022075,-0.02555,0.003));
#5853=CARTESIAN_POINT('',(-0.028575,-0.02605,0.003));
#5854=CARTESIAN_POINT('',(-0.028575,-0.02605,0.));
#5855=CARTESIAN_POINT('',(-0.035075,-0.02605,0.));
#5856=CARTESIAN_POINT('',(-0.035075,-0.02605,0.003));
#5857=CARTESIAN_POINT('',(-0.035075,-0.02605,0.003));
#5858=CARTESIAN_POINT('',(-0.028575,-0.02605,0.003));
#5859=CARTESIAN_POINT('',(-0.035075,-0.02555,0.003));
#5860=CARTESIAN_POINT('',(-0.035075,-0.02555,0.));
#5861=CARTESIAN_POINT('',(-0.035575,-0.02555,0.));
#5862=CARTESIAN_POINT('',(-0.035575,-0.02555,0.003));
#5863=CARTESIAN_POINT('',(-0.035575,-0.02555,0.003));
#5864=CARTESIAN_POINT('',(-0.035075,-0.02555,0.003));
#5865=CARTESIAN_POINT('',(0.003025,0.0065,0.003));
#5866=CARTESIAN_POINT('',(0.003025,0.0065,0.));
#5867=CARTESIAN_POINT('',(0.003025,0.007,0.));
#5868=CARTESIAN_POINT('',(0.002525,0.0065,0.));
#5869=CARTESIAN_POINT('',(0.003025,0.007,0.003));
#5870=CARTESIAN_POINT('',(0.003025,0.007,0.003));
#5871=CARTESIAN_POINT('',(0.003025,0.0065,0.003));
#5872=CARTESIAN_POINT('',(0.002525,0.0065,0.003));
#5873=CARTESIAN_POINT('',(0.002525,0.0065,0.003));
#5874=CARTESIAN_POINT('',(0.009525,0.007,0.003));
#5875=CARTESIAN_POINT('',(0.009525,0.007,0.));
#5876=CARTESIAN_POINT('',(0.016025,0.007,0.));
#5877=CARTESIAN_POINT('',(0.016025,0.007,0.003));
#5878=CARTESIAN_POINT('',(0.016025,0.007,0.003));
#5879=CARTESIAN_POINT('',(0.009525,0.007,0.003));
#5880=CARTESIAN_POINT('',(0.016025,0.0065,0.003));
#5881=CARTESIAN_POINT('',(0.016025,0.0065,0.));
#5882=CARTESIAN_POINT('',(0.016525,0.0065,0.));
#5883=CARTESIAN_POINT('',(0.016525,0.0065,0.003));
#5884=CARTESIAN_POINT('',(0.016525,0.0065,0.003));
#5885=CARTESIAN_POINT('',(0.016025,0.0065,0.003));
#5886=CARTESIAN_POINT('',(0.016525,0.,0.003));
#5887=CARTESIAN_POINT('',(0.016525,0.,0.));
#5888=CARTESIAN_POINT('',(0.016525,-0.0065,0.));
#5889=CARTESIAN_POINT('',(0.016525,-0.0065,0.003));
#5890=CARTESIAN_POINT('',(0.016525,-0.0065,0.003));
#5891=CARTESIAN_POINT('',(0.016525,0.,0.003));
#5892=CARTESIAN_POINT('',(0.016025,-0.0065,0.003));
#5893=CARTESIAN_POINT('',(0.016025,-0.0065,0.));
#5894=CARTESIAN_POINT('',(0.016025,-0.007,0.));
#5895=CARTESIAN_POINT('',(0.016025,-0.007,0.003));
#5896=CARTESIAN_POINT('',(0.016025,-0.007,0.003));
#5897=CARTESIAN_POINT('',(0.016025,-0.0065,0.003));
#5898=CARTESIAN_POINT('',(0.009525,-0.007,0.003));
#5899=CARTESIAN_POINT('',(0.009525,-0.007,0.));
#5900=CARTESIAN_POINT('',(0.003025,-0.007,0.));
#5901=CARTESIAN_POINT('',(0.003025,-0.007,0.003));
#5902=CARTESIAN_POINT('',(0.003025,-0.007,0.003));
#5903=CARTESIAN_POINT('',(0.009525,-0.007,0.003));
#5904=CARTESIAN_POINT('',(0.003025,-0.0065,0.003));
#5905=CARTESIAN_POINT('',(0.003025,-0.0065,0.));
#5906=CARTESIAN_POINT('',(0.002525,-0.0065,0.));
#5907=CARTESIAN_POINT('',(0.002525,-0.0065,0.003));
#5908=CARTESIAN_POINT('',(0.002525,-0.0065,0.003));
#5909=CARTESIAN_POINT('',(0.003025,-0.0065,0.003));
#5910=CARTESIAN_POINT('',(-0.016025,0.0065,0.003));
#5911=CARTESIAN_POINT('',(-0.016025,0.0065,0.));
#5912=CARTESIAN_POINT('',(-0.016025,0.007,0.));
#5913=CARTESIAN_POINT('',(-0.016525,0.0065,0.));
#5914=CARTESIAN_POINT('',(-0.016025,0.007,0.003));
#5915=CARTESIAN_POINT('',(-0.016025,0.007,0.003));
#5916=CARTESIAN_POINT('',(-0.016025,0.0065,0.003));
#5917=CARTESIAN_POINT('',(-0.016525,0.0065,0.003));
#5918=CARTESIAN_POINT('',(-0.016525,0.0065,0.003));
#5919=CARTESIAN_POINT('',(-0.009525,0.007,0.003));
#5920=CARTESIAN_POINT('',(-0.009525,0.007,0.));
#5921=CARTESIAN_POINT('',(-0.003025,0.007,0.));
#5922=CARTESIAN_POINT('',(-0.003025,0.007,0.003));
#5923=CARTESIAN_POINT('',(-0.003025,0.007,0.003));
#5924=CARTESIAN_POINT('',(-0.009525,0.007,0.003));
#5925=CARTESIAN_POINT('',(-0.003025,0.0065,0.003));
#5926=CARTESIAN_POINT('',(-0.003025,0.0065,0.));
#5927=CARTESIAN_POINT('',(-0.002525,0.0065,0.));
#5928=CARTESIAN_POINT('',(-0.002525,0.0065,0.003));
#5929=CARTESIAN_POINT('',(-0.002525,0.0065,0.003));
#5930=CARTESIAN_POINT('',(-0.003025,0.0065,0.003));
#5931=CARTESIAN_POINT('',(-0.002525,0.,0.003));
#5932=CARTESIAN_POINT('',(-0.002525,0.,0.));
#5933=CARTESIAN_POINT('',(-0.002525,-0.0065,0.));
#5934=CARTESIAN_POINT('',(-0.002525,-0.0065,0.003));
#5935=CARTESIAN_POINT('',(-0.002525,-0.0065,0.003));
#5936=CARTESIAN_POINT('',(-0.002525,0.,0.003));
#5937=CARTESIAN_POINT('',(-0.003025,-0.0065,0.003));
#5938=CARTESIAN_POINT('',(-0.003025,-0.0065,0.));
#5939=CARTESIAN_POINT('',(-0.003025,-0.007,0.));
#5940=CARTESIAN_POINT('',(-0.003025,-0.007,0.003));
#5941=CARTESIAN_POINT('',(-0.003025,-0.007,0.003));
#5942=CARTESIAN_POINT('',(-0.003025,-0.0065,0.003));
#5943=CARTESIAN_POINT('',(-0.009525,-0.007,0.003));
#5944=CARTESIAN_POINT('',(-0.009525,-0.007,0.));
#5945=CARTESIAN_POINT('',(-0.016025,-0.007,0.));
#5946=CARTESIAN_POINT('',(-0.016025,-0.007,0.003));
#5947=CARTESIAN_POINT('',(-0.016025,-0.007,0.003));
#5948=CARTESIAN_POINT('',(-0.009525,-0.007,0.003));
#5949=CARTESIAN_POINT('',(-0.016025,-0.0065,0.003));
#5950=CARTESIAN_POINT('',(-0.016025,-0.0065,0.));
#5951=CARTESIAN_POINT('',(-0.016525,-0.0065,0.));
#5952=CARTESIAN_POINT('',(-0.016525,-0.0065,0.003));
#5953=CARTESIAN_POINT('',(-0.016525,-0.0065,0.003));
#5954=CARTESIAN_POINT('',(-0.016025,-0.0065,0.003));
#5955=CARTESIAN_POINT('',(-0.035075,0.0065,0.003));
#5956=CARTESIAN_POINT('',(-0.035075,0.0065,0.));
#5957=CARTESIAN_POINT('',(-0.035075,0.007,0.));
#5958=CARTESIAN_POINT('',(-0.035575,0.0065,0.));
#5959=CARTESIAN_POINT('',(-0.035075,0.007,0.003));
#5960=CARTESIAN_POINT('',(-0.035075,0.007,0.003));
#5961=CARTESIAN_POINT('',(-0.035075,0.0065,0.003));
#5962=CARTESIAN_POINT('',(-0.035575,0.0065,0.003));
#5963=CARTESIAN_POINT('',(-0.035575,0.0065,0.003));
#5964=CARTESIAN_POINT('',(-0.028575,0.007,0.003));
#5965=CARTESIAN_POINT('',(-0.028575,0.007,0.));
#5966=CARTESIAN_POINT('',(-0.022075,0.007,0.));
#5967=CARTESIAN_POINT('',(-0.022075,0.007,0.003));
#5968=CARTESIAN_POINT('',(-0.022075,0.007,0.003));
#5969=CARTESIAN_POINT('',(-0.028575,0.007,0.003));
#5970=CARTESIAN_POINT('',(-0.022075,0.0065,0.003));
#5971=CARTESIAN_POINT('',(-0.022075,0.0065,0.));
#5972=CARTESIAN_POINT('',(-0.021575,0.0065,0.));
#5973=CARTESIAN_POINT('',(-0.021575,0.0065,0.003));
#5974=CARTESIAN_POINT('',(-0.021575,0.0065,0.003));
#5975=CARTESIAN_POINT('',(-0.022075,0.0065,0.003));
#5976=CARTESIAN_POINT('',(-0.021575,0.,0.003));
#5977=CARTESIAN_POINT('',(-0.021575,0.,0.));
#5978=CARTESIAN_POINT('',(-0.021575,-0.0065,0.));
#5979=CARTESIAN_POINT('',(-0.021575,-0.0065,0.003));
#5980=CARTESIAN_POINT('',(-0.021575,-0.0065,0.003));
#5981=CARTESIAN_POINT('',(-0.021575,0.,0.003));
#5982=CARTESIAN_POINT('',(-0.022075,-0.0065,0.003));
#5983=CARTESIAN_POINT('',(-0.022075,-0.0065,0.));
#5984=CARTESIAN_POINT('',(-0.022075,-0.007,0.));
#5985=CARTESIAN_POINT('',(-0.022075,-0.007,0.003));
#5986=CARTESIAN_POINT('',(-0.022075,-0.007,0.003));
#5987=CARTESIAN_POINT('',(-0.022075,-0.0065,0.003));
#5988=CARTESIAN_POINT('',(-0.028575,-0.007,0.003));
#5989=CARTESIAN_POINT('',(-0.028575,-0.007,0.));
#5990=CARTESIAN_POINT('',(-0.035075,-0.007,0.));
#5991=CARTESIAN_POINT('',(-0.035075,-0.007,0.003));
#5992=CARTESIAN_POINT('',(-0.035075,-0.007,0.003));
#5993=CARTESIAN_POINT('',(-0.028575,-0.007,0.003));
#5994=CARTESIAN_POINT('',(-0.035075,-0.0065,0.003));
#5995=CARTESIAN_POINT('',(-0.035075,-0.0065,0.));
#5996=CARTESIAN_POINT('',(-0.035575,-0.0065,0.));
#5997=CARTESIAN_POINT('',(-0.035575,-0.0065,0.003));
#5998=CARTESIAN_POINT('',(-0.035575,-0.0065,0.003));
#5999=CARTESIAN_POINT('',(-0.035075,-0.0065,0.003));
#6000=CARTESIAN_POINT('',(0.034075,0.000587,0.003));
#6001=CARTESIAN_POINT('',(0.034075,0.000587,0.));
#6002=CARTESIAN_POINT('',(0.034575,0.000587,0.));
#6003=CARTESIAN_POINT('',(0.034075,0.001087,0.));
#6004=CARTESIAN_POINT('',(0.034575,0.000587,0.003));
#6005=CARTESIAN_POINT('',(0.034575,0.000587,0.003));
#6006=CARTESIAN_POINT('',(0.034075,0.000587,0.003));
#6007=CARTESIAN_POINT('',(0.034075,0.001087,0.003));
#6008=CARTESIAN_POINT('',(0.034075,0.001087,0.003));
#6009=CARTESIAN_POINT('',(0.034575,-0.002413,0.003));
#6010=CARTESIAN_POINT('',(0.034575,-0.002413,0.));
#6011=CARTESIAN_POINT('',(0.034575,-0.005413,0.));
#6012=CARTESIAN_POINT('',(0.034575,-0.005413,0.003));
#6013=CARTESIAN_POINT('',(0.034575,-0.005413,0.003));
#6014=CARTESIAN_POINT('',(0.034575,-0.002413,0.003));
#6015=CARTESIAN_POINT('',(0.034075,-0.005413,0.003));
#6016=CARTESIAN_POINT('',(0.034075,-0.005413,0.));
#6017=CARTESIAN_POINT('',(0.034075,-0.005913,0.));
#6018=CARTESIAN_POINT('',(0.034075,-0.005913,0.003));
#6019=CARTESIAN_POINT('',(0.034075,-0.005913,0.003));
#6020=CARTESIAN_POINT('',(0.034075,-0.005413,0.003));
#6021=CARTESIAN_POINT('',(0.027075,-0.005913,0.003));
#6022=CARTESIAN_POINT('',(0.027075,-0.005913,0.));
#6023=CARTESIAN_POINT('',(0.020075,-0.005913,0.));
#6024=CARTESIAN_POINT('',(0.020075,-0.005913,0.003));
#6025=CARTESIAN_POINT('',(0.020075,-0.005913,0.003));
#6026=CARTESIAN_POINT('',(0.027075,-0.005913,0.003));
#6027=CARTESIAN_POINT('',(0.020075,-0.005413,0.003));
#6028=CARTESIAN_POINT('',(0.020075,-0.005413,0.));
#6029=CARTESIAN_POINT('',(0.019575,-0.005413,0.));
#6030=CARTESIAN_POINT('',(0.019575,-0.005413,0.003));
#6031=CARTESIAN_POINT('',(0.019575,-0.005413,0.003));
#6032=CARTESIAN_POINT('',(0.020075,-0.005413,0.003));
#6033=CARTESIAN_POINT('',(0.019575,-0.002413,0.003));
#6034=CARTESIAN_POINT('',(0.019575,-0.002413,0.));
#6035=CARTESIAN_POINT('',(0.019575,0.000587,0.));
#6036=CARTESIAN_POINT('',(0.019575,0.000587,0.003));
#6037=CARTESIAN_POINT('',(0.019575,0.000587,0.003));
#6038=CARTESIAN_POINT('',(0.019575,-0.002413,0.003));
#6039=CARTESIAN_POINT('',(0.020075,0.000587,0.003));
#6040=CARTESIAN_POINT('',(0.020075,0.000587,0.));
#6041=CARTESIAN_POINT('',(0.020075,0.001087,0.));
#6042=CARTESIAN_POINT('',(0.020075,0.001087,0.003));
#6043=CARTESIAN_POINT('',(0.020075,0.001087,0.003));
#6044=CARTESIAN_POINT('',(0.020075,0.000587,0.003));
#6045=CARTESIAN_POINT('',(0.034075,0.024463,0.003));
#6046=CARTESIAN_POINT('',(0.034075,0.024463,0.));
#6047=CARTESIAN_POINT('',(0.034575,0.024463,0.));
#6048=CARTESIAN_POINT('',(0.034075,0.024963,0.));
#6049=CARTESIAN_POINT('',(0.034575,0.024463,0.003));
#6050=CARTESIAN_POINT('',(0.034575,0.024463,0.003));
#6051=CARTESIAN_POINT('',(0.034075,0.024463,0.003));
#6052=CARTESIAN_POINT('',(0.034075,0.024963,0.003));
#6053=CARTESIAN_POINT('',(0.034075,0.024963,0.003));
#6054=CARTESIAN_POINT('',(0.034575,0.021463,0.003));
#6055=CARTESIAN_POINT('',(0.034575,0.021463,0.));
#6056=CARTESIAN_POINT('',(0.034575,0.018463,0.));
#6057=CARTESIAN_POINT('',(0.034575,0.018463,0.003));
#6058=CARTESIAN_POINT('',(0.034575,0.018463,0.003));
#6059=CARTESIAN_POINT('',(0.034575,0.021463,0.003));
#6060=CARTESIAN_POINT('',(0.034075,0.018463,0.003));
#6061=CARTESIAN_POINT('',(0.034075,0.018463,0.));
#6062=CARTESIAN_POINT('',(0.034075,0.017963,0.));
#6063=CARTESIAN_POINT('',(0.034075,0.017963,0.003));
#6064=CARTESIAN_POINT('',(0.034075,0.017963,0.003));
#6065=CARTESIAN_POINT('',(0.034075,0.018463,0.003));
#6066=CARTESIAN_POINT('',(0.027075,0.017963,0.003));
#6067=CARTESIAN_POINT('',(0.027075,0.017963,0.));
#6068=CARTESIAN_POINT('',(0.020075,0.017963,0.));
#6069=CARTESIAN_POINT('',(0.020075,0.017963,0.003));
#6070=CARTESIAN_POINT('',(0.020075,0.017963,0.003));
#6071=CARTESIAN_POINT('',(0.027075,0.017963,0.003));
#6072=CARTESIAN_POINT('',(0.020075,0.018463,0.003));
#6073=CARTESIAN_POINT('',(0.020075,0.018463,0.));
#6074=CARTESIAN_POINT('',(0.019575,0.018463,0.));
#6075=CARTESIAN_POINT('',(0.019575,0.018463,0.003));
#6076=CARTESIAN_POINT('',(0.019575,0.018463,0.003));
#6077=CARTESIAN_POINT('',(0.020075,0.018463,0.003));
#6078=CARTESIAN_POINT('',(0.019575,0.021463,0.003));
#6079=CARTESIAN_POINT('',(0.019575,0.021463,0.));
#6080=CARTESIAN_POINT('',(0.019575,0.024463,0.));
#6081=CARTESIAN_POINT('',(0.019575,0.024463,0.003));
#6082=CARTESIAN_POINT('',(0.019575,0.024463,0.003));
#6083=CARTESIAN_POINT('',(0.019575,0.021463,0.003));
#6084=CARTESIAN_POINT('',(0.020075,0.024463,0.003));
#6085=CARTESIAN_POINT('',(0.020075,0.024463,0.));
#6086=CARTESIAN_POINT('',(0.020075,0.024963,0.));
#6087=CARTESIAN_POINT('',(0.020075,0.024963,0.003));
#6088=CARTESIAN_POINT('',(0.020075,0.024963,0.003));
#6089=CARTESIAN_POINT('',(0.020075,0.024463,0.003));
#6090=CARTESIAN_POINT('',(0.035075,0.016025,0.003));
#6091=CARTESIAN_POINT('',(0.035075,0.016025,0.));
#6092=CARTESIAN_POINT('',(0.035575,0.016025,0.));
#6093=CARTESIAN_POINT('',(0.035075,0.016525,0.));
#6094=CARTESIAN_POINT('',(0.035575,0.016025,0.003));
#6095=CARTESIAN_POINT('',(0.035575,0.016025,0.003));
#6096=CARTESIAN_POINT('',(0.035075,0.016025,0.003));
#6097=CARTESIAN_POINT('',(0.035075,0.016525,0.003));
#6098=CARTESIAN_POINT('',(0.035075,0.016525,0.003));
#6099=CARTESIAN_POINT('',(0.035575,0.009525,0.003));
#6100=CARTESIAN_POINT('',(0.035575,0.009525,0.));
#6101=CARTESIAN_POINT('',(0.035575,0.003025,0.));
#6102=CARTESIAN_POINT('',(0.035575,0.003025,0.003));
#6103=CARTESIAN_POINT('',(0.035575,0.003025,0.003));
#6104=CARTESIAN_POINT('',(0.035575,0.009525,0.003));
#6105=CARTESIAN_POINT('',(0.035075,0.003025,0.003));
#6106=CARTESIAN_POINT('',(0.035075,0.003025,0.));
#6107=CARTESIAN_POINT('',(0.035075,0.002525,0.));
#6108=CARTESIAN_POINT('',(0.035075,0.002525,0.003));
#6109=CARTESIAN_POINT('',(0.035075,0.002525,0.003));
#6110=CARTESIAN_POINT('',(0.035075,0.003025,0.003));
#6111=CARTESIAN_POINT('',(0.028575,0.002525,0.003));
#6112=CARTESIAN_POINT('',(0.028575,0.002525,0.));
#6113=CARTESIAN_POINT('',(0.022075,0.002525,0.));
#6114=CARTESIAN_POINT('',(0.022075,0.002525,0.003));
#6115=CARTESIAN_POINT('',(0.022075,0.002525,0.003));
#6116=CARTESIAN_POINT('',(0.028575,0.002525,0.003));
#6117=CARTESIAN_POINT('',(0.022075,0.003025,0.003));
#6118=CARTESIAN_POINT('',(0.022075,0.003025,0.));
#6119=CARTESIAN_POINT('',(0.021575,0.003025,0.));
#6120=CARTESIAN_POINT('',(0.021575,0.003025,0.003));
#6121=CARTESIAN_POINT('',(0.021575,0.003025,0.003));
#6122=CARTESIAN_POINT('',(0.022075,0.003025,0.003));
#6123=CARTESIAN_POINT('',(0.021575,0.009525,0.003));
#6124=CARTESIAN_POINT('',(0.021575,0.009525,0.));
#6125=CARTESIAN_POINT('',(0.021575,0.016025,0.));
#6126=CARTESIAN_POINT('',(0.021575,0.016025,0.003));
#6127=CARTESIAN_POINT('',(0.021575,0.016025,0.003));
#6128=CARTESIAN_POINT('',(0.021575,0.009525,0.003));
#6129=CARTESIAN_POINT('',(0.022075,0.016025,0.003));
#6130=CARTESIAN_POINT('',(0.022075,0.016025,0.));
#6131=CARTESIAN_POINT('',(0.022075,0.016525,0.));
#6132=CARTESIAN_POINT('',(0.022075,0.016525,0.003));
#6133=CARTESIAN_POINT('',(0.022075,0.016525,0.003));
#6134=CARTESIAN_POINT('',(0.022075,0.016025,0.003));
#6135=CARTESIAN_POINT('',(0.003025,0.02555,0.003));
#6136=CARTESIAN_POINT('',(0.003025,0.02555,0.));
#6137=CARTESIAN_POINT('',(0.003025,0.02605,0.));
#6138=CARTESIAN_POINT('',(0.002525,0.02555,0.));
#6139=CARTESIAN_POINT('',(0.003025,0.02605,0.003));
#6140=CARTESIAN_POINT('',(0.003025,0.02605,0.003));
#6141=CARTESIAN_POINT('',(0.003025,0.02555,0.003));
#6142=CARTESIAN_POINT('',(0.002525,0.02555,0.003));
#6143=CARTESIAN_POINT('',(0.002525,0.02555,0.003));
#6144=CARTESIAN_POINT('',(0.009525,0.02605,0.003));
#6145=CARTESIAN_POINT('',(0.009525,0.02605,0.));
#6146=CARTESIAN_POINT('',(0.016025,0.02605,0.));
#6147=CARTESIAN_POINT('',(0.016025,0.02605,0.003));
#6148=CARTESIAN_POINT('',(0.016025,0.02605,0.003));
#6149=CARTESIAN_POINT('',(0.009525,0.02605,0.003));
#6150=CARTESIAN_POINT('',(0.016025,0.02555,0.003));
#6151=CARTESIAN_POINT('',(0.016025,0.02555,0.));
#6152=CARTESIAN_POINT('',(0.016525,0.02555,0.));
#6153=CARTESIAN_POINT('',(0.016525,0.02555,0.003));
#6154=CARTESIAN_POINT('',(0.016525,0.02555,0.003));
#6155=CARTESIAN_POINT('',(0.016025,0.02555,0.003));
#6156=CARTESIAN_POINT('',(0.016525,0.01905,0.003));
#6157=CARTESIAN_POINT('',(0.016525,0.01905,0.));
#6158=CARTESIAN_POINT('',(0.016525,0.01255,0.));
#6159=CARTESIAN_POINT('',(0.016525,0.01255,0.003));
#6160=CARTESIAN_POINT('',(0.016525,0.01255,0.003));
#6161=CARTESIAN_POINT('',(0.016525,0.01905,0.003));
#6162=CARTESIAN_POINT('',(0.016025,0.01255,0.003));
#6163=CARTESIAN_POINT('',(0.016025,0.01255,0.));
#6164=CARTESIAN_POINT('',(0.016025,0.01205,0.));
#6165=CARTESIAN_POINT('',(0.016025,0.01205,0.003));
#6166=CARTESIAN_POINT('',(0.016025,0.01205,0.003));
#6167=CARTESIAN_POINT('',(0.016025,0.01255,0.003));
#6168=CARTESIAN_POINT('',(0.009525,0.01205,0.003));
#6169=CARTESIAN_POINT('',(0.009525,0.01205,0.));
#6170=CARTESIAN_POINT('',(0.003025,0.01205,0.));
#6171=CARTESIAN_POINT('',(0.003025,0.01205,0.003));
#6172=CARTESIAN_POINT('',(0.003025,0.01205,0.003));
#6173=CARTESIAN_POINT('',(0.009525,0.01205,0.003));
#6174=CARTESIAN_POINT('',(0.003025,0.01255,0.003));
#6175=CARTESIAN_POINT('',(0.003025,0.01255,0.));
#6176=CARTESIAN_POINT('',(0.002525,0.01255,0.));
#6177=CARTESIAN_POINT('',(0.002525,0.01255,0.003));
#6178=CARTESIAN_POINT('',(0.002525,0.01255,0.003));
#6179=CARTESIAN_POINT('',(0.003025,0.01255,0.003));
#6180=CARTESIAN_POINT('',(-0.016025,0.02555,0.003));
#6181=CARTESIAN_POINT('',(-0.016025,0.02555,0.));
#6182=CARTESIAN_POINT('',(-0.016025,0.02605,0.));
#6183=CARTESIAN_POINT('',(-0.016525,0.02555,0.));
#6184=CARTESIAN_POINT('',(-0.016025,0.02605,0.003));
#6185=CARTESIAN_POINT('',(-0.016025,0.02605,0.003));
#6186=CARTESIAN_POINT('',(-0.016025,0.02555,0.003));
#6187=CARTESIAN_POINT('',(-0.016525,0.02555,0.003));
#6188=CARTESIAN_POINT('',(-0.016525,0.02555,0.003));
#6189=CARTESIAN_POINT('',(-0.009525,0.02605,0.003));
#6190=CARTESIAN_POINT('',(-0.009525,0.02605,0.));
#6191=CARTESIAN_POINT('',(-0.003025,0.02605,0.));
#6192=CARTESIAN_POINT('',(-0.003025,0.02605,0.003));
#6193=CARTESIAN_POINT('',(-0.003025,0.02605,0.003));
#6194=CARTESIAN_POINT('',(-0.009525,0.02605,0.003));
#6195=CARTESIAN_POINT('',(-0.003025,0.02555,0.003));
#6196=CARTESIAN_POINT('',(-0.003025,0.02555,0.));
#6197=CARTESIAN_POINT('',(-0.002525,0.02555,0.));
#6198=CARTESIAN_POINT('',(-0.002525,0.02555,0.003));
#6199=CARTESIAN_POINT('',(-0.002525,0.02555,0.003));
#6200=CARTESIAN_POINT('',(-0.003025,0.02555,0.003));
#6201=CARTESIAN_POINT('',(-0.002525,0.01905,0.003));
#6202=CARTESIAN_POINT('',(-0.002525,0.01905,0.));
#6203=CARTESIAN_POINT('',(-0.002525,0.01255,0.));
#6204=CARTESIAN_POINT('',(-0.002525,0.01255,0.003));
#6205=CARTESIAN_POINT('',(-0.002525,0.01255,0.003));
#6206=CARTESIAN_POINT('',(-0.002525,0.01905,0.003));
#6207=CARTESIAN_POINT('',(-0.003025,0.01255,0.003));
#6208=CARTESIAN_POINT('',(-0.003025,0.01255,0.));
#6209=CARTESIAN_POINT('',(-0.003025,0.01205,0.));
#6210=CARTESIAN_POINT('',(-0.003025,0.01205,0.003));
#6211=CARTESIAN_POINT('',(-0.003025,0.01205,0.003));
#6212=CARTESIAN_POINT('',(-0.003025,0.01255,0.003));
#6213=CARTESIAN_POINT('',(-0.009525,0.01205,0.003));
#6214=CARTESIAN_POINT('',(-0.009525,0.01205,0.));
#6215=CARTESIAN_POINT('',(-0.016025,0.01205,0.));
#6216=CARTESIAN_POINT('',(-0.016025,0.01205,0.003));
#6217=CARTESIAN_POINT('',(-0.016025,0.01205,0.003));
#6218=CARTESIAN_POINT('',(-0.009525,0.01205,0.003));
#6219=CARTESIAN_POINT('',(-0.016025,0.01255,0.003));
#6220=CARTESIAN_POINT('',(-0.016025,0.01255,0.));
#6221=CARTESIAN_POINT('',(-0.016525,0.01255,0.));
#6222=CARTESIAN_POINT('',(-0.016525,0.01255,0.003));
#6223=CARTESIAN_POINT('',(-0.016525,0.01255,0.003));
#6224=CARTESIAN_POINT('',(-0.016025,0.01255,0.003));
#6225=CARTESIAN_POINT('',(-0.035075,0.02555,0.003));
#6226=CARTESIAN_POINT('',(-0.035075,0.02555,0.));
#6227=CARTESIAN_POINT('',(-0.035075,0.02605,0.));
#6228=CARTESIAN_POINT('',(-0.035575,0.02555,0.));
#6229=CARTESIAN_POINT('',(-0.035075,0.02605,0.003));
#6230=CARTESIAN_POINT('',(-0.035075,0.02605,0.003));
#6231=CARTESIAN_POINT('',(-0.035075,0.02555,0.003));
#6232=CARTESIAN_POINT('',(-0.035575,0.02555,0.003));
#6233=CARTESIAN_POINT('',(-0.035575,0.02555,0.003));
#6234=CARTESIAN_POINT('',(-0.028575,0.02605,0.003));
#6235=CARTESIAN_POINT('',(-0.028575,0.02605,0.));
#6236=CARTESIAN_POINT('',(-0.022075,0.02605,0.));
#6237=CARTESIAN_POINT('',(-0.022075,0.02605,0.003));
#6238=CARTESIAN_POINT('',(-0.022075,0.02605,0.003));
#6239=CARTESIAN_POINT('',(-0.028575,0.02605,0.003));
#6240=CARTESIAN_POINT('',(-0.022075,0.02555,0.003));
#6241=CARTESIAN_POINT('',(-0.022075,0.02555,0.));
#6242=CARTESIAN_POINT('',(-0.021575,0.02555,0.));
#6243=CARTESIAN_POINT('',(-0.021575,0.02555,0.003));
#6244=CARTESIAN_POINT('',(-0.021575,0.02555,0.003));
#6245=CARTESIAN_POINT('',(-0.022075,0.02555,0.003));
#6246=CARTESIAN_POINT('',(-0.021575,0.01905,0.003));
#6247=CARTESIAN_POINT('',(-0.021575,0.01905,0.));
#6248=CARTESIAN_POINT('',(-0.021575,0.01255,0.));
#6249=CARTESIAN_POINT('',(-0.021575,0.01255,0.003));
#6250=CARTESIAN_POINT('',(-0.021575,0.01255,0.003));
#6251=CARTESIAN_POINT('',(-0.021575,0.01905,0.003));
#6252=CARTESIAN_POINT('',(-0.022075,0.01255,0.003));
#6253=CARTESIAN_POINT('',(-0.022075,0.01255,0.));
#6254=CARTESIAN_POINT('',(-0.022075,0.01205,0.));
#6255=CARTESIAN_POINT('',(-0.022075,0.01205,0.003));
#6256=CARTESIAN_POINT('',(-0.022075,0.01205,0.003));
#6257=CARTESIAN_POINT('',(-0.022075,0.01255,0.003));
#6258=CARTESIAN_POINT('',(-0.028575,0.01205,0.003));
#6259=CARTESIAN_POINT('',(-0.028575,0.01205,0.));
#6260=CARTESIAN_POINT('',(-0.035075,0.01205,0.));
#6261=CARTESIAN_POINT('',(-0.035075,0.01205,0.003));
#6262=CARTESIAN_POINT('',(-0.035075,0.01205,0.003));
#6263=CARTESIAN_POINT('',(-0.028575,0.01205,0.003));
#6264=CARTESIAN_POINT('',(-0.035075,0.01255,0.003));
#6265=CARTESIAN_POINT('',(-0.035075,0.01255,0.));
#6266=CARTESIAN_POINT('',(-0.035575,0.01255,0.));
#6267=CARTESIAN_POINT('',(-0.035575,0.01255,0.003));
#6268=CARTESIAN_POINT('',(-0.035575,0.01255,0.003));
#6269=CARTESIAN_POINT('',(-0.035075,0.01255,0.003));
#6270=CARTESIAN_POINT('',(0.022075,0.0446,0.003));
#6271=CARTESIAN_POINT('',(0.022075,0.0446,0.));
#6272=CARTESIAN_POINT('',(0.022075,0.0451,0.));
#6273=CARTESIAN_POINT('',(0.021575,0.0446,0.));
#6274=CARTESIAN_POINT('',(0.022075,0.0451,0.003));
#6275=CARTESIAN_POINT('',(0.022075,0.0451,0.003));
#6276=CARTESIAN_POINT('',(0.022075,0.0446,0.003));
#6277=CARTESIAN_POINT('',(0.021575,0.0446,0.003));
#6278=CARTESIAN_POINT('',(0.021575,0.0446,0.003));
#6279=CARTESIAN_POINT('',(0.028575,0.0451,0.003));
#6280=CARTESIAN_POINT('',(0.028575,0.0451,0.));
#6281=CARTESIAN_POINT('',(0.035075,0.0451,0.));
#6282=CARTESIAN_POINT('',(0.035075,0.0451,0.003));
#6283=CARTESIAN_POINT('',(0.035075,0.0451,0.003));
#6284=CARTESIAN_POINT('',(0.028575,0.0451,0.003));
#6285=CARTESIAN_POINT('',(0.035075,0.0446,0.003));
#6286=CARTESIAN_POINT('',(0.035075,0.0446,0.));
#6287=CARTESIAN_POINT('',(0.035575,0.0446,0.));
#6288=CARTESIAN_POINT('',(0.035575,0.0446,0.003));
#6289=CARTESIAN_POINT('',(0.035575,0.0446,0.003));
#6290=CARTESIAN_POINT('',(0.035075,0.0446,0.003));
#6291=CARTESIAN_POINT('',(0.035575,0.0381,0.003));
#6292=CARTESIAN_POINT('',(0.035575,0.0381,0.));
#6293=CARTESIAN_POINT('',(0.035575,0.0316,0.));
#6294=CARTESIAN_POINT('',(0.035575,0.0316,0.003));
#6295=CARTESIAN_POINT('',(0.035575,0.0316,0.003));
#6296=CARTESIAN_POINT('',(0.035575,0.0381,0.003));
#6297=CARTESIAN_POINT('',(0.035075,0.0316,0.003));
#6298=CARTESIAN_POINT('',(0.035075,0.0316,0.));
#6299=CARTESIAN_POINT('',(0.035075,0.0311,0.));
#6300=CARTESIAN_POINT('',(0.035075,0.0311,0.003));
#6301=CARTESIAN_POINT('',(0.035075,0.0311,0.003));
#6302=CARTESIAN_POINT('',(0.035075,0.0316,0.003));
#6303=CARTESIAN_POINT('',(0.028575,0.0311,0.003));
#6304=CARTESIAN_POINT('',(0.028575,0.0311,0.));
#6305=CARTESIAN_POINT('',(0.022075,0.0311,0.));
#6306=CARTESIAN_POINT('',(0.022075,0.0311,0.003));
#6307=CARTESIAN_POINT('',(0.022075,0.0311,0.003));
#6308=CARTESIAN_POINT('',(0.028575,0.0311,0.003));
#6309=CARTESIAN_POINT('',(0.022075,0.0316,0.003));
#6310=CARTESIAN_POINT('',(0.022075,0.0316,0.));
#6311=CARTESIAN_POINT('',(0.021575,0.0316,0.));
#6312=CARTESIAN_POINT('',(0.021575,0.0316,0.003));
#6313=CARTESIAN_POINT('',(0.021575,0.0316,0.003));
#6314=CARTESIAN_POINT('',(0.022075,0.0316,0.003));
#6315=CARTESIAN_POINT('',(0.003025,0.0446,0.003));
#6316=CARTESIAN_POINT('',(0.003025,0.0446,0.));
#6317=CARTESIAN_POINT('',(0.003025,0.0451,0.));
#6318=CARTESIAN_POINT('',(0.002525,0.0446,0.));
#6319=CARTESIAN_POINT('',(0.003025,0.0451,0.003));
#6320=CARTESIAN_POINT('',(0.003025,0.0451,0.003));
#6321=CARTESIAN_POINT('',(0.003025,0.0446,0.003));
#6322=CARTESIAN_POINT('',(0.002525,0.0446,0.003));
#6323=CARTESIAN_POINT('',(0.002525,0.0446,0.003));
#6324=CARTESIAN_POINT('',(0.009525,0.0451,0.003));
#6325=CARTESIAN_POINT('',(0.009525,0.0451,0.));
#6326=CARTESIAN_POINT('',(0.016025,0.0451,0.));
#6327=CARTESIAN_POINT('',(0.016025,0.0451,0.003));
#6328=CARTESIAN_POINT('',(0.016025,0.0451,0.003));
#6329=CARTESIAN_POINT('',(0.009525,0.0451,0.003));
#6330=CARTESIAN_POINT('',(0.016025,0.0446,0.003));
#6331=CARTESIAN_POINT('',(0.016025,0.0446,0.));
#6332=CARTESIAN_POINT('',(0.016525,0.0446,0.));
#6333=CARTESIAN_POINT('',(0.016525,0.0446,0.003));
#6334=CARTESIAN_POINT('',(0.016525,0.0446,0.003));
#6335=CARTESIAN_POINT('',(0.016025,0.0446,0.003));
#6336=CARTESIAN_POINT('',(0.016525,0.0381,0.003));
#6337=CARTESIAN_POINT('',(0.016525,0.0381,0.));
#6338=CARTESIAN_POINT('',(0.016525,0.0316,0.));
#6339=CARTESIAN_POINT('',(0.016525,0.0316,0.003));
#6340=CARTESIAN_POINT('',(0.016525,0.0316,0.003));
#6341=CARTESIAN_POINT('',(0.016525,0.0381,0.003));
#6342=CARTESIAN_POINT('',(0.016025,0.0316,0.003));
#6343=CARTESIAN_POINT('',(0.016025,0.0316,0.));
#6344=CARTESIAN_POINT('',(0.016025,0.0311,0.));
#6345=CARTESIAN_POINT('',(0.016025,0.0311,0.003));
#6346=CARTESIAN_POINT('',(0.016025,0.0311,0.003));
#6347=CARTESIAN_POINT('',(0.016025,0.0316,0.003));
#6348=CARTESIAN_POINT('',(0.009525,0.0311,0.003));
#6349=CARTESIAN_POINT('',(0.009525,0.0311,0.));
#6350=CARTESIAN_POINT('',(0.003025,0.0311,0.));
#6351=CARTESIAN_POINT('',(0.003025,0.0311,0.003));
#6352=CARTESIAN_POINT('',(0.003025,0.0311,0.003));
#6353=CARTESIAN_POINT('',(0.009525,0.0311,0.003));
#6354=CARTESIAN_POINT('',(0.003025,0.0316,0.003));
#6355=CARTESIAN_POINT('',(0.003025,0.0316,0.));
#6356=CARTESIAN_POINT('',(0.002525,0.0316,0.));
#6357=CARTESIAN_POINT('',(0.002525,0.0316,0.003));
#6358=CARTESIAN_POINT('',(0.002525,0.0316,0.003));
#6359=CARTESIAN_POINT('',(0.003025,0.0316,0.003));
#6360=CARTESIAN_POINT('',(-0.016025,0.0446,0.003));
#6361=CARTESIAN_POINT('',(-0.016025,0.0446,0.));
#6362=CARTESIAN_POINT('',(-0.016025,0.0451,0.));
#6363=CARTESIAN_POINT('',(-0.016525,0.0446,0.));
#6364=CARTESIAN_POINT('',(-0.016025,0.0451,0.003));
#6365=CARTESIAN_POINT('',(-0.016025,0.0451,0.003));
#6366=CARTESIAN_POINT('',(-0.016025,0.0446,0.003));
#6367=CARTESIAN_POINT('',(-0.016525,0.0446,0.003));
#6368=CARTESIAN_POINT('',(-0.016525,0.0446,0.003));
#6369=CARTESIAN_POINT('',(-0.009525,0.0451,0.003));
#6370=CARTESIAN_POINT('',(-0.009525,0.0451,0.));
#6371=CARTESIAN_POINT('',(-0.003025,0.0451,0.));
#6372=CARTESIAN_POINT('',(-0.003025,0.0451,0.003));
#6373=CARTESIAN_POINT('',(-0.003025,0.0451,0.003));
#6374=CARTESIAN_POINT('',(-0.009525,0.0451,0.003));
#6375=CARTESIAN_POINT('',(-0.003025,0.0446,0.003));
#6376=CARTESIAN_POINT('',(-0.003025,0.0446,0.));
#6377=CARTESIAN_POINT('',(-0.002525,0.0446,0.));
#6378=CARTESIAN_POINT('',(-0.002525,0.0446,0.003));
#6379=CARTESIAN_POINT('',(-0.002525,0.0446,0.003));
#6380=CARTESIAN_POINT('',(-0.003025,0.0446,0.003));
#6381=CARTESIAN_POINT('',(-0.002525,0.0381,0.003));
#6382=CARTESIAN_POINT('',(-0.002525,0.0381,0.));
#6383=CARTESIAN_POINT('',(-0.002525,0.0316,0.));
#6384=CARTESIAN_POINT('',(-0.002525,0.0316,0.003));
#6385=CARTESIAN_POINT('',(-0.002525,0.0316,0.003));
#6386=CARTESIAN_POINT('',(-0.002525,0.0381,0.003));
#6387=CARTESIAN_POINT('',(-0.003025,0.0316,0.003));
#6388=CARTESIAN_POINT('',(-0.003025,0.0316,0.));
#6389=CARTESIAN_POINT('',(-0.003025,0.0311,0.));
#6390=CARTESIAN_POINT('',(-0.003025,0.0311,0.003));
#6391=CARTESIAN_POINT('',(-0.003025,0.0311,0.003));
#6392=CARTESIAN_POINT('',(-0.003025,0.0316,0.003));
#6393=CARTESIAN_POINT('',(-0.009525,0.0311,0.003));
#6394=CARTESIAN_POINT('',(-0.009525,0.0311,0.));
#6395=CARTESIAN_POINT('',(-0.016025,0.0311,0.));
#6396=CARTESIAN_POINT('',(-0.016025,0.0311,0.003));
#6397=CARTESIAN_POINT('',(-0.016025,0.0311,0.003));
#6398=CARTESIAN_POINT('',(-0.009525,0.0311,0.003));
#6399=CARTESIAN_POINT('',(-0.016025,0.0316,0.003));
#6400=CARTESIAN_POINT('',(-0.016025,0.0316,0.));
#6401=CARTESIAN_POINT('',(-0.016525,0.0316,0.));
#6402=CARTESIAN_POINT('',(-0.016525,0.0316,0.003));
#6403=CARTESIAN_POINT('',(-0.016525,0.0316,0.003));
#6404=CARTESIAN_POINT('',(-0.016025,0.0316,0.003));
#6405=CARTESIAN_POINT('',(-0.035075,0.0446,0.003));
#6406=CARTESIAN_POINT('',(-0.035075,0.0446,0.));
#6407=CARTESIAN_POINT('',(-0.035075,0.0451,0.));
#6408=CARTESIAN_POINT('',(-0.035575,0.0446,0.));
#6409=CARTESIAN_POINT('',(-0.035075,0.0451,0.003));
#6410=CARTESIAN_POINT('',(-0.035075,0.0451,0.003));
#6411=CARTESIAN_POINT('',(-0.035075,0.0446,0.003));
#6412=CARTESIAN_POINT('',(-0.035575,0.0446,0.003));
#6413=CARTESIAN_POINT('',(-0.035575,0.0446,0.003));
#6414=CARTESIAN_POINT('',(-0.028575,0.0451,0.003));
#6415=CARTESIAN_POINT('',(-0.028575,0.0451,0.));
#6416=CARTESIAN_POINT('',(-0.022075,0.0451,0.));
#6417=CARTESIAN_POINT('',(-0.022075,0.0451,0.003));
#6418=CARTESIAN_POINT('',(-0.022075,0.0451,0.003));
#6419=CARTESIAN_POINT('',(-0.028575,0.0451,0.003));
#6420=CARTESIAN_POINT('',(-0.022075,0.0446,0.003));
#6421=CARTESIAN_POINT('',(-0.022075,0.0446,0.));
#6422=CARTESIAN_POINT('',(-0.021575,0.0446,0.));
#6423=CARTESIAN_POINT('',(-0.021575,0.0446,0.003));
#6424=CARTESIAN_POINT('',(-0.021575,0.0446,0.003));
#6425=CARTESIAN_POINT('',(-0.022075,0.0446,0.003));
#6426=CARTESIAN_POINT('',(-0.021575,0.0381,0.003));
#6427=CARTESIAN_POINT('',(-0.021575,0.0381,0.));
#6428=CARTESIAN_POINT('',(-0.021575,0.0316,0.));
#6429=CARTESIAN_POINT('',(-0.021575,0.0316,0.003));
#6430=CARTESIAN_POINT('',(-0.021575,0.0316,0.003));
#6431=CARTESIAN_POINT('',(-0.021575,0.0381,0.003));
#6432=CARTESIAN_POINT('',(-0.022075,0.0316,0.003));
#6433=CARTESIAN_POINT('',(-0.022075,0.0316,0.));
#6434=CARTESIAN_POINT('',(-0.022075,0.0311,0.));
#6435=CARTESIAN_POINT('',(-0.022075,0.0311,0.003));
#6436=CARTESIAN_POINT('',(-0.022075,0.0311,0.003));
#6437=CARTESIAN_POINT('',(-0.022075,0.0316,0.003));
#6438=CARTESIAN_POINT('',(-0.028575,0.0311,0.003));
#6439=CARTESIAN_POINT('',(-0.028575,0.0311,0.));
#6440=CARTESIAN_POINT('',(-0.035075,0.0311,0.));
#6441=CARTESIAN_POINT('',(-0.035075,0.0311,0.003));
#6442=CARTESIAN_POINT('',(-0.035075,0.0311,0.003));
#6443=CARTESIAN_POINT('',(-0.028575,0.0311,0.003));
#6444=CARTESIAN_POINT('',(-0.035075,0.0316,0.003));
#6445=CARTESIAN_POINT('',(-0.035075,0.0316,0.));
#6446=CARTESIAN_POINT('',(-0.035575,0.0316,0.));
#6447=CARTESIAN_POINT('',(-0.035575,0.0316,0.003));
#6448=CARTESIAN_POINT('',(-0.035575,0.0316,0.003));
#6449=CARTESIAN_POINT('',(-0.035075,0.0316,0.003));
#6450=CARTESIAN_POINT('',(0.002525,-0.0381,0.003));
#6451=CARTESIAN_POINT('',(0.002525,-0.0381,0.));
#6452=CARTESIAN_POINT('',(0.002525,-0.0381,0.003));
#6453=CARTESIAN_POINT('',(-0.010612,-0.0396,0.003));
#6454=CARTESIAN_POINT('',(-0.010612,-0.0396,0.));
#6455=CARTESIAN_POINT('',(-0.010612,-0.0396,0.003));
#6456=CARTESIAN_POINT('',(-0.034488,-0.0396,0.003));
#6457=CARTESIAN_POINT('',(-0.034488,-0.0396,0.));
#6458=CARTESIAN_POINT('',(-0.034488,-0.0396,0.003));
#6459=CARTESIAN_POINT('',(-0.02605,-0.0381,0.003));
#6460=CARTESIAN_POINT('',(-0.02605,-0.0381,0.));
#6461=CARTESIAN_POINT('',(-0.02605,-0.0381,0.003));
#6462=CARTESIAN_POINT('',(0.027075,-0.037013,0.003));
#6463=CARTESIAN_POINT('',(0.027075,-0.037013,0.));
#6464=CARTESIAN_POINT('',(0.027075,-0.037013,0.003));
#6465=CARTESIAN_POINT('',(0.027075,-0.013137,0.003));
#6466=CARTESIAN_POINT('',(0.027075,-0.013137,0.));
#6467=CARTESIAN_POINT('',(0.027075,-0.013137,0.003));
#6468=CARTESIAN_POINT('',(0.028575,-0.021575,0.003));
#6469=CARTESIAN_POINT('',(0.028575,-0.021575,0.));
#6470=CARTESIAN_POINT('',(0.028575,-0.021575,0.003));
#6471=CARTESIAN_POINT('',(0.002525,-0.01905,0.003));
#6472=CARTESIAN_POINT('',(0.002525,-0.01905,0.));
#6473=CARTESIAN_POINT('',(0.002525,-0.01905,0.003));
#6474=CARTESIAN_POINT('',(-0.016525,-0.01905,0.003));
#6475=CARTESIAN_POINT('',(-0.016525,-0.01905,0.));
#6476=CARTESIAN_POINT('',(-0.016525,-0.01905,0.003));
#6477=CARTESIAN_POINT('',(-0.035575,-0.01905,0.003));
#6478=CARTESIAN_POINT('',(-0.035575,-0.01905,0.));
#6479=CARTESIAN_POINT('',(-0.035575,-0.01905,0.003));
#6480=CARTESIAN_POINT('',(0.002525,0.,0.003));
#6481=CARTESIAN_POINT('',(0.002525,0.,0.));
#6482=CARTESIAN_POINT('',(0.002525,0.,0.003));
#6483=CARTESIAN_POINT('',(-0.016525,0.,0.003));
#6484=CARTESIAN_POINT('',(-0.016525,0.,0.));
#6485=CARTESIAN_POINT('',(-0.016525,0.,0.003));
#6486=CARTESIAN_POINT('',(-0.035575,0.,0.003));
#6487=CARTESIAN_POINT('',(-0.035575,0.,0.));
#6488=CARTESIAN_POINT('',(-0.035575,0.,0.003));
#6489=CARTESIAN_POINT('',(0.027075,0.001087,0.003));
#6490=CARTESIAN_POINT('',(0.027075,0.001087,0.));
#6491=CARTESIAN_POINT('',(0.027075,0.001087,0.003));
#6492=CARTESIAN_POINT('',(0.027075,0.024963,0.003));
#6493=CARTESIAN_POINT('',(0.027075,0.024963,0.));
#6494=CARTESIAN_POINT('',(0.027075,0.024963,0.003));
#6495=CARTESIAN_POINT('',(0.028575,0.016525,0.003));
#6496=CARTESIAN_POINT('',(0.028575,0.016525,0.));
#6497=CARTESIAN_POINT('',(0.028575,0.016525,0.003));
#6498=CARTESIAN_POINT('',(0.002525,0.01905,0.003));
#6499=CARTESIAN_POINT('',(0.002525,0.01905,0.));
#6500=CARTESIAN_POINT('',(0.002525,0.01905,0.003));
#6501=CARTESIAN_POINT('',(-0.016525,0.01905,0.003));
#6502=CARTESIAN_POINT('',(-0.016525,0.01905,0.));
#6503=CARTESIAN_POINT('',(-0.016525,0.01905,0.003));
#6504=CARTESIAN_POINT('',(-0.035575,0.01905,0.003));
#6505=CARTESIAN_POINT('',(-0.035575,0.01905,0.));
#6506=CARTESIAN_POINT('',(-0.035575,0.01905,0.003));
#6507=CARTESIAN_POINT('',(0.021575,0.0381,0.003));
#6508=CARTESIAN_POINT('',(0.021575,0.0381,0.));
#6509=CARTESIAN_POINT('',(0.021575,0.0381,0.003));
#6510=CARTESIAN_POINT('',(0.002525,0.0381,0.003));
#6511=CARTESIAN_POINT('',(0.002525,0.0381,0.));
#6512=CARTESIAN_POINT('',(0.002525,0.0381,0.003));
#6513=CARTESIAN_POINT('',(-0.016525,0.0381,0.003));
#6514=CARTESIAN_POINT('',(-0.016525,0.0381,0.));
#6515=CARTESIAN_POINT('',(-0.016525,0.0381,0.003));
#6516=CARTESIAN_POINT('',(-0.035575,0.0381,0.003));
#6517=CARTESIAN_POINT('',(-0.035575,0.0381,0.));
#6518=CARTESIAN_POINT('',(-0.035575,0.0381,0.003));
#6519=CARTESIAN_POINT('',(0.,0.047625,0.003));
#6520=CARTESIAN_POINT('',(0.,0.047625,0.));
#6521=CARTESIAN_POINT('',(0.,0.047625,0.003));
#6522=CARTESIAN_POINT('',(0.,0.,0.003));
#6523=CARTESIAN_POINT('',(0.,0.,0.));
#6524=MECHANICAL_DESIGN_GEOMETRIC_PRESENTATION_REPRESENTATION('',(#3877),
#6525);
#6525=(
GEOMETRIC_REPRESENTATION_CONTEXT(3)
GLOBAL_UNCERTAINTY_ASSIGNED_CONTEXT((#6526))
GLOBAL_UNIT_ASSIGNED_CONTEXT((#6529,#6528,#6527))
REPRESENTATION_CONTEXT('Part 1','TOP_LEVEL_ASSEMBLY_PART')
);
#6526=UNCERTAINTY_MEASURE_WITH_UNIT(LENGTH_MEASURE(1.E-8),#6529,
'DISTANCE_ACCURACY_VALUE','Maximum Tolerance applied to model');
#6527=(
NAMED_UNIT(*)
SI_UNIT($,.STERADIAN.)
SOLID_ANGLE_UNIT()
);
#6528=(
NAMED_UNIT(*)
PLANE_ANGLE_UNIT()
SI_UNIT($,.RADIAN.)
);
#6529=(
LENGTH_UNIT()
NAMED_UNIT(*)
SI_UNIT($,.METRE.)
);
#6530=PRODUCT_DEFINITION_SHAPE('','',#6531);
#6531=PRODUCT_DEFINITION('','',#6533,#6532);
#6532=PRODUCT_DEFINITION_CONTEXT('',#6539,'design');
#6533=PRODUCT_DEFINITION_FORMATION_WITH_SPECIFIED_SOURCE('','',#6535,
 .NOT_KNOWN.);
#6534=PRODUCT_RELATED_PRODUCT_CATEGORY('','',(#6535));
#6535=PRODUCT('Part 1','Part 1','Part 1',(#6537));
#6536=PRODUCT_CATEGORY('','');
#6537=PRODUCT_CONTEXT('',#6539,'mechanical');
#6538=APPLICATION_PROTOCOL_DEFINITION('international standard',
'ap242_managed_model_based_3d_engineering',2020,#6539);
#6539=APPLICATION_CONTEXT('managed model based 3d engineering');
ENDSEC;
END-ISO-10303-21;
